cohort,portfolio_type,portfolio_size,model,split,strategy,flexible_fraction,shift_hours,forecast_origins,mean_peak_reduction,median_peak_reduction,mean_peak_reduction_fraction,minimum_peak_reduction,mean_load_factor_change,total_shifted_energy,missed_events,false_interventions,interventions,rejected_interventions,maximum_energy_balance_error,mean_load_factor_before,peak_threshold_quantile
seen,ASHP,4,persistence,seen_test,reference_no_forecast,0.0,0,2312,0.0,0.0,0.0,0.0,0.0,0.0,957,0,0,0,0.0,0.25485450897454653,0.95
seen,ASHP,4,persistence,seen_test,median,0.05,1,2312,0.0,0.0,0.0,0.0,0.0,0.0,882,2,0,7315,0.0,0.25485450897454653,0.95
seen,ASHP,4,persistence,seen_test,median,0.05,2,2312,0.0,0.0,0.0,0.0,0.0,0.0,882,2,0,7315,0.0,0.25485450897454653,0.95
seen,ASHP,4,persistence,seen_test,median,0.05,3,2312,0.0,0.0,0.0,0.0,0.0,0.0,882,2,0,7315,0.0,0.25485450897454653,0.95
seen,ASHP,4,persistence,seen_test,median,0.1,1,2312,0.0,0.0,0.0,0.0,0.0,0.0,882,2,0,7315,0.0,0.25485450897454653,0.95
seen,ASHP,4,persistence,seen_test,median,0.1,2,2312,0.0,0.0,0.0,0.0,0.0,0.0,882,2,0,7315,0.0,0.25485450897454653,0.95
seen,ASHP,4,persistence,seen_test,median,0.1,3,2312,0.0,0.0,0.0,0.0,0.0,0.0,882,2,0,7315,0.0,0.25485450897454653,0.95
seen,ASHP,4,persistence,seen_test,median,0.15,1,2312,0.0,0.0,0.0,0.0,0.0,0.0,882,2,0,7315,0.0,0.25485450897454653,0.95
seen,ASHP,4,persistence,seen_test,median,0.15,2,2312,0.0,0.0,0.0,0.0,0.0,0.0,882,2,0,7315,0.0,0.25485450897454653,0.95
seen,ASHP,4,persistence,seen_test,median,0.15,3,2312,0.0,0.0,0.0,0.0,0.0,0.0,882,2,0,7315,0.0,0.25485450897454653,0.95
seen,ASHP,4,persistence,seen_test,median,0.2,1,2312,0.0,0.0,0.0,0.0,0.0,0.0,882,2,0,7315,0.0,0.25485450897454653,0.95
seen,ASHP,4,persistence,seen_test,median,0.2,2,2312,0.0,0.0,0.0,0.0,0.0,0.0,882,2,0,7315,0.0,0.25485450897454653,0.95
seen,ASHP,4,persistence,seen_test,median,0.2,3,2312,0.0,0.0,0.0,0.0,0.0,0.0,882,2,0,7315,0.0,0.25485450897454653,0.95
seen,ASHP,4,persistence,seen_test,conformal_upper_bound,0.05,1,2312,0.0024353806228373685,0.0,0.000571614523904071,-0.30200000000000005,0.00017164931748059025,626.8789000000005,480,248,4996,24631,5.684341886080802e-14,0.25485450897454653,0.95
seen,ASHP,4,persistence,seen_test,conformal_upper_bound,0.05,2,2312,0.005439987024221456,0.0,0.001356985121587455,-0.29700000000000015,0.00043174604786899907,758.4168500000006,480,248,5508,24119,5.684341886080802e-14,0.25485450897454653,0.95
seen,ASHP,4,persistence,seen_test,conformal_upper_bound,0.05,3,2312,0.004560748269896194,0.0,0.0011808421100336555,-0.48565000000000014,0.00040865242344415085,674.9095500000009,480,248,5082,24545,5.684341886080802e-14,0.25485450897454653,0.95
seen,ASHP,4,persistence,seen_test,conformal_upper_bound,0.1,1,2312,0.0023971453287197227,0.0,0.00048375098123238687,-0.35119999999999996,0.00011275949946730062,905.1422000000002,480,248,4614,25013,1.1368683772161603e-13,0.25485450897454653,0.95
seen,ASHP,4,persistence,seen_test,conformal_upper_bound,0.1,2,2312,0.0059214100346020775,0.0,0.0013420708100697755,-0.39939999999999953,0.00041803732872924517,1097.4956999999993,480,248,4887,24740,5.684341886080802e-14,0.25485450897454653,0.95
seen,ASHP,4,persistence,seen_test,conformal_upper_bound,0.1,3,2312,0.0027350778546712793,0.0,0.0005471755566413787,-0.6839999999999997,0.00016693005102966067,850.3917999999996,480,248,3968,25659,5.684341886080802e-14,0.25485450897454653,0.95
seen,ASHP,4,persistence,seen_test,conformal_upper_bound,0.15,1,2312,0.0011600129757785476,0.0,4.456384246711142e-05,-0.5066999999999999,-5.483959298985091e-05,1065.2565500000005,480,248,4551,25076,1.1368683772161603e-13,0.25485450897454653,0.95
seen,ASHP,4,persistence,seen_test,conformal_upper_bound,0.15,2,2312,0.00535473615916955,0.0,0.0011118766980177312,-0.5004,0.00033996306777093804,1293.1844499999993,480,248,4484,25143,2.842170943040401e-14,0.25485450897454653,0.95
seen,ASHP,4,persistence,seen_test,conformal_upper_bound,0.15,3,2312,0.0018468641868512117,0.0,0.0002348780541551345,-0.5390000000000006,4.860713504425587e-05,924.4933000000003,480,248,3509,26118,5.684341886080802e-14,0.25485450897454653,0.95
seen,ASHP,4,persistence,seen_test,conformal_upper_bound,0.2,1,2312,-3.114186851211095e-05,0.0,-0.00038622104773131094,-0.6626000000000003,-0.00020213458093990336,1140.1728000000005,480,248,4551,25076,1.1368683772161603e-13,0.25485450897454653,0.95
seen,ASHP,4,persistence,seen_test,conformal_upper_bound,0.2,2,2312,0.004349567474048443,0.0,0.0007510510527173957,-0.6400000000000001,0.00021743628461705342,1412.6069999999988,480,248,4308,25319,5.684341886080802e-14,0.25485450897454653,0.95
seen,ASHP,4,persistence,seen_test,conformal_upper_bound,0.2,3,2312,0.0008873702422145318,0.0,-0.00018081937417775508,-0.6642000000000001,-8.751273794581277e-05,957.6052000000002,480,248,3237,26390,5.684341886080802e-14,0.25485450897454653,0.95
seen,ASHP,4,seasonal_daily,seen_test,reference_no_forecast,0.0,0,2312,0.0,0.0,0.0,0.0,0.0,0.0,957,0,0,0,0.0,0.25485450897454653,0.95
seen,ASHP,4,seasonal_daily,seen_test,median,0.05,1,2312,0.03748832179930789,0.0,0.008988049863387687,-0.5663999999999998,0.002052765327756535,984.7582499999996,214,190,5409,1416,5.684341886080802e-14,0.25485450897454653,0.95
seen,ASHP,4,seasonal_daily,seen_test,median,0.05,2,2312,0.04079351211072663,0.0,0.009651017129394712,-0.9218999999999999,0.0023922300739515926,1119.8182500000005,214,190,5998,827,1.1368683772161603e-13,0.25485450897454653,0.95
seen,ASHP,4,seasonal_daily,seen_test,median,0.05,3,2312,0.04230787197231831,0.0,0.010065884383365671,-0.9218999999999999,0.002555681355674825,1148.5804,214,190,6109,716,1.1368683772161603e-13,0.25485450897454653,0.95
seen,ASHP,4,seasonal_daily,seen_test,median,0.1,1,2312,0.05784619377162626,0.0,0.013726974953417253,-1.1327999999999996,0.002739821603567259,1852.8541999999995,214,190,5260,1565,5.684341886080802e-14,0.25485450897454653,0.95
seen,ASHP,4,seasonal_daily,seen_test,median,0.1,2,2312,0.06672616782006922,0.0,0.015712462656456604,-1.637999999999999,0.0036616356253866018,2063.0553000000004,214,190,5664,1161,5.684341886080802e-14,0.25485450897454653,0.95
seen,ASHP,4,seasonal_daily,seen_test,median,0.1,3,2312,0.07179956747404853,0.0,0.01694943509720343,-1.637999999999999,0.004073515151349269,2084.3876,214,190,5659,1166,5.684341886080802e-14,0.25485450897454653,0.95
seen,ASHP,4,seasonal_daily,seen_test,median,0.15,1,2312,0.06296423010380622,0.0,0.014980607666053415,-1.637999999999999,0.002457756502333292,2587.5100999999972,214,190,5115,1710,5.684341886080802e-14,0.25485450897454653,0.95
seen,ASHP,4,seasonal_daily,seen_test,median,0.15,2,2312,0.07907283737024222,0.0,0.01848541879299727,-1.6380000000000008,0.00389409212098919,2834.974200000003,214,190,5321,1504,1.1368683772161603e-13,0.25485450897454653,0.95
seen,ASHP,4,seasonal_daily,seen_test,median,0.15,3,2312,0.08736980968858135,0.0,0.02045504626441292,-1.6380000000000008,0.004540412336291047,2822.6581500000025,214,190,5243,1582,1.1368683772161603e-13,0.25485450897454653,0.95
seen,ASHP,4,seasonal_daily,seen_test,median,0.2,1,2312,0.06351323529411765,0.0,0.01506492326271137,-1.646,0.001922438804977436,3204.8413999999993,214,190,4944,1881,5.684341886080802e-14,0.25485450897454653,0.95
seen,ASHP,4,seasonal_daily,seen_test,median,0.2,2,2312,0.08224230103806227,0.0,0.01902042501613955,-1.6380000000000008,0.0033315917990132896,3473.6651999999976,214,190,5073,1752,1.1368683772161603e-13,0.25485450897454653,0.95
seen,ASHP,4,seasonal_daily,seen_test,median,0.2,3,2312,0.0891987889273357,0.0,0.020334475000858613,-2.033999999999999,0.00382093914460018,3427.7542,214,190,4918,1907,5.684341886080802e-14,0.25485450897454653,0.95
seen,ASHP,4,seasonal_daily,seen_test,conformal_upper_bound,0.05,1,2312,0.051803179065743936,0.0,0.014631142785313751,-0.7878999999999996,0.0023947403949484912,2792.9730500000032,15,624,15538,6046,5.684341886080802e-14,0.25485450897454653,0.95
seen,ASHP,4,seasonal_daily,seen_test,conformal_upper_bound,0.05,2,2312,0.0650892733564014,0.0,0.017507181137399467,-1.3153999999999995,0.0034139113148930443,3237.3098499999996,15,624,17440,4144,5.684341886080802e-14,0.25485450897454653,0.95
seen,ASHP,4,seasonal_daily,seen_test,conformal_upper_bound,0.05,3,2312,0.06481418685121117,0.0,0.01741418451040145,-1.3153999999999995,0.003403124158993352,3360.6480999999994,15,624,17882,3702,5.684341886080802e-14,0.25485450897454653,0.95
seen,ASHP,4,seasonal_daily,seen_test,conformal_upper_bound,0.1,1,2312,0.07586098615916947,0.0,0.02125830048728248,-1.575800000000001,0.002374723937799554,4919.405200000003,15,624,14573,7011,5.684341886080802e-14,0.25485450897454653,0.95
seen,ASHP,4,seasonal_daily,seen_test,conformal_upper_bound,0.1,2,2312,0.09405358996539788,0.0,0.025183281793084246,-2.192000000000002,0.0034636766235661633,5559.0526,15,624,15737,5847,5.684341886080802e-14,0.25485450897454653,0.95
seen,ASHP,4,seasonal_daily,seen_test,conformal_upper_bound,0.1,3,2312,0.08688724048442902,0.0,0.022435136873806855,-2.192000000000002,0.00268460765435761,5573.625500000004,15,624,15558,6026,5.684341886080802e-14,0.25485450897454653,0.95
seen,ASHP,4,seasonal_daily,seen_test,conformal_upper_bound,0.15,1,2312,0.08146890138408304,0.0,0.022520845889557866,-2.1919999999999993,0.0010481891930934956,6525.76674999999,15,624,13800,7784,5.684341886080802e-14,0.25485450897454653,0.95
seen,ASHP,4,seasonal_daily,seen_test,conformal_upper_bound,0.15,2,2312,0.10143481833910035,0.0,0.026582966110338665,-2.1919999999999993,0.002000179650335335,7185.001649999999,15,624,14352,7232,5.684341886080802e-14,0.25485450897454653,0.95
seen,ASHP,4,seasonal_daily,seen_test,conformal_upper_bound,0.15,3,2312,0.09288933823529409,0.0,0.022040366991265294,-2.1919999999999993,0.001114411869988531,7014.719399999998,15,624,13733,7851,5.684341886080802e-14,0.25485450897454653,0.95
seen,ASHP,4,seasonal_daily,seen_test,conformal_upper_bound,0.2,1,2312,0.07820769896193773,0.0,0.02048695152941091,-2.192,-0.0005609363034597139,7729.768000000004,15,624,13157,8427,5.684341886080802e-14,0.25485450897454653,0.95
seen,ASHP,4,seasonal_daily,seen_test,conformal_upper_bound,0.2,2,2312,0.0994311418685122,0.0,0.02409821654918376,-2.192,0.00014717120919222849,8325.152799999998,15,624,13261,8323,5.684341886080802e-14,0.25485450897454653,0.95
seen,ASHP,4,seasonal_daily,seen_test,conformal_upper_bound,0.2,3,2312,0.08186202422145337,0.0,0.016413909843282677,-2.192,-0.0011648921054431883,7998.138000000006,15,624,12389,9195,1.1368683772161603e-13,0.25485450897454653,0.95
seen,ASHP,4,seasonal_weekly,seen_test,reference_no_forecast,0.0,0,2312,0.0,0.0,0.0,0.0,0.0,0.0,957,0,0,0,0.0,0.25485450897454653,0.95
seen,ASHP,4,seasonal_weekly,seen_test,median,0.05,1,2312,0.03513192041522491,0.0,0.008514020020470081,-0.43104999999999993,0.0018297847096841536,1012.8374499999991,235,206,5618,1674,5.684341886080802e-14,0.25485450897454653,0.95
seen,ASHP,4,seasonal_weekly,seen_test,median,0.05,2,2312,0.04228884083044978,0.0,0.010108394156314085,-0.52895,0.0024183206122312313,1135.8836499999989,235,206,6097,1195,5.684341886080802e-14,0.25485450897454653,0.95
seen,ASHP,4,seasonal_weekly,seen_test,median,0.05,3,2312,0.042352141003460166,0.0,0.010060354719565658,-0.6047500000000001,0.002431741445889841,1152.090999999999,235,206,6142,1150,5.684341886080802e-14,0.25485450897454653,0.95
seen,ASHP,4,seasonal_weekly,seen_test,median,0.1,1,2312,0.057289792387543156,0.0,0.013670666347251318,-0.7779999999999996,0.0025759516362675572,1843.2385999999974,235,206,5367,1925,1.1368683772161603e-13,0.25485450897454653,0.95
seen,ASHP,4,seasonal_weekly,seen_test,median,0.1,2,2312,0.06759230103806227,0.0,0.01570508461103549,-1.0579,0.003364044185570347,2023.9768999999992,235,206,5655,1637,5.684341886080802e-14,0.25485450897454653,0.95
seen,ASHP,4,seasonal_weekly,seen_test,median,0.1,3,2312,0.06579848615916944,0.0,0.015235847394365456,-1.2690000000000001,0.003195882562257613,2023.0017999999986,235,206,5593,1699,1.1368683772161603e-13,0.25485450897454653,0.95
seen,ASHP,4,seasonal_weekly,seen_test,median,0.15,1,2312,0.06722521626297587,0.0,0.015538472217230074,-1.4254999999999995,0.002293194619560472,2529.4934000000003,235,206,5143,2149,1.1368683772161603e-13,0.25485450897454653,0.95
seen,ASHP,4,seasonal_weekly,seen_test,median,0.15,2,2312,0.07669649653979238,0.0,0.017350837067715834,-1.58685,0.00308625415422527,2737.7472500000013,235,206,5261,2031,5.684341886080802e-14,0.25485450897454653,0.95
seen,ASHP,4,seasonal_weekly,seen_test,median,0.15,3,2312,0.06999913494809681,0.0,0.015746738309690707,-1.5953999999999997,0.0024366989203655053,2712.4215000000013,235,206,5131,2161,5.684341886080802e-14,0.25485450897454653,0.95
seen,ASHP,4,seasonal_weekly,seen_test,median,0.2,1,2312,0.06638425605536329,0.0,0.014831651124236137,-1.7279999999999998,0.001387065356162091,3100.2089999999985,235,206,4975,2317,1.1368683772161603e-13,0.25485450897454653,0.95
seen,ASHP,4,seasonal_weekly,seen_test,median,0.2,2,2312,0.08223313148788922,0.0,0.018057087047553193,-2.1158,0.002769785736820284,3318.062599999996,235,206,5025,2267,1.1368683772161603e-13,0.25485450897454653,0.95
seen,ASHP,4,seasonal_weekly,seen_test,median,0.2,3,2312,0.0683249134948097,0.0,0.014723318392058996,-2.1272,0.0015243706193647836,3255.0955999999974,235,206,4820,2472,1.1368683772161603e-13,0.25485450897454653,0.95
seen,ASHP,4,seasonal_weekly,seen_test,conformal_upper_bound,0.05,1,2312,0.05494411764705879,0.0,0.01636241878020495,-0.8320499999999997,0.002632151473634268,3045.6836000000008,0,649,17115,8561,5.684341886080802e-14,0.25485450897454653,0.95
seen,ASHP,4,seasonal_weekly,seen_test,conformal_upper_bound,0.05,2,2312,0.06996468425605529,0.0,0.019733945101652776,-1.3360000000000012,0.0036815202164391563,3505.5608999999977,0,649,19036,6640,5.684341886080802e-14,0.25485450897454653,0.95
seen,ASHP,4,seasonal_weekly,seen_test,conformal_upper_bound,0.05,3,2312,0.06767694636678195,0.0,0.018722986277193297,-1.1200000000000006,0.0033512014665737183,3598.396200000002,0,649,19322,6354,5.684341886080802e-14,0.25485450897454653,0.95
seen,ASHP,4,seasonal_weekly,seen_test,conformal_upper_bound,0.1,1,2312,0.08383269896193761,0.0,0.0245942430203733,-1.3359999999999994,0.0030247518563315725,5306.3404,0,649,16022,9654,5.684341886080802e-14,0.25485450897454653,0.95
seen,ASHP,4,seasonal_weekly,seen_test,conformal_upper_bound,0.1,2,2312,0.09843698096885808,0.0,0.026900202386740152,-1.3359999999999994,0.0034709306289034693,5904.375799999995,0,649,17006,8670,1.1368683772161603e-13,0.25485450897454653,0.95
seen,ASHP,4,seasonal_weekly,seen_test,conformal_upper_bound,0.1,3,2312,0.0923185986159169,0.0,0.024355503283402493,-1.4500000000000002,0.0028838203448002023,5881.735600000002,0,649,16661,9015,5.684341886080802e-14,0.25485450897454653,0.95
seen,ASHP,4,seasonal_weekly,seen_test,conformal_upper_bound,0.15,1,2312,0.09321980968858123,0.0,0.026445997413093305,-1.3359999999999994,0.0020192680404786906,6986.274600000015,0,649,15109,10567,5.684341886080802e-14,0.25485450897454653,0.95
seen,ASHP,4,seasonal_weekly,seen_test,conformal_upper_bound,0.15,2,2312,0.10762339965397917,0.0,0.027971874538219806,-1.3359999999999994,0.0019322677591707897,7554.866,0,649,15433,10243,5.684341886080802e-14,0.25485450897454653,0.95
seen,ASHP,4,seasonal_weekly,seen_test,conformal_upper_bound,0.15,3,2312,0.09248864619377158,0.0,0.021629475425331984,-1.5340000000000007,0.0005987421454972106,7371.194500000004,0,649,14723,10953,5.684341886080802e-14,0.25485450897454653,0.95
seen,ASHP,4,seasonal_weekly,seen_test,conformal_upper_bound,0.2,1,2312,0.091110294117647,0.0,0.024277232718844695,-1.4090000000000007,0.0007095188915990356,8179.873600000005,0,649,14359,11317,1.1368683772161603e-13,0.25485450897454653,0.95
seen,ASHP,4,seasonal_weekly,seen_test,conformal_upper_bound,0.2,2,2312,0.10846245674740478,0.0,0.026081539419701576,-1.4729999999999999,0.00035319629627685105,8680.452600000006,0,649,14181,11495,5.684341886080802e-14,0.25485450897454653,0.95
seen,ASHP,4,seasonal_weekly,seen_test,conformal_upper_bound,0.2,3,2312,0.07855294117647055,0.0,0.013081699575384749,-1.5594000000000001,-0.0018976726624935483,8365.534200000013,0,649,13318,12358,5.684341886080802e-14,0.25485450897454653,0.95
seen,ASHP,4,elastic_net,seen_test,reference_no_forecast,0.0,0,2312,0.0,0.0,0.0,0.0,0.0,0.0,957,0,0,0,0.0,0.25485450897454653,0.95
seen,ASHP,4,elastic_net,seen_test,median,0.05,1,2312,0.0,0.0,0.0,0.0,0.0,1.4745196169671226,938,0,52,973,1.1368683772161603e-13,0.25485450897454653,0.95
seen,ASHP,4,elastic_net,seen_test,median,0.05,2,2312,0.0,0.0,0.0,0.0,0.0,5.764143195011549,938,0,100,925,5.684341886080802e-14,0.25485450897454653,0.95
seen,ASHP,4,elastic_net,seen_test,median,0.05,3,2312,4.598126978928166e-06,0.0,8.031662845289373e-07,0.0,4.99491232977612e-07,11.924437978928802,938,0,140,885,1.1368683772161603e-13,0.25485450897454653,0.95
seen,ASHP,4,elastic_net,seen_test,median,0.1,1,2312,0.0,0.0,0.0,0.0,0.0,1.4745196169671226,938,0,52,973,1.1368683772161603e-13,0.25485450897454653,0.95
seen,ASHP,4,elastic_net,seen_test,median,0.1,2,2312,0.0,0.0,0.0,0.0,0.0,5.764143195011549,938,0,100,925,5.684341886080802e-14,0.25485450897454653,0.95
seen,ASHP,4,elastic_net,seen_test,median,0.1,3,2312,4.598126978928166e-06,0.0,8.031662845289373e-07,0.0,4.99491232977612e-07,12.261783930392193,938,0,140,885,1.1368683772161603e-13,0.25485450897454653,0.95
seen,ASHP,4,elastic_net,seen_test,median,0.15,1,2312,0.0,0.0,0.0,0.0,0.0,1.4745196169671226,938,0,52,973,1.1368683772161603e-13,0.25485450897454653,0.95
seen,ASHP,4,elastic_net,seen_test,median,0.15,2,2312,0.0,0.0,0.0,0.0,0.0,5.764143195011549,938,0,100,925,5.684341886080802e-14,0.25485450897454653,0.95
seen,ASHP,4,elastic_net,seen_test,median,0.15,3,2312,4.598126978928166e-06,0.0,8.031662845289373e-07,0.0,4.99491232977612e-07,12.261783930392193,938,0,140,885,1.1368683772161603e-13,0.25485450897454653,0.95
seen,ASHP,4,elastic_net,seen_test,median,0.2,1,2312,0.0,0.0,0.0,0.0,0.0,1.4745196169671226,938,0,52,973,1.1368683772161603e-13,0.25485450897454653,0.95
seen,ASHP,4,elastic_net,seen_test,median,0.2,2,2312,0.0,0.0,0.0,0.0,0.0,5.764143195011549,938,0,100,925,5.684341886080802e-14,0.25485450897454653,0.95
seen,ASHP,4,elastic_net,seen_test,median,0.2,3,2312,4.598126978928166e-06,0.0,8.031662845289373e-07,0.0,4.99491232977612e-07,12.261783930392193,938,0,140,885,1.1368683772161603e-13,0.25485450897454653,0.95
seen,ASHP,4,elastic_net,seen_test,conformal_upper_bound,0.05,1,2312,0.0031438269835996806,0.0,0.000691855612182207,-0.18279311429226208,0.000269838598587645,414.266868918796,559,39,3031,6781,5.684341886080802e-14,0.25485450897454653,0.95
seen,ASHP,4,elastic_net,seen_test,conformal_upper_bound,0.05,2,2312,0.0050162199347762474,0.0,0.0010802817594142734,-0.33428878802639606,0.0004351305900911484,475.8207591732548,559,39,3301,6511,5.684341886080802e-14,0.25485450897454653,0.95
seen,ASHP,4,elastic_net,seen_test,conformal_upper_bound,0.05,3,2312,0.004195621795765474,0.0,0.0008662434069205563,-0.5013738189683794,0.000356500982422573,462.92500211016596,559,39,3262,6550,5.684341886080802e-14,0.25485450897454653,0.95
seen,ASHP,4,elastic_net,seen_test,conformal_upper_bound,0.1,1,2312,0.003259909141364519,0.0,0.0006670657835416802,-0.35425350869121,0.00023787169750546171,664.2410812989033,559,39,2918,6894,1.1368683772161603e-13,0.25485450897454653,0.95
seen,ASHP,4,elastic_net,seen_test,conformal_upper_bound,0.1,2,2312,0.0065461320402566085,0.0,0.0013318021812049922,-0.6570463324168632,0.0005253591746728806,728.1946560980797,559,39,2925,6887,5.684341886080802e-14,0.25485450897454653,0.95
seen,ASHP,4,elastic_net,seen_test,conformal_upper_bound,0.1,3,2312,0.002962850801694925,0.0,0.0005070034374792105,-0.6527293095258568,0.00023335372461280303,622.6966860595303,559,39,2628,7184,5.684341886080802e-14,0.25485450897454653,0.95
seen,ASHP,4,elastic_net,seen_test,conformal_upper_bound,0.15,1,2312,0.0023161636409866947,0.0,0.0003819186950570107,-0.47517045093441057,9.293243096042095e-05,818.0843231498916,559,39,2905,6907,5.684341886080802e-14,0.25485450897454653,0.95
seen,ASHP,4,elastic_net,seen_test,conformal_upper_bound,0.15,2,2312,0.006240888757275495,0.0,0.0012022437000745382,-0.7104655021626085,0.0004729913984056623,866.3198822045316,559,39,2759,7053,1.1368683772161603e-13,0.25485450897454653,0.95
seen,ASHP,4,elastic_net,seen_test,conformal_upper_bound,0.15,3,2312,0.0020942738430733787,0.0,0.00022274389408541342,-0.7857796667126791,0.00012487406057061495,685.9644629725971,559,39,2335,7477,5.684341886080802e-14,0.25485450897454653,0.95
seen,ASHP,4,elastic_net,seen_test,conformal_upper_bound,0.2,1,2312,0.0019748827152377816,0.0,0.00026406612398870974,-0.6335606012458812,3.493023560661083e-05,889.3288992897157,559,39,2905,6907,5.684341886080802e-14,0.25485450897454653,0.95
seen,ASHP,4,elastic_net,seen_test,conformal_upper_bound,0.2,2,2312,0.0056602997526970225,0.0,0.0010346968757380518,-0.7104655021626085,0.00040633011887137785,946.9480892702993,559,39,2596,7216,1.1368683772161603e-13,0.25485450897454653,0.95
seen,ASHP,4,elastic_net,seen_test,conformal_upper_bound,0.2,3,2312,0.001467795602928192,0.0,5.298919583503573e-05,-0.7857796667126795,6.084483729163387e-05,718.01379308581,559,39,2136,7676,5.684341886080802e-14,0.25485450897454653,0.95
seen,ASHP,4,lightgbm,seen_test,reference_no_forecast,0.0,0,2312,0.0,0.0,0.0,0.0,0.0,0.0,957,0,0,0,0.0,0.25485450897454653,0.95
seen,ASHP,4,lightgbm,seen_test,median,0.05,1,2312,0.0,0.0,0.0,0.0,0.0,0.0,957,0,0,0,0.0,0.25485450897454653,0.95
seen,ASHP,4,lightgbm,seen_test,median,0.05,2,2312,0.0,0.0,0.0,0.0,0.0,0.0,957,0,0,0,0.0,0.25485450897454653,0.95
seen,ASHP,4,lightgbm,seen_test,median,0.05,3,2312,0.0,0.0,0.0,0.0,0.0,0.0,957,0,0,0,0.0,0.25485450897454653,0.95
seen,ASHP,4,lightgbm,seen_test,median,0.1,1,2312,0.0,0.0,0.0,0.0,0.0,0.0,957,0,0,0,0.0,0.25485450897454653,0.95
seen,ASHP,4,lightgbm,seen_test,median,0.1,2,2312,0.0,0.0,0.0,0.0,0.0,0.0,957,0,0,0,0.0,0.25485450897454653,0.95
seen,ASHP,4,lightgbm,seen_test,median,0.1,3,2312,0.0,0.0,0.0,0.0,0.0,0.0,957,0,0,0,0.0,0.25485450897454653,0.95
seen,ASHP,4,lightgbm,seen_test,median,0.15,1,2312,0.0,0.0,0.0,0.0,0.0,0.0,957,0,0,0,0.0,0.25485450897454653,0.95
seen,ASHP,4,lightgbm,seen_test,median,0.15,2,2312,0.0,0.0,0.0,0.0,0.0,0.0,957,0,0,0,0.0,0.25485450897454653,0.95
seen,ASHP,4,lightgbm,seen_test,median,0.15,3,2312,0.0,0.0,0.0,0.0,0.0,0.0,957,0,0,0,0.0,0.25485450897454653,0.95
seen,ASHP,4,lightgbm,seen_test,median,0.2,1,2312,0.0,0.0,0.0,0.0,0.0,0.0,957,0,0,0,0.0,0.25485450897454653,0.95
seen,ASHP,4,lightgbm,seen_test,median,0.2,2,2312,0.0,0.0,0.0,0.0,0.0,0.0,957,0,0,0,0.0,0.25485450897454653,0.95
seen,ASHP,4,lightgbm,seen_test,median,0.2,3,2312,0.0,0.0,0.0,0.0,0.0,0.0,957,0,0,0,0.0,0.25485450897454653,0.95
seen,ASHP,4,lightgbm,seen_test,conformal_upper_bound,0.05,1,2312,0.002493459693954862,0.0,0.0005572018829083544,-0.18481995893539338,0.00023398896054117874,510.53610795479557,604,76,3697,5764,5.684341886080802e-14,0.25485450897454653,0.95
seen,ASHP,4,lightgbm,seen_test,conformal_upper_bound,0.05,2,2312,0.0027780332389734787,0.0,0.000584943965677559,-0.43237476562869137,0.00025620053340208313,617.9426940154495,604,76,4145,5316,5.684341886080802e-14,0.25485450897454653,0.95
seen,ASHP,4,lightgbm,seen_test,conformal_upper_bound,0.05,3,2312,0.002723918522618355,0.0,0.000514073079645419,-0.5008824670429477,0.00023125202414539073,662.5297918466914,604,76,4377,5084,1.1368683772161603e-13,0.25485450897454653,0.95
seen,ASHP,4,lightgbm,seen_test,conformal_upper_bound,0.1,1,2312,0.00220410177524756,0.0,0.00044175037261001194,-0.33988291934235937,0.00018774809393503456,797.9503896422523,604,76,3505,5956,1.1368683772161603e-13,0.25485450897454653,0.95
seen,ASHP,4,lightgbm,seen_test,conformal_upper_bound,0.1,2,2312,0.0010836525408801166,0.0,4.001905011216353e-05,-0.712522827531382,3.1553753332212645e-05,952.0490116788834,604,76,3655,5806,1.1368683772161603e-13,0.25485450897454653,0.95
seen,ASHP,4,lightgbm,seen_test,conformal_upper_bound,0.1,3,2312,0.0009257848813679942,0.0,-2.162899183781328e-06,-0.6069546926043592,1.9412163519569938e-05,946.5924035448289,604,76,3602,5859,5.684341886080802e-14,0.25485450897454653,0.95
seen,ASHP,4,lightgbm,seen_test,conformal_upper_bound,0.15,1,2312,0.0012766130263726248,0.0,0.00016114519415070315,-0.498596995251122,6.658788748271258e-05,966.759560757927,604,76,3450,6011,1.1368683772161603e-13,0.25485450897454653,0.95
seen,ASHP,4,lightgbm,seen_test,conformal_upper_bound,0.15,2,2312,-0.0005316096810399993,0.0,-0.0004657515874982912,-0.972185890250139,-0.00018318164644399673,1146.1893486639701,604,76,3392,6069,1.1368683772161603e-13,0.25485450897454653,0.95
seen,ASHP,4,lightgbm,seen_test,conformal_upper_bound,0.15,3,2312,0.0006011094966376073,0.0,-0.00011998388525656142,-0.6139066901250221,-2.2703054057848858e-05,1062.2343293990969,604,76,3148,6313,5.684341886080802e-14,0.25485450897454653,0.95
seen,ASHP,4,lightgbm,seen_test,conformal_upper_bound,0.2,1,2312,0.0006781250792623887,0.0,-2.7356060367379644e-05,-0.6173732648500785,-1.0615749294218807e-05,1046.8647537687489,604,76,3436,6025,1.1368683772161603e-13,0.25485450897454653,0.95
seen,ASHP,4,lightgbm,seen_test,conformal_upper_bound,0.2,2,2312,-0.0018872888598269757,0.0,-0.0009128442199621839,-1.107512647968341,-0.00037406044424203645,1273.282384453795,604,76,3182,6279,5.684341886080802e-14,0.25485450897454653,0.95
seen,ASHP,4,lightgbm,seen_test,conformal_upper_bound,0.2,3,2312,-0.00021467756160776982,0.0,-0.00039582455235191233,-0.6301655671123774,-0.0001333739349823373,1126.0638810827747,604,76,2836,6625,5.684341886080802e-14,0.25485450897454653,0.95
seen,ASHP,10,persistence,seen_test,reference_no_forecast,0.0,0,2400,0.0,0.0,0.0,0.0,0.0,0.0,836,0,0,0,0.0,0.35804533222723206,0.95
seen,ASHP,10,persistence,seen_test,median,0.05,1,2400,0.0,0.0,0.0,0.0,0.0,0.0,722,0,0,10830,0.0,0.35804533222723206,0.95
seen,ASHP,10,persistence,seen_test,median,0.05,2,2400,0.0,0.0,0.0,0.0,0.0,0.0,722,0,0,10830,0.0,0.35804533222723206,0.95
seen,ASHP,10,persistence,seen_test,median,0.05,3,2400,0.0,0.0,0.0,0.0,0.0,0.0,722,0,0,10830,0.0,0.35804533222723206,0.95
seen,ASHP,10,persistence,seen_test,median,0.1,1,2400,0.0,0.0,0.0,0.0,0.0,0.0,722,0,0,10830,0.0,0.35804533222723206,0.95
seen,ASHP,10,persistence,seen_test,median,0.1,2,2400,0.0,0.0,0.0,0.0,0.0,0.0,722,0,0,10830,0.0,0.35804533222723206,0.95
seen,ASHP,10,persistence,seen_test,median,0.1,3,2400,0.0,0.0,0.0,0.0,0.0,0.0,722,0,0,10830,0.0,0.35804533222723206,0.95
seen,ASHP,10,persistence,seen_test,median,0.15,1,2400,0.0,0.0,0.0,0.0,0.0,0.0,722,0,0,10830,0.0,0.35804533222723206,0.95
seen,ASHP,10,persistence,seen_test,median,0.15,2,2400,0.0,0.0,0.0,0.0,0.0,0.0,722,0,0,10830,0.0,0.35804533222723206,0.95
seen,ASHP,10,persistence,seen_test,median,0.15,3,2400,0.0,0.0,0.0,0.0,0.0,0.0,722,0,0,10830,0.0,0.35804533222723206,0.95
seen,ASHP,10,persistence,seen_test,median,0.2,1,2400,0.0,0.0,0.0,0.0,0.0,0.0,722,0,0,10830,0.0,0.35804533222723206,0.95
seen,ASHP,10,persistence,seen_test,median,0.2,2,2400,0.0,0.0,0.0,0.0,0.0,0.0,722,0,0,10830,0.0,0.35804533222723206,0.95
seen,ASHP,10,persistence,seen_test,median,0.2,3,2400,0.0,0.0,0.0,0.0,0.0,0.0,722,0,0,10830,0.0,0.35804533222723206,0.95
seen,ASHP,10,persistence,seen_test,conformal_upper_bound,0.05,1,2400,0.001490979166666665,0.0,0.00016963919387138462,-0.41140000000000043,6.269652295846603e-05,969.3841999999987,347,132,4111,30598,1.1368683772161603e-13,0.35804533222723206,0.95
seen,ASHP,10,persistence,seen_test,conformal_upper_bound,0.05,2,2400,0.004725833333333328,0.0,0.0006448933529779924,-0.5549999999999997,0.00031737680512785953,1080.663849999999,347,132,4240,30469,2.2737367544323206e-13,0.35804533222723206,0.95
seen,ASHP,10,persistence,seen_test,conformal_upper_bound,0.05,3,2400,0.0032320624999999993,0.0,0.00043029327767507526,-0.5549999999999997,0.00021723166738288075,990.3181999999994,347,132,3772,30937,1.1368683772161603e-13,0.35804533222723206,0.95
seen,ASHP,10,persistence,seen_test,conformal_upper_bound,0.1,1,2400,0.0004566249999999935,0.0,-2.9807318378201482e-05,-0.6593,-3.805526267735596e-05,1319.6577999999986,347,132,3735,30974,1.1368683772161603e-13,0.35804533222723206,0.95
seen,ASHP,10,persistence,seen_test,conformal_upper_bound,0.1,2,2400,0.003737083333333327,0.0,0.0004767371122322878,-0.5549999999999997,0.0002218470682900886,1381.3496000000007,347,132,3591,31118,2.2737367544323206e-13,0.35804533222723206,0.95
seen,ASHP,10,persistence,seen_test,conformal_upper_bound,0.1,3,2400,0.0026008749999999964,0.0,0.0003152742694261405,-0.5549999999999997,0.00014797976076413494,1257.428599999999,347,132,3088,31621,1.1368683772161603e-13,0.35804533222723206,0.95
seen,ASHP,10,persistence,seen_test,conformal_upper_bound,0.15,1,2400,-0.0008920208333333412,0.0,-0.0002443840562469128,-0.9480000000000004,-0.00013905341215249224,1461.0604999999991,347,132,3678,31031,1.1368683772161603e-13,0.35804533222723206,0.95
seen,ASHP,10,persistence,seen_test,conformal_upper_bound,0.15,2,2400,0.003259166666666664,0.0,0.0004008313456829188,-0.5549999999999997,0.0001886568951547455,1478.4366999999995,347,132,3216,31493,2.2737367544323206e-13,0.35804533222723206,0.95
seen,ASHP,10,persistence,seen_test,conformal_upper_bound,0.15,3,2400,0.0019005833333333314,0.0,0.00019208150195280723,-0.5549999999999997,8.72315266207598e-05,1327.9708499999995,347,132,2783,31926,1.1368683772161603e-13,0.35804533222723206,0.95
seen,ASHP,10,persistence,seen_test,conformal_upper_bound,0.2,1,2400,-0.0011500000000000074,0.0,-0.00027917254902578957,-0.9480000000000004,-0.000157916656493029,1479.8169999999989,347,132,3678,31031,1.1368683772161603e-13,0.35804533222723206,0.95
seen,ASHP,10,persistence,seen_test,conformal_upper_bound,0.2,2,2400,0.0031808333333333294,0.0,0.000378275008071111,-0.5549999999999997,0.00017533245266411276,1527.499,347,132,3051,31658,2.2737367544323206e-13,0.35804533222723206,0.95
seen,ASHP,10,persistence,seen_test,conformal_upper_bound,0.2,3,2400,0.0015265833333333307,0.0,0.00012741873070924096,-0.8764000000000003,5.978562296419909e-05,1370.4689999999996,347,132,2571,32138,1.1368683772161603e-13,0.35804533222723206,0.95
seen,ASHP,10,seasonal_daily,seen_test,reference_no_forecast,0.0,0,2400,0.0,0.0,0.0,0.0,0.0,0.0,836,0,0,0,0.0,0.35804533222723206,0.95
seen,ASHP,10,seasonal_daily,seen_test,median,0.05,1,2400,0.0082255,0.0,0.0010649836266813438,-1.3729500000000012,0.0004644856946199146,2909.3527500000055,131,111,8413,4682,2.2737367544323206e-13,0.35804533222723206,0.95
seen,ASHP,10,seasonal_daily,seen_test,median,0.05,2,2400,0.011984083333333324,0.0,0.0013739928428412587,-1.7645499999999998,0.0006405186395304459,3528.9075999999995,131,111,9841,3254,2.2737367544323206e-13,0.35804533222723206,0.95
seen,ASHP,10,seasonal_daily,seen_test,median,0.05,3,2400,0.013804583333333358,0.0,0.0016109562815763883,-1.7645499999999998,0.0007701287218398533,3646.923199999999,131,111,9962,3133,2.2737367544323206e-13,0.35804533222723206,0.95
seen,ASHP,10,seasonal_daily,seen_test,median,0.1,1,2400,-0.012029833333333365,0.0,-0.00147971196600075,-2.0664000000000016,-0.0008909787477986697,4960.699899999996,131,111,7739,5356,2.2737367544323206e-13,0.35804533222723206,0.95
seen,ASHP,10,seasonal_daily,seen_test,median,0.1,2,2400,-0.011868541666666668,0.0,-0.0014829992385933365,-2.2109999999999985,-0.0008827626237408026,5799.881600000005,131,111,8524,4571,2.2737367544323206e-13,0.35804533222723206,0.95
seen,ASHP,10,seasonal_daily,seen_test,median,0.1,3,2400,-0.022808416666666585,0.0,-0.002799742616301247,-2.556999999999995,-0.0014326065159048558,5874.477000000006,131,111,8397,4698,2.2737367544323206e-13,0.35804533222723206,0.95
seen,ASHP,10,seasonal_daily,seen_test,median,0.15,1,2400,-0.03961741666666662,0.0,-0.004837082565491314,-3.0996000000000006,-0.002545688275441904,6434.079749999992,131,111,7230,5865,2.2737367544323206e-13,0.35804533222723206,0.95
seen,ASHP,10,seasonal_daily,seen_test,median,0.15,2,2400,-0.04577139583333329,0.0,-0.005476244267211503,-3.0996000000000006,-0.0027455257458217377,7386.075049999997,131,111,7669,5426,2.2737367544323206e-13,0.35804533222723206,0.95
seen,ASHP,10,seasonal_daily,seen_test,median,0.15,3,2400,-0.05932568750000018,0.0,-0.0078049096315121365,-3.2799999999999994,-0.0036107879737165643,7324.86544999999,131,111,7359,5736,2.2737367544323206e-13,0.35804533222723206,0.95
seen,ASHP,10,seasonal_daily,seen_test,median,0.2,1,2400,-0.07028783333333348,0.0,-0.008701253288832386,-3.844999999999999,-0.004331138572558236,7534.476000000006,131,111,6819,6276,2.2737367544323206e-13,0.35804533222723206,0.95
seen,ASHP,10,seasonal_daily,seen_test,median,0.2,2,2400,-0.07686383333333338,0.0,-0.009477329442103211,-3.844999999999999,-0.004563319761213573,8567.431000000008,131,111,7032,6063,2.2737367544323206e-13,0.35804533222723206,0.95
seen,ASHP,10,seasonal_daily,seen_test,median,0.2,3,2400,-0.09303091666666673,0.0,-0.012307740874571616,-3.2799999999999994,-0.0056229911548106295,8374.3326,131,111,6533,6562,2.2737367544323206e-13,0.35804533222723206,0.95
seen,ASHP,10,seasonal_daily,seen_test,conformal_upper_bound,0.05,1,2400,0.028633479166666653,0.0,0.0046120353187303915,-1.6587500000000013,0.0011154330487789348,5390.096500000016,10,503,15598,15277,2.2737367544323206e-13,0.35804533222723206,0.95
seen,ASHP,10,seasonal_daily,seen_test,conformal_upper_bound,0.05,2,2400,0.03354539583333332,0.0,0.005261817970235746,-1.7359999999999989,0.001424565676138485,6511.288699999998,10,503,18107,12768,2.2737367544323206e-13,0.35804533222723206,0.95
seen,ASHP,10,seasonal_daily,seen_test,conformal_upper_bound,0.05,3,2400,0.028990749999999985,0.0,0.004927295886536955,-3.0393000000000043,0.001259227470962164,6940.684149999996,10,503,18917,11958,2.2737367544323206e-13,0.35804533222723206,0.95
seen,ASHP,10,seasonal_daily,seen_test,conformal_upper_bound,0.1,1,2400,0.0024369166666666528,0.0,0.0013030548070604008,-2.4029999999999987,-0.0011625006635946516,8931.958500000017,10,503,14060,16815,2.2737367544323206e-13,0.35804533222723206,0.95
seen,ASHP,10,seasonal_daily,seen_test,conformal_upper_bound,0.1,2,2400,-0.005227916666666708,0.0,0.0004041204886279441,-3.2768000000000015,-0.0014780272828644552,10225.943800000006,10,503,15248,15627,2.2737367544323206e-13,0.35804533222723206,0.95
seen,ASHP,10,seasonal_daily,seen_test,conformal_upper_bound,0.1,3,2400,-0.007884708333333256,0.0,-0.0002111249597094883,-3.6140000000000025,-0.001730874363320396,10343.1629,10,503,14956,15919,2.2737367544323206e-13,0.35804533222723206,0.95
seen,ASHP,10,seasonal_daily,seen_test,conformal_upper_bound,0.15,1,2400,-0.03303016666666658,0.0,-0.0033686303178151297,-2.522000000000002,-0.0036120815650653526,11404.122949999999,10,503,13005,17870,2.2737367544323206e-13,0.35804533222723206,0.95
seen,ASHP,10,seasonal_daily,seen_test,conformal_upper_bound,0.15,2,2400,-0.0426675833333333,0.0,-0.005136184237133557,-3.613999999999999,-0.0042272339206484355,12536.090200000019,10,503,13377,17498,2.2737367544323206e-13,0.35804533222723206,0.95
seen,ASHP,10,seasonal_daily,seen_test,conformal_upper_bound,0.15,3,2400,-0.05744900000000007,0.0,-0.007645811049470536,-3.613999999999999,-0.005257166562705607,12524.310800000007,10,503,12880,17995,2.2737367544323206e-13,0.35804533222723206,0.95
seen,ASHP,10,seasonal_daily,seen_test,conformal_upper_bound,0.2,1,2400,-0.06530333333333332,0.0,-0.008009909817201349,-2.9250000000000007,-0.00582182757369343,13154.45040000002,10,503,12215,18660,2.2737367544323206e-13,0.35804533222723206,0.95
seen,ASHP,10,seasonal_daily,seen_test,conformal_upper_bound,0.2,2,2400,-0.08286025000000018,0.0,-0.011052606660782628,-3.6290000000000004,-0.007029766303207717,14189.1514,10,503,12124,18751,2.2737367544323206e-13,0.35804533222723206,0.95
seen,ASHP,10,seasonal_daily,seen_test,conformal_upper_bound,0.2,3,2400,-0.10104258333333353,0.0,-0.014170948244679992,-3.613999999999999,-0.008218084936141755,14050.748400000019,10,503,11490,19385,2.2737367544323206e-13,0.35804533222723206,0.95
seen,ASHP,10,seasonal_weekly,seen_test,reference_no_forecast,0.0,0,2400,0.0,0.0,0.0,0.0,0.0,0.0,836,0,0,0,0.0,0.35804533222723206,0.95
seen,ASHP,10,seasonal_weekly,seen_test,median,0.05,1,2400,0.0016558958333333352,0.0,0.00017034877002194238,-1.133000000000001,4.040207152513631e-06,2598.058900000001,186,159,7580,5658,2.2737367544323206e-13,0.35804533222723206,0.95
seen,ASHP,10,seasonal_weekly,seen_test,median,0.05,2,2400,0.002280854166666652,0.0,0.0004198089665712043,-1.4117500000000014,8.246934942372755e-05,3007.8502500000063,186,159,8516,4722,2.2737367544323206e-13,0.35804533222723206,0.95
seen,ASHP,10,seasonal_weekly,seen_test,median,0.05,3,2400,-0.0025853958333333445,0.0,-0.0003471677593855135,-1.7269999999999985,-0.00025775034977935246,3091.8210500000037,186,159,8635,4603,2.2737367544323206e-13,0.35804533222723206,0.95
seen,ASHP,10,seasonal_weekly,seen_test,median,0.1,1,2400,-0.024364583333333325,0.0,-0.003355942401302941,-1.6049999999999995,-0.0016679702826904949,4405.332600000007,186,159,6906,6332,1.1368683772161603e-13,0.35804533222723206,0.95
seen,ASHP,10,seasonal_weekly,seen_test,median,0.1,2,2400,-0.01868887499999996,0.0,-0.0026367320550886096,-2.6899999999999977,-0.0012435187794573703,4844.465200000008,186,159,7263,5975,2.2737367544323206e-13,0.35804533222723206,0.95
seen,ASHP,10,seasonal_weekly,seen_test,median,0.1,3,2400,-0.021560874999999965,0.0,-0.0030548756968954358,-3.361700000000001,-0.0013843126836601035,4966.2927000000045,186,159,7278,5960,2.2737367544323206e-13,0.35804533222723206,0.95
seen,ASHP,10,seasonal_weekly,seen_test,median,0.15,1,2400,-0.05960674999999989,0.0,-0.008108775058514659,-2.118899999999999,-0.003868161932461144,5719.795550000003,186,159,6438,6800,2.2737367544323206e-13,0.35804533222723206,0.95
seen,ASHP,10,seasonal_weekly,seen_test,median,0.15,2,2400,-0.053642479166666646,0.0,-0.00756988017086064,-2.882900000000003,-0.0034326390922608616,6180.145700000003,186,159,6550,6688,2.2737367544323206e-13,0.35804533222723206,0.95
seen,ASHP,10,seasonal_weekly,seen_test,median,0.15,3,2400,-0.05137272916666662,0.0,-0.0074036464832349476,-4.547000000000001,-0.003291596843857718,6323.660499999999,186,159,6458,6780,2.2737367544323206e-13,0.35804533222723206,0.95
seen,ASHP,10,seasonal_weekly,seen_test,median,0.2,1,2400,-0.09454466666666667,0.0,-0.012838456245800578,-2.748,-0.005942375169831138,6697.693799999992,186,159,6111,7127,2.2737367544323206e-13,0.35804533222723206,0.95
seen,ASHP,10,seasonal_weekly,seen_test,median,0.2,2,2400,-0.09147916666666664,0.0,-0.012762374564547785,-3.9092000000000002,-0.005740788608690366,7213.714800000002,186,159,6089,7149,2.2737367544323206e-13,0.35804533222723206,0.95
seen,ASHP,10,seasonal_weekly,seen_test,median,0.2,3,2400,-0.08799641666666677,0.0,-0.012447707864248118,-4.546999999999999,-0.005517574796263744,7360.526200000004,186,159,5952,7286,1.1368683772161603e-13,0.35804533222723206,0.95
seen,ASHP,10,seasonal_weekly,seen_test,conformal_upper_bound,0.05,1,2400,0.037801583333333326,0.0,0.006783368506915317,-1.4029499999999988,0.0012292314885597952,6782.531499999996,4,629,19922,21504,2.2737367544323206e-13,0.35804533222723206,0.95
seen,ASHP,10,seasonal_weekly,seen_test,conformal_upper_bound,0.05,2,2400,0.05326800000000006,0.0,0.00901678427321026,-2.4750000000000014,0.002349023045478873,7871.074700000006,4,629,22292,19134,1.1368683772161603e-13,0.35804533222723206,0.95
seen,ASHP,10,seasonal_weekly,seen_test,conformal_upper_bound,0.05,3,2400,0.050706812500000024,0.0,0.008742624621189401,-2.4749999999999996,0.0022948810278718194,8238.681549999994,4,629,22909,18517,1.1368683772161603e-13,0.35804533222723206,0.95
seen,ASHP,10,seasonal_weekly,seen_test,conformal_upper_bound,0.1,1,2400,0.025832958333333343,0.0,0.0058787434811403165,-2.4750000000000014,-0.0006222664996928984,11044.006699999989,4,629,17820,23606,2.2737367544323206e-13,0.35804533222723206,0.95
seen,ASHP,10,seasonal_weekly,seen_test,conformal_upper_bound,0.1,2,2400,0.0385786666666667,0.0,0.0072276470690330035,-2.474999999999998,0.00031838670313267885,12189.068699999987,4,629,18594,22832,2.2737367544323206e-13,0.35804533222723206,0.95
seen,ASHP,10,seasonal_weekly,seen_test,conformal_upper_bound,0.1,3,2400,0.030072791666666692,0.0,0.005536355069559024,-2.5820000000000007,-0.00020789016375095078,12203.152699999975,4,629,18119,23307,2.2737367544323206e-13,0.35804533222723206,0.95
seen,ASHP,10,seasonal_weekly,seen_test,conformal_upper_bound,0.15,1,2400,0.007425812499999959,0.0,0.0038809163017356476,-2.553,-0.0025854381883388083,13859.533699999989,4,629,16313,25113,2.2737367544323206e-13,0.35804533222723206,0.95
seen,ASHP,10,seasonal_weekly,seen_test,conformal_upper_bound,0.15,2,2400,0.01498479166666665,0.0,0.003973601537734231,-2.553,-0.0019740180162704252,14730.037800000007,4,629,16197,25229,2.2737367544323206e-13,0.35804533222723206,0.95
seen,ASHP,10,seasonal_weekly,seen_test,conformal_upper_bound,0.15,3,2400,0.004189000000000023,0.0,0.0014880948091177044,-2.5820000000000007,-0.0025968997659308003,14462.474649999984,4,629,15330,26096,2.2737367544323206e-13,0.35804533222723206,0.95
seen,ASHP,10,seasonal_weekly,seen_test,conformal_upper_bound,0.2,1,2400,-0.017910999999999906,0.0,3.08845567253755e-05,-2.619999999999999,-0.004613898481667889,15751.734400000003,4,629,15309,26117,2.2737367544323206e-13,0.35804533222723206,0.95
seen,ASHP,10,seasonal_weekly,seen_test,conformal_upper_bound,0.2,2,2400,-0.018159250000000005,0.0,-0.001481906878654887,-2.553,-0.004633242568420097,16426.441399999996,4,629,14559,26867,2.2737367544323206e-13,0.35804533222723206,0.95
seen,ASHP,10,seasonal_weekly,seen_test,conformal_upper_bound,0.2,3,2400,-0.029694999999999996,0.0,-0.004166965365710424,-3.0952,-0.004971527823078266,15984.365999999989,4,629,13578,27848,2.2737367544323206e-13,0.35804533222723206,0.95
seen,ASHP,10,elastic_net,seen_test,reference_no_forecast,0.0,0,2400,0.0,0.0,0.0,0.0,0.0,0.0,836,0,0,0,0.0,0.35804533222723206,0.95
seen,ASHP,10,elastic_net,seen_test,median,0.05,1,2400,-3.458914837207061e-05,0.0,-2.9720318579512183e-06,-0.14342968984808024,-2.6478799584121286e-06,17.58131297993294,752,0,279,3656,1.1368683772161603e-13,0.35804533222723206,0.95
seen,ASHP,10,elastic_net,seen_test,median,0.05,2,2400,5.907942162195923e-05,0.0,7.862895448370064e-06,-0.26279068625589197,4.914255963797132e-06,68.16995143793507,752,0,537,3398,2.2737367544323206e-13,0.35804533222723206,0.95
seen,ASHP,10,elastic_net,seen_test,median,0.05,3,2400,0.000590878628325695,0.0,5.9781478968040714e-05,-0.26279068625589197,3.75719647673615e-05,139.50302821180338,752,0,756,3179,2.2737367544323206e-13,0.35804533222723206,0.95
seen,ASHP,10,elastic_net,seen_test,median,0.1,1,2400,-3.458914837207061e-05,0.0,-2.9720318579512183e-06,-0.14342968984808024,-2.6478799584121286e-06,17.58131297993294,752,0,279,3656,1.1368683772161603e-13,0.35804533222723206,0.95
seen,ASHP,10,elastic_net,seen_test,median,0.1,2,2400,5.907942162195923e-05,0.0,7.862895448370064e-06,-0.26279068625589197,4.914255963797132e-06,68.30986062739804,752,0,537,3398,2.2737367544323206e-13,0.35804533222723206,0.95
seen,ASHP,10,elastic_net,seen_test,median,0.1,3,2400,0.0006109597591606031,0.0,6.210246034054511e-05,-0.26279068625589197,3.890960757085319e-05,149.0768146381536,752,0,754,3181,2.2737367544323206e-13,0.35804533222723206,0.95
seen,ASHP,10,elastic_net,seen_test,median,0.15,1,2400,-3.458914837207061e-05,0.0,-2.9720318579512183e-06,-0.14342968984808024,-2.6478799584121286e-06,17.58131297993294,752,0,279,3656,1.1368683772161603e-13,0.35804533222723206,0.95
seen,ASHP,10,elastic_net,seen_test,median,0.15,2,2400,5.907942162195923e-05,0.0,7.862895448370064e-06,-0.26279068625589197,4.914255963797132e-06,68.30986062739804,752,0,537,3398,2.2737367544323206e-13,0.35804533222723206,0.95
seen,ASHP,10,elastic_net,seen_test,median,0.15,3,2400,0.0006109597591606031,0.0,6.210246034054511e-05,-0.26279068625589197,3.890960757085319e-05,149.0768146381536,752,0,754,3181,2.2737367544323206e-13,0.35804533222723206,0.95
seen,ASHP,10,elastic_net,seen_test,median,0.2,1,2400,-3.458914837207061e-05,0.0,-2.9720318579512183e-06,-0.14342968984808024,-2.6478799584121286e-06,17.58131297993294,752,0,279,3656,1.1368683772161603e-13,0.35804533222723206,0.95
seen,ASHP,10,elastic_net,seen_test,median,0.2,2,2400,5.907942162195923e-05,0.0,7.862895448370064e-06,-0.26279068625589197,4.914255963797132e-06,68.30986062739804,752,0,537,3398,2.2737367544323206e-13,0.35804533222723206,0.95
seen,ASHP,10,elastic_net,seen_test,median,0.2,3,2400,0.0006109597591606031,0.0,6.210246034054511e-05,-0.26279068625589197,3.890960757085319e-05,149.0768146381536,752,0,754,3181,2.2737367544323206e-13,0.35804533222723206,0.95
seen,ASHP,10,elastic_net,seen_test,conformal_upper_bound,0.05,1,2400,0.0010835410282048832,0.0,0.0001343076842951257,-0.33731346534454687,6.716272799512998e-05,607.5679632678689,367,23,2677,16834,2.2737367544323206e-13,0.35804533222723206,0.95
seen,ASHP,10,elastic_net,seen_test,conformal_upper_bound,0.05,2,2400,0.002311828908469064,0.0,0.00026832583401118355,-0.39323403063243134,0.00014035492304382538,707.3020204328429,367,23,2858,16653,2.2737367544323206e-13,0.35804533222723206,0.95
seen,ASHP,10,elastic_net,seen_test,conformal_upper_bound,0.05,3,2400,0.002606491692184429,0.0,0.0002815262322349272,-0.650526286044343,0.0001571417180358973,800.1653048358627,367,23,3120,16391,2.2737367544323206e-13,0.35804533222723206,0.95
seen,ASHP,10,elastic_net,seen_test,conformal_upper_bound,0.1,1,2400,0.0008484260033562326,0.0,7.571552841667392e-05,-0.6264094621815834,3.121507141614188e-05,822.4119448350115,367,23,2529,16982,2.2737367544323206e-13,0.35804533222723206,0.95
seen,ASHP,10,elastic_net,seen_test,conformal_upper_bound,0.1,2,2400,0.002111716223296227,0.0,0.0002307721162793292,-0.6921985636411518,0.00011461288223685529,912.1808638243506,367,23,2461,17050,1.1368683772161603e-13,0.35804533222723206,0.95
seen,ASHP,10,elastic_net,seen_test,conformal_upper_bound,0.1,3,2400,0.001604834705954815,0.0,0.00012295870656101727,-0.9572315290349565,7.614503930317558e-05,1007.2105641511407,367,23,2570,16941,1.1368683772161603e-13,0.35804533222723206,0.95
seen,ASHP,10,elastic_net,seen_test,conformal_upper_bound,0.15,1,2400,0.0003911855785701335,0.0,1.9087367579399397e-07,-0.6381757415851474,-8.154236758031175e-06,874.2845586516796,367,23,2525,16986,2.2737367544323206e-13,0.35804533222723206,0.95
seen,ASHP,10,elastic_net,seen_test,conformal_upper_bound,0.15,2,2400,0.001756556257035855,0.0,0.00017885981025073054,-0.721967917963144,8.393993311959965e-05,992.5893489287528,367,23,2295,17216,2.2737367544323206e-13,0.35804533222723206,0.95
seen,ASHP,10,elastic_net,seen_test,conformal_upper_bound,0.15,3,2400,0.0004971194741302062,0.0,-1.4325227297618762e-05,-0.9572315290349565,5.32754296543203e-06,1080.025007502998,367,23,2345,17166,2.2737367544323206e-13,0.35804533222723206,0.95
seen,ASHP,10,elastic_net,seen_test,conformal_upper_bound,0.2,1,2400,0.00024198555029104766,0.0,-2.4220803658183386e-05,-0.7471815775227677,-2.0286443671722054e-05,876.3703403892539,367,23,2525,16986,2.2737367544323206e-13,0.35804533222723206,0.95
seen,ASHP,10,elastic_net,seen_test,conformal_upper_bound,0.2,2,2400,0.0013970316935971215,0.0,0.00012625389497023036,-0.721967917963144,5.57635361974936e-05,1011.6213018502385,367,23,2269,17242,2.2737367544323206e-13,0.35804533222723206,0.95
seen,ASHP,10,elastic_net,seen_test,conformal_upper_bound,0.2,3,2400,0.0002374999373710666,0.0,-4.8366743515131025e-05,-0.9572315290349565,-1.3100742418951465e-05,1109.7037584382213,367,23,2259,17252,2.2737367544323206e-13,0.35804533222723206,0.95
seen,ASHP,10,lightgbm,seen_test,reference_no_forecast,0.0,0,2400,0.0,0.0,0.0,0.0,0.0,0.0,836,0,0,0,0.0,0.35804533222723206,0.95
seen,ASHP,10,lightgbm,seen_test,median,0.05,1,2400,0.0,0.0,0.0,0.0,0.0,0.0,836,0,0,0,0.0,0.35804533222723206,0.95
seen,ASHP,10,lightgbm,seen_test,median,0.05,2,2400,0.0,0.0,0.0,0.0,0.0,0.0,836,0,0,0,0.0,0.35804533222723206,0.95
seen,ASHP,10,lightgbm,seen_test,median,0.05,3,2400,0.0,0.0,0.0,0.0,0.0,0.0,836,0,0,0,0.0,0.35804533222723206,0.95
seen,ASHP,10,lightgbm,seen_test,median,0.1,1,2400,0.0,0.0,0.0,0.0,0.0,0.0,836,0,0,0,0.0,0.35804533222723206,0.95
seen,ASHP,10,lightgbm,seen_test,median,0.1,2,2400,0.0,0.0,0.0,0.0,0.0,0.0,836,0,0,0,0.0,0.35804533222723206,0.95
seen,ASHP,10,lightgbm,seen_test,median,0.1,3,2400,0.0,0.0,0.0,0.0,0.0,0.0,836,0,0,0,0.0,0.35804533222723206,0.95
seen,ASHP,10,lightgbm,seen_test,median,0.15,1,2400,0.0,0.0,0.0,0.0,0.0,0.0,836,0,0,0,0.0,0.35804533222723206,0.95
seen,ASHP,10,lightgbm,seen_test,median,0.15,2,2400,0.0,0.0,0.0,0.0,0.0,0.0,836,0,0,0,0.0,0.35804533222723206,0.95
seen,ASHP,10,lightgbm,seen_test,median,0.15,3,2400,0.0,0.0,0.0,0.0,0.0,0.0,836,0,0,0,0.0,0.35804533222723206,0.95
seen,ASHP,10,lightgbm,seen_test,median,0.2,1,2400,0.0,0.0,0.0,0.0,0.0,0.0,836,0,0,0,0.0,0.35804533222723206,0.95
seen,ASHP,10,lightgbm,seen_test,median,0.2,2,2400,0.0,0.0,0.0,0.0,0.0,0.0,836,0,0,0,0.0,0.35804533222723206,0.95
seen,ASHP,10,lightgbm,seen_test,median,0.2,3,2400,0.0,0.0,0.0,0.0,0.0,0.0,836,0,0,0,0.0,0.35804533222723206,0.95
seen,ASHP,10,lightgbm,seen_test,conformal_upper_bound,0.05,1,2400,0.000697719590427958,0.0,0.00010209931727348097,-0.35836831567763916,5.641191372224815e-05,707.7580204122119,446,19,2980,11570,2.2737367544323206e-13,0.35804533222723206,0.95
seen,ASHP,10,lightgbm,seen_test,conformal_upper_bound,0.05,2,2400,0.0016705846041141803,0.0,0.0001806487922500989,-0.5784738100744651,0.00010614950025868097,1004.9828206853903,446,19,3726,10824,2.2737367544323206e-13,0.35804533222723206,0.95
seen,ASHP,10,lightgbm,seen_test,conformal_upper_bound,0.05,3,2400,0.002067564482767057,0.0,0.0002307027717549894,-0.8305010439684786,0.00012679149883624064,1153.6532401978116,446,19,4025,10525,2.2737367544323206e-13,0.35804533222723206,0.95
seen,ASHP,10,lightgbm,seen_test,conformal_upper_bound,0.1,1,2400,-0.000394655288605094,0.0,-6.1010308533030085e-05,-0.6653343997155003,-2.9391477896657154e-05,948.672200230781,446,19,2756,11794,2.2737367544323206e-13,0.35804533222723206,0.95
seen,ASHP,10,lightgbm,seen_test,conformal_upper_bound,0.1,2,2400,-0.0011107743931219939,0.0,-0.0001842052179934786,-1.064707576744314,-9.337091383689729e-05,1355.7261310716165,446,19,3148,11402,2.2737367544323206e-13,0.35804533222723206,0.95
seen,ASHP,10,lightgbm,seen_test,conformal_upper_bound,0.1,3,2400,0.0016716581117679618,0.0,0.00015456440712233963,-1.1622721534137348,8.792220116404792e-05,1534.8963369109074,446,19,3263,11287,2.2737367544323206e-13,0.35804533222723206,0.95
seen,ASHP,10,lightgbm,seen_test,conformal_upper_bound,0.15,1,2400,-0.0008175278232702292,0.0,-0.0001284332708385522,-0.6882844944708681,-6.504484859367684e-05,1017.1547489354236,446,19,2714,11836,2.2737367544323206e-13,0.35804533222723206,0.95
seen,ASHP,10,lightgbm,seen_test,conformal_upper_bound,0.15,2,2400,-0.002881705338816119,0.0,-0.00040974920234944904,-1.097347410014911,-0.00021527371154022034,1508.5521864414368,446,19,2906,11644,2.2737367544323206e-13,0.35804533222723206,0.95
seen,ASHP,10,lightgbm,seen_test,conformal_upper_bound,0.15,3,2400,0.0006509312250228704,0.0,8.588146697047291e-06,-1.162272153413733,1.2177142896992639e-06,1696.4115031828112,446,19,2890,11660,2.2737367544323206e-13,0.35804533222723206,0.95
seen,ASHP,10,lightgbm,seen_test,conformal_upper_bound,0.2,1,2400,-0.0008688476910056057,0.0,-0.0001358245605200017,-0.6882844944708681,-6.972697190486581e-05,1030.6471455407293,446,19,2712,11838,2.2737367544323206e-13,0.35804533222723206,0.95
seen,ASHP,10,lightgbm,seen_test,conformal_upper_bound,0.2,2,2400,-0.0037153468034280585,0.0,-0.0005167544227372777,-1.3552452947570313,-0.0002735895572048719,1581.5525907832746,446,19,2791,11759,2.2737367544323206e-13,0.35804533222723206,0.95
seen,ASHP,10,lightgbm,seen_test,conformal_upper_bound,0.2,3,2400,-0.0003745734733678282,0.0,-0.00013301999521392994,-1.3131881643866912,-7.427543939674782e-05,1772.2708001742085,446,19,2732,11818,2.2737367544323206e-13,0.35804533222723206,0.95
seen,GSHP,4,persistence,seen_test,reference_no_forecast,0.0,0,1150,0.0,0.0,0.0,0.0,0.0,0.0,464,0,0,0,0.0,0.26255564077566856,0.95
seen,GSHP,4,persistence,seen_test,median,0.05,1,1150,0.0,0.0,0.0,0.0,0.0,0.0,423,0,0,3895,0.0,0.26255564077566856,0.95
seen,GSHP,4,persistence,seen_test,median,0.05,2,1150,0.0,0.0,0.0,0.0,0.0,0.0,423,0,0,3895,0.0,0.26255564077566856,0.95
seen,GSHP,4,persistence,seen_test,median,0.05,3,1150,0.0,0.0,0.0,0.0,0.0,0.0,423,0,0,3895,0.0,0.26255564077566856,0.95
seen,GSHP,4,persistence,seen_test,median,0.1,1,1150,0.0,0.0,0.0,0.0,0.0,0.0,423,0,0,3895,0.0,0.26255564077566856,0.95
seen,GSHP,4,persistence,seen_test,median,0.1,2,1150,0.0,0.0,0.0,0.0,0.0,0.0,423,0,0,3895,0.0,0.26255564077566856,0.95
seen,GSHP,4,persistence,seen_test,median,0.1,3,1150,0.0,0.0,0.0,0.0,0.0,0.0,423,0,0,3895,0.0,0.26255564077566856,0.95
seen,GSHP,4,persistence,seen_test,median,0.15,1,1150,0.0,0.0,0.0,0.0,0.0,0.0,423,0,0,3895,0.0,0.26255564077566856,0.95
seen,GSHP,4,persistence,seen_test,median,0.15,2,1150,0.0,0.0,0.0,0.0,0.0,0.0,423,0,0,3895,0.0,0.26255564077566856,0.95
seen,GSHP,4,persistence,seen_test,median,0.15,3,1150,0.0,0.0,0.0,0.0,0.0,0.0,423,0,0,3895,0.0,0.26255564077566856,0.95
seen,GSHP,4,persistence,seen_test,median,0.2,1,1150,0.0,0.0,0.0,0.0,0.0,0.0,423,0,0,3895,0.0,0.26255564077566856,0.95
seen,GSHP,4,persistence,seen_test,median,0.2,2,1150,0.0,0.0,0.0,0.0,0.0,0.0,423,0,0,3895,0.0,0.26255564077566856,0.95
seen,GSHP,4,persistence,seen_test,median,0.2,3,1150,0.0,0.0,0.0,0.0,0.0,0.0,423,0,0,3895,0.0,0.26255564077566856,0.95
seen,GSHP,4,persistence,seen_test,conformal_upper_bound,0.05,1,1150,-0.0002308260869565051,0.0,-0.00014409852567346288,-0.36140000000000017,-9.208744694334478e-05,312.9604499999907,166,154,3782,24973,2.842170943040401e-14,0.26255564077566856,0.95
seen,GSHP,4,persistence,seen_test,conformal_upper_bound,0.05,2,1150,-0.0004744782608695175,0.0,-0.0001854987908013488,-0.36140000000000017,-8.967197287708349e-05,367.54854999999145,166,154,4215,24540,2.842170943040401e-14,0.26255564077566856,0.95
seen,GSHP,4,persistence,seen_test,conformal_upper_bound,0.05,3,1150,0.00023643478260871594,0.0,0.00011453411420796668,-0.30264999999999365,1.1813044753807844e-05,405.3357999999922,166,154,4340,24415,2.842170943040401e-14,0.26255564077566856,0.95
seen,GSHP,4,persistence,seen_test,conformal_upper_bound,0.1,1,1150,-0.0006593043478260451,0.0,-0.0003146352473247897,-0.42164999999999386,-0.000145342088017554,367.17979999998846,166,154,3100,25655,2.842170943040401e-14,0.26255564077566856,0.95
seen,GSHP,4,persistence,seen_test,conformal_upper_bound,0.1,2,1150,-0.0010785652173912446,0.0,-0.00044043668205607345,-0.42164999999999386,-0.00016001274072323214,444.6706999999898,166,154,3316,25439,2.842170943040401e-14,0.26255564077566856,0.95
seen,GSHP,4,persistence,seen_test,conformal_upper_bound,0.1,3,1150,-0.0008351304347825663,0.0,-0.0003301460303180775,-0.30264999999999365,-0.00015516568444977368,488.3341999999908,166,154,3312,25443,5.684341886080802e-14,0.26255564077566856,0.95
seen,GSHP,4,persistence,seen_test,conformal_upper_bound,0.15,1,1150,-0.0012396956521738426,0.0,-0.0005447985164197774,-0.42164999999999386,-0.00021804636375444045,384.7143499999877,166,154,2929,25826,2.842170943040401e-14,0.26255564077566856,0.95
seen,GSHP,4,persistence,seen_test,conformal_upper_bound,0.15,2,1150,-0.0019253913043477226,0.0,-0.0007730269029137072,-0.42164999999999386,-0.000270765485883371,486.0809999999887,166,154,2995,25760,2.842170943040401e-14,0.26255564077566856,0.95
seen,GSHP,4,persistence,seen_test,conformal_upper_bound,0.15,3,1150,-0.0012333043478260002,0.0,-0.0005012712927490635,-0.3676499999999936,-0.0002150899712820398,522.0367999999893,166,154,2939,25816,2.842170943040401e-14,0.26255564077566856,0.95
seen,GSHP,4,persistence,seen_test,conformal_upper_bound,0.2,1,1150,-0.0017239130434781858,0.0,-0.0007749181381350402,-0.4522000000000004,-0.00027245829011462774,390.18744999998756,166,154,2883,25872,2.842170943040401e-14,0.26255564077566856,0.95
seen,GSHP,4,persistence,seen_test,conformal_upper_bound,0.2,2,1150,-0.0026838260869563916,0.0,-0.0011006228893644112,-0.4522000000000004,-0.0003670601772140621,499.75544999998795,166,154,2940,25815,2.842170943040401e-14,0.26255564077566856,0.95
seen,GSHP,4,persistence,seen_test,conformal_upper_bound,0.2,3,1150,-0.0014192173913042294,0.0,-0.0005792118489810172,-0.3676499999999936,-0.0002453029709342109,534.4473499999897,166,154,2724,26031,2.842170943040401e-14,0.26255564077566856,0.95
seen,GSHP,4,seasonal_daily,seen_test,reference_no_forecast,0.0,0,1150,0.0,0.0,0.0,0.0,0.0,0.0,464,0,0,0,0.0,0.26255564077566856,0.95
seen,GSHP,4,seasonal_daily,seen_test,median,0.05,1,1150,0.003577652173913059,0.0,0.001075483747829869,-0.5268499999999996,0.0003215202611390257,441.41064999999975,92,63,2920,69,5.684341886080802e-14,0.26255564077566856,0.95
seen,GSHP,4,seasonal_daily,seen_test,median,0.05,2,1150,8.300000000000332e-05,0.0,0.00011611250592543326,-0.6998499999999996,-0.00011901266917586484,454.16395,92,63,2982,7,5.684341886080802e-14,0.26255564077566856,0.95
seen,GSHP,4,seasonal_daily,seen_test,median,0.05,3,1150,-0.0006458695652173871,0.0,-7.515117805005117e-05,-0.8038999999999996,-0.00022122838192385446,454.7722,92,63,2986,3,5.684341886080802e-14,0.26255564077566856,0.95
seen,GSHP,4,seasonal_daily,seen_test,median,0.1,1,1150,-0.009346260869565129,0.0,-0.002793420705607744,-1.0537,-0.001429427672774923,856.153499999999,92,63,2888,101,5.684341886080802e-14,0.26255564077566856,0.95
seen,GSHP,4,seasonal_daily,seen_test,median,0.1,2,1150,-0.024347260869565148,0.0,-0.006878676373394895,-1.1076499999999943,-0.003064110682686305,885.0990999999998,92,63,2942,47,5.684341886080802e-14,0.26255564077566856,0.95
seen,GSHP,4,seasonal_daily,seen_test,median,0.1,3,1150,-0.020580173913043388,0.0,-0.005832411188293255,-1.6078000000000001,-0.0025595824458087405,885.2771499999996,92,63,2946,43,5.684341886080802e-14,0.26255564077566856,0.95
seen,GSHP,4,seasonal_daily,seen_test,median,0.15,1,1150,-0.031224391304347638,0.0,-0.00926084498282273,-1.1076499999999943,-0.004188853531319706,1225.7048499999978,92,63,2823,166,5.684341886080802e-14,0.26255564077566856,0.95
seen,GSHP,4,seasonal_daily,seen_test,median,0.15,2,1150,-0.05237943478260846,0.0,-0.015136403834571922,-1.5115499999999997,-0.006244920239472895,1267.7835999999986,92,63,2873,116,5.684341886080802e-14,0.26255564077566856,0.95
seen,GSHP,4,seasonal_daily,seen_test,median,0.15,3,1150,-0.04537347826086938,0.0,-0.013067787069878073,-2.0066499999999943,-0.005336473901918255,1261.8336999999988,92,63,2856,133,5.684341886080802e-14,0.26255564077566856,0.95
seen,GSHP,4,seasonal_daily,seen_test,median,0.2,1,1150,-0.05304856521739104,0.0,-0.015839762754022407,-1.2694,-0.00676760192221477,1556.7318999999977,92,63,2772,217,2.842170943040401e-14,0.26255564077566856,0.95
seen,GSHP,4,seasonal_daily,seen_test,median,0.2,2,1150,-0.0831618260869563,0.0,-0.02442369996334351,-2.0154000000000005,-0.009492757912273548,1605.9624499999989,92,63,2785,204,5.684341886080802e-14,0.26255564077566856,0.95
seen,GSHP,4,seasonal_daily,seen_test,median,0.2,3,1150,-0.07100669565217367,0.0,-0.020724161186542342,-2.253,-0.008059903400651809,1590.1624999999997,92,63,2750,239,5.684341886080802e-14,0.26255564077566856,0.95
seen,GSHP,4,seasonal_daily,seen_test,conformal_upper_bound,0.05,1,1150,0.004605217391304395,0.0,0.00211281071111623,-0.7458,-6.703913744153713e-05,1842.2956999999951,4,313,11900,2303,5.684341886080802e-14,0.26255564077566856,0.95
seen,GSHP,4,seasonal_daily,seen_test,conformal_upper_bound,0.05,2,1150,-0.004221913043478057,0.0,-0.000440495303426481,-1.114649999999994,-0.0009558475381239215,2046.8594499999992,4,313,12974,1229,5.684341886080802e-14,0.26255564077566856,0.95
seen,GSHP,4,seasonal_daily,seen_test,conformal_upper_bound,0.05,3,1150,0.003424304347826297,0.0,0.0020220923292039936,-1.114649999999994,-6.946426157573233e-05,2116.593499999998,4,313,13275,928,5.684341886080802e-14,0.26255564077566856,0.95
seen,GSHP,4,seasonal_daily,seen_test,conformal_upper_bound,0.1,1,1150,-0.020311652173912592,0.0,-0.005551919521148768,-1.114649999999993,-0.003237445744651357,3267.568699999991,4,313,11229,2974,5.684341886080802e-14,0.26255564077566856,0.95
seen,GSHP,4,seasonal_daily,seen_test,conformal_upper_bound,0.1,2,1150,-0.027884304347825392,0.0,-0.007997376522562107,-1.2892999999999994,-0.0038715323331822396,3481.380499999993,4,313,11593,2610,5.684341886080802e-14,0.26255564077566856,0.95
seen,GSHP,4,seasonal_daily,seen_test,conformal_upper_bound,0.1,3,1150,-0.021464913043477606,0.0,-0.006063622100146935,-1.3626499999999937,-0.00307656708859717,3556.1769999999933,4,313,11667,2536,5.684341886080802e-14,0.26255564077566856,0.95
seen,GSHP,4,seasonal_daily,seen_test,conformal_upper_bound,0.15,1,1150,-0.04797443478260787,0.0,-0.014916606610412076,-1.4306499999999938,-0.006387927294857718,4343.999349999982,4,313,10598,3605,5.684341886080802e-14,0.26255564077566856,0.95
seen,GSHP,4,seasonal_daily,seen_test,conformal_upper_bound,0.15,2,1150,-0.05760121739130335,0.0,-0.0185007949355271,-1.6476499999999934,-0.007197775255615891,4492.325749999986,4,313,10503,3700,5.684341886080802e-14,0.26255564077566856,0.95
seen,GSHP,4,seasonal_daily,seen_test,conformal_upper_bound,0.15,3,1150,-0.05437121739130344,0.0,-0.01809111304360733,-1.4306499999999938,-0.006554273478607921,4499.22679999999,4,313,10316,3887,5.684341886080802e-14,0.26255564077566856,0.95
seen,GSHP,4,seasonal_daily,seen_test,conformal_upper_bound,0.2,1,1150,-0.07660830434782492,0.0,-0.025224829838661637,-1.4306499999999938,-0.009356183993145153,5153.1510999999855,4,313,10049,4154,5.684341886080802e-14,0.26255564077566856,0.95
seen,GSHP,4,seasonal_daily,seen_test,conformal_upper_bound,0.2,2,1150,-0.08666260869565097,0.0,-0.029177517872481983,-1.6476499999999934,-0.0100924203793855,5189.901599999983,4,313,9595,4608,5.684341886080802e-14,0.26255564077566856,0.95
seen,GSHP,4,seasonal_daily,seen_test,conformal_upper_bound,0.2,3,1150,-0.08528095652173794,0.0,-0.029418190865383366,-1.6476499999999934,-0.009540296688286983,5145.350599999992,4,313,9253,4950,5.684341886080802e-14,0.26255564077566856,0.95
seen,GSHP,4,seasonal_weekly,seen_test,reference_no_forecast,0.0,0,1150,0.0,0.0,0.0,0.0,0.0,0.0,464,0,0,0,0.0,0.26255564077566856,0.95
seen,GSHP,4,seasonal_weekly,seen_test,median,0.05,1,1150,8.095652173914913e-05,0.0,8.765613050088586e-05,-0.4962500000000003,-0.00010010194546962141,398.3257499999996,86,58,2637,150,5.684341886080802e-14,0.26255564077566856,0.95
seen,GSHP,4,seasonal_weekly,seen_test,median,0.05,2,1150,-0.002570782608695641,0.0,-0.0006720867131580874,-0.8796999999999997,-0.0003915879230264043,414.44569999999925,86,58,2721,66,5.684341886080802e-14,0.26255564077566856,0.95
seen,GSHP,4,seasonal_weekly,seen_test,median,0.05,3,1150,-0.0022561304347825805,0.0,-0.0006361665873945337,-0.8796999999999997,-0.0003481940929345021,418.6126999999992,86,58,2745,42,5.684341886080802e-14,0.26255564077566856,0.95
seen,GSHP,4,seasonal_weekly,seen_test,median,0.1,1,1150,-0.011601826086956464,0.0,-0.003388094682342861,-0.9359999999999995,-0.0015657767060618564,770.4286999999995,86,58,2603,184,5.684341886080802e-14,0.26255564077566856,0.95
seen,GSHP,4,seasonal_weekly,seen_test,median,0.1,2,1150,-0.016917826086956394,0.0,-0.004948693050837708,-1.1276499999999943,-0.0022354134773191797,802.1884499999993,86,58,2676,111,5.684341886080802e-14,0.26255564077566856,0.95
seen,GSHP,4,seasonal_weekly,seen_test,median,0.1,3,1150,-0.0124741304347825,0.0,-0.003696919011361991,-1.3106499999999945,-0.0016181197886915115,807.1859999999992,86,58,2685,102,5.684341886080802e-14,0.26255564077566856,0.95
seen,GSHP,4,seasonal_weekly,seen_test,median,0.15,1,1150,-0.028728173913043303,0.0,-0.008576715474983497,-1.2964499999999997,-0.0036630569822987424,1110.2804999999994,86,58,2573,214,5.684341886080802e-14,0.26255564077566856,0.95
seen,GSHP,4,seasonal_weekly,seen_test,median,0.15,2,1150,-0.03422156521739112,0.0,-0.010153275486924466,-1.7466499999999998,-0.004377156301548132,1147.6600000000012,86,58,2599,188,5.684341886080802e-14,0.26255564077566856,0.95
seen,GSHP,4,seasonal_weekly,seen_test,median,0.15,3,1150,-0.031334652173912854,0.0,-0.009679563838820685,-1.7466499999999998,-0.003960001324138207,1147.9373500000004,86,58,2590,197,5.684341886080802e-14,0.26255564077566856,0.95
seen,GSHP,4,seasonal_weekly,seen_test,median,0.2,1,1150,-0.04733721739130415,0.0,-0.014329942224536828,-1.7518000000000002,-0.005859553036598793,1408.9323499999978,86,58,2527,260,5.684341886080802e-14,0.26255564077566856,0.95
seen,GSHP,4,seasonal_weekly,seen_test,median,0.2,2,1150,-0.05810821739130411,0.0,-0.017450078239260914,-2.3941999999999997,-0.007175389691053228,1451.603699999998,86,58,2536,251,5.684341886080802e-14,0.26255564077566856,0.95
seen,GSHP,4,seasonal_weekly,seen_test,median,0.2,3,1150,-0.05443273913043454,0.0,-0.0167351599508657,-2.3941999999999997,-0.006549908063364001,1441.797449999999,86,58,2494,293,2.842170943040401e-14,0.26255564077566856,0.95
seen,GSHP,4,seasonal_weekly,seen_test,conformal_upper_bound,0.05,1,1150,0.011641478260869675,0.0,0.005465308458174263,-0.7282000000000002,0.0005904826005585461,1951.255099999993,9,387,12644,2807,5.684341886080802e-14,0.26255564077566856,0.95
seen,GSHP,4,seasonal_weekly,seen_test,conformal_upper_bound,0.05,2,1150,0.010013652173913222,0.0,0.005133061340310717,-0.8693,0.00022948229227984525,2145.5734999999972,9,387,13605,1846,5.684341886080802e-14,0.26255564077566856,0.95
seen,GSHP,4,seasonal_weekly,seen_test,conformal_upper_bound,0.05,3,1150,0.013284652173913215,0.0,0.006286165829435397,-0.8616499999999938,0.0006075237197617496,2208.2294999999976,9,387,13860,1591,5.684341886080802e-14,0.26255564077566856,0.95
seen,GSHP,4,seasonal_weekly,seen_test,conformal_upper_bound,0.1,1,1150,-0.010380347826086619,0.0,-0.0009185899614057284,-1.3387000000000002,-0.0023668329825417183,3429.6701499999913,9,387,11893,3558,5.684341886080802e-14,0.26255564077566856,0.95
seen,GSHP,4,seasonal_weekly,seen_test,conformal_upper_bound,0.1,2,1150,-0.02327682608695592,0.0,-0.004482954079285398,-1.4636499999999932,-0.003949463221899558,3672.4971999999902,9,387,12253,3198,5.684341886080802e-14,0.26255564077566856,0.95
seen,GSHP,4,seasonal_weekly,seen_test,conformal_upper_bound,0.1,3,1150,-0.014298217391303698,0.0,-0.0010009391141388188,-1.4636499999999932,-0.00308178072199884,3737.985949999993,9,387,12253,3198,5.684341886080802e-14,0.26255564077566856,0.95
seen,GSHP,4,seasonal_weekly,seen_test,conformal_upper_bound,0.15,1,1150,-0.037385304347825304,0.0,-0.01011473979715837,-1.4636499999999941,-0.005562486638405358,4508.098099999983,9,387,11166,4285,5.684341886080802e-14,0.26255564077566856,0.95
seen,GSHP,4,seasonal_weekly,seen_test,conformal_upper_bound,0.15,2,1150,-0.05773986956521638,0.0,-0.017574123903258004,-1.6006499999999928,-0.007743692319809171,4696.434299999985,9,387,11099,4352,2.842170943040401e-14,0.26255564077566856,0.95
seen,GSHP,4,seasonal_weekly,seen_test,conformal_upper_bound,0.15,3,1150,-0.04342152173912932,0.0,-0.01086910932766791,-1.6006499999999928,-0.0065041702957650775,4729.532849999991,9,387,10909,4542,5.684341886080802e-14,0.26255564077566856,0.95
seen,GSHP,4,seasonal_weekly,seen_test,conformal_upper_bound,0.2,1,1150,-0.06777017391304249,0.0,-0.02210694403303542,-1.4636499999999941,-0.0088088038636091,5279.459849999984,9,387,10572,4879,5.684341886080802e-14,0.26255564077566856,0.95
seen,GSHP,4,seasonal_weekly,seen_test,conformal_upper_bound,0.2,2,1150,-0.08284447826086812,0.0,-0.02765563121279224,-1.6006499999999928,-0.010252535528926895,5369.186899999985,9,387,10160,5291,5.684341886080802e-14,0.26255564077566856,0.95
seen,GSHP,4,seasonal_weekly,seen_test,conformal_upper_bound,0.2,3,1150,-0.06754099999999856,0.0,-0.020400045550903956,-1.6006499999999928,-0.009015137263725187,5368.665499999981,9,387,9815,5636,5.684341886080802e-14,0.26255564077566856,0.95
seen,GSHP,4,elastic_net,seen_test,reference_no_forecast,0.0,0,1150,0.0,0.0,0.0,0.0,0.0,0.0,464,0,0,0,0.0,0.26255564077566856,0.95
seen,GSHP,4,elastic_net,seen_test,median,0.05,1,1150,0.0,0.0,0.0,0.0,0.0,0.0,464,0,0,0,0.0,0.26255564077566856,0.95
seen,GSHP,4,elastic_net,seen_test,median,0.05,2,1150,0.0,0.0,0.0,0.0,0.0,0.0,464,0,0,0,0.0,0.26255564077566856,0.95
seen,GSHP,4,elastic_net,seen_test,median,0.05,3,1150,0.0,0.0,0.0,0.0,0.0,0.0,464,0,0,0,0.0,0.26255564077566856,0.95
seen,GSHP,4,elastic_net,seen_test,median,0.1,1,1150,0.0,0.0,0.0,0.0,0.0,0.0,464,0,0,0,0.0,0.26255564077566856,0.95
seen,GSHP,4,elastic_net,seen_test,median,0.1,2,1150,0.0,0.0,0.0,0.0,0.0,0.0,464,0,0,0,0.0,0.26255564077566856,0.95
seen,GSHP,4,elastic_net,seen_test,median,0.1,3,1150,0.0,0.0,0.0,0.0,0.0,0.0,464,0,0,0,0.0,0.26255564077566856,0.95
seen,GSHP,4,elastic_net,seen_test,median,0.15,1,1150,0.0,0.0,0.0,0.0,0.0,0.0,464,0,0,0,0.0,0.26255564077566856,0.95
seen,GSHP,4,elastic_net,seen_test,median,0.15,2,1150,0.0,0.0,0.0,0.0,0.0,0.0,464,0,0,0,0.0,0.26255564077566856,0.95
seen,GSHP,4,elastic_net,seen_test,median,0.15,3,1150,0.0,0.0,0.0,0.0,0.0,0.0,464,0,0,0,0.0,0.26255564077566856,0.95
seen,GSHP,4,elastic_net,seen_test,median,0.2,1,1150,0.0,0.0,0.0,0.0,0.0,0.0,464,0,0,0,0.0,0.26255564077566856,0.95
seen,GSHP,4,elastic_net,seen_test,median,0.2,2,1150,0.0,0.0,0.0,0.0,0.0,0.0,464,0,0,0,0.0,0.26255564077566856,0.95
seen,GSHP,4,elastic_net,seen_test,median,0.2,3,1150,0.0,0.0,0.0,0.0,0.0,0.0,464,0,0,0,0.0,0.26255564077566856,0.95
seen,GSHP,4,elastic_net,seen_test,conformal_upper_bound,0.05,1,1150,-0.003177034788989268,0.0,-0.0009227494052741073,-0.40750117072710346,-0.0004130103546722931,321.9781961738567,150,31,2864,3756,5.684341886080802e-14,0.26255564077566856,0.95
seen,GSHP,4,elastic_net,seen_test,conformal_upper_bound,0.05,2,1150,-0.002378129292607142,0.0,-0.0007312922380673717,-0.4076256188263079,-0.0003504262139004704,375.3207406283851,150,31,3131,3489,5.684341886080802e-14,0.26255564077566856,0.95
seen,GSHP,4,elastic_net,seen_test,conformal_upper_bound,0.05,3,1150,-0.002988544144043195,0.0,-0.0009681753190552284,-0.5611375753866259,-0.0005014182084193694,426.56938639187524,150,31,3435,3185,5.684341886080802e-14,0.26255564077566856,0.95
seen,GSHP,4,elastic_net,seen_test,conformal_upper_bound,0.1,1,1150,-0.005771755784836274,0.0,-0.0017339201068912256,-0.40762561882630877,-0.0007545788382689668,407.24063612195965,150,31,2362,4258,5.684341886080802e-14,0.26255564077566856,0.95
seen,GSHP,4,elastic_net,seen_test,conformal_upper_bound,0.1,2,1150,-0.004709841810987418,0.0,-0.001485745118119976,-0.452664445214388,-0.0006849206007156345,500.92837091604775,150,31,2555,4065,5.684341886080802e-14,0.26255564077566856,0.95
seen,GSHP,4,elastic_net,seen_test,conformal_upper_bound,0.1,3,1150,-0.00655558983037365,0.0,-0.0021196121386968876,-0.5788520475123002,-0.0009987573702490546,578.4971527377237,150,31,2727,3893,5.684341886080802e-14,0.26255564077566856,0.95
seen,GSHP,4,elastic_net,seen_test,conformal_upper_bound,0.15,1,1150,-0.007642491690620959,0.0,-0.002330706898663055,-0.4207885196336276,-0.000981917023866127,441.01572577534233,150,31,2066,4554,5.684341886080802e-14,0.26255564077566856,0.95
seen,GSHP,4,elastic_net,seen_test,conformal_upper_bound,0.15,2,1150,-0.006440622732487124,0.0,-0.0020695221896308894,-0.452664445214388,-0.0009493258337011451,560.0600060209507,150,31,2208,4412,5.684341886080802e-14,0.26255564077566856,0.95
seen,GSHP,4,elastic_net,seen_test,conformal_upper_bound,0.15,3,1150,-0.009586650032368173,0.0,-0.003134615951752368,-0.5788520475123002,-0.0014101551683959118,658.0970308506232,150,31,2354,4266,5.684341886080802e-14,0.26255564077566856,0.95
seen,GSHP,4,elastic_net,seen_test,conformal_upper_bound,0.2,1,1150,-0.008295413037819502,0.0,-0.002548546353175736,-0.49992813413811454,-0.001060346934361514,451.3111565564769,150,31,1996,4624,5.684341886080802e-14,0.26255564077566856,0.95
seen,GSHP,4,elastic_net,seen_test,conformal_upper_bound,0.2,2,1150,-0.00795465420039933,0.0,-0.002594314453344555,-0.544026305587261,-0.001166734368341029,587.8547159924639,150,31,2088,4532,5.684341886080802e-14,0.26255564077566856,0.95
seen,GSHP,4,elastic_net,seen_test,conformal_upper_bound,0.2,3,1150,-0.011697551628084469,0.0,-0.003863313950016743,-0.5788520475123007,-0.00169574688060572,697.4157196289145,150,31,2176,4444,5.684341886080802e-14,0.26255564077566856,0.95
seen,GSHP,4,lightgbm,seen_test,reference_no_forecast,0.0,0,1150,0.0,0.0,0.0,0.0,0.0,0.0,464,0,0,0,0.0,0.26255564077566856,0.95
seen,GSHP,4,lightgbm,seen_test,median,0.05,1,1150,0.0,0.0,0.0,0.0,0.0,0.0,464,0,0,0,0.0,0.26255564077566856,0.95
seen,GSHP,4,lightgbm,seen_test,median,0.05,2,1150,0.0,0.0,0.0,0.0,0.0,0.0,464,0,0,0,0.0,0.26255564077566856,0.95
seen,GSHP,4,lightgbm,seen_test,median,0.05,3,1150,0.0,0.0,0.0,0.0,0.0,0.0,464,0,0,0,0.0,0.26255564077566856,0.95
seen,GSHP,4,lightgbm,seen_test,median,0.1,1,1150,0.0,0.0,0.0,0.0,0.0,0.0,464,0,0,0,0.0,0.26255564077566856,0.95
seen,GSHP,4,lightgbm,seen_test,median,0.1,2,1150,0.0,0.0,0.0,0.0,0.0,0.0,464,0,0,0,0.0,0.26255564077566856,0.95
seen,GSHP,4,lightgbm,seen_test,median,0.1,3,1150,0.0,0.0,0.0,0.0,0.0,0.0,464,0,0,0,0.0,0.26255564077566856,0.95
seen,GSHP,4,lightgbm,seen_test,median,0.15,1,1150,0.0,0.0,0.0,0.0,0.0,0.0,464,0,0,0,0.0,0.26255564077566856,0.95
seen,GSHP,4,lightgbm,seen_test,median,0.15,2,1150,0.0,0.0,0.0,0.0,0.0,0.0,464,0,0,0,0.0,0.26255564077566856,0.95
seen,GSHP,4,lightgbm,seen_test,median,0.15,3,1150,0.0,0.0,0.0,0.0,0.0,0.0,464,0,0,0,0.0,0.26255564077566856,0.95
seen,GSHP,4,lightgbm,seen_test,median,0.2,1,1150,0.0,0.0,0.0,0.0,0.0,0.0,464,0,0,0,0.0,0.26255564077566856,0.95
seen,GSHP,4,lightgbm,seen_test,median,0.2,2,1150,0.0,0.0,0.0,0.0,0.0,0.0,464,0,0,0,0.0,0.26255564077566856,0.95
seen,GSHP,4,lightgbm,seen_test,median,0.2,3,1150,0.0,0.0,0.0,0.0,0.0,0.0,464,0,0,0,0.0,0.26255564077566856,0.95
seen,GSHP,4,lightgbm,seen_test,conformal_upper_bound,0.05,1,1150,-0.0020410096018319895,0.0,-0.000645553745958765,-0.28459553240712765,-0.00029918302939069253,207.69922565433495,195,29,1913,4649,5.684341886080802e-14,0.26255564077566856,0.95
seen,GSHP,4,lightgbm,seen_test,conformal_upper_bound,0.05,2,1150,-0.0024868633496738343,0.0,-0.000746086552126031,-0.33230680856990835,-0.00033975300338535974,303.37134989133835,195,29,2491,4071,5.684341886080802e-14,0.26255564077566856,0.95
seen,GSHP,4,lightgbm,seen_test,conformal_upper_bound,0.05,3,1150,-0.0017827750631517572,0.0,-0.0005445112418803437,-0.3438314424454578,-0.0002712502139887301,357.3892430016146,195,29,2724,3838,5.684341886080802e-14,0.26255564077566856,0.95
seen,GSHP,4,lightgbm,seen_test,conformal_upper_bound,0.1,1,1150,-0.004817367857550356,0.0,-0.0015230080399202812,-0.3531034524393215,-0.0006979515388733805,270.4441160440293,195,29,1611,4951,5.684341886080802e-14,0.26255564077566856,0.95
seen,GSHP,4,lightgbm,seen_test,conformal_upper_bound,0.1,2,1150,-0.006909911537859195,0.0,-0.002115738256060033,-0.4401534162233389,-0.0009572391545907027,425.5673398311042,195,29,2099,4463,5.684341886080802e-14,0.26255564077566856,0.95
seen,GSHP,4,lightgbm,seen_test,conformal_upper_bound,0.1,3,1150,-0.007031596051813887,0.0,-0.0022560944740438018,-0.5675352518280841,-0.0010215455549055842,532.1107831614387,195,29,2294,4268,5.684341886080802e-14,0.26255564077566856,0.95
seen,GSHP,4,lightgbm,seen_test,conformal_upper_bound,0.15,1,1150,-0.006027696187647089,0.0,-0.0019266518863617743,-0.3806589541198484,-0.0008796416516288544,296.8512990064197,195,29,1535,5027,5.684341886080802e-14,0.26255564077566856,0.95
seen,GSHP,4,lightgbm,seen_test,conformal_upper_bound,0.15,2,1150,-0.009365140422561695,0.0,-0.0029102559391405033,-0.44015341622333937,-0.00128697839530263,479.6035479963607,195,29,1908,4654,5.684341886080802e-14,0.26255564077566856,0.95
seen,GSHP,4,lightgbm,seen_test,conformal_upper_bound,0.15,3,1150,-0.010010253829963196,0.0,-0.0032344388177217892,-0.7179026968250155,-0.0014122194599134792,621.7582765639604,195,29,2033,4529,5.684341886080802e-14,0.26255564077566856,0.95
seen,GSHP,4,lightgbm,seen_test,conformal_upper_bound,0.2,1,1150,-0.006341158167955344,0.0,-0.002037483826688192,-0.5150471991445116,-0.0009213483867582632,303.62335564811707,195,29,1520,5042,2.842170943040401e-14,0.26255564077566856,0.95
seen,GSHP,4,lightgbm,seen_test,conformal_upper_bound,0.2,2,1150,-0.011886047128366526,0.0,-0.003730757807741848,-0.5534061649885205,-0.0016141761625115322,502.9828456607719,195,29,1793,4769,5.684341886080802e-14,0.26255564077566856,0.95
seen,GSHP,4,lightgbm,seen_test,conformal_upper_bound,0.2,3,1150,-0.012314927792424712,0.0,-0.0039913558624989545,-0.7179026968250155,-0.001689377704543977,674.7923743047506,195,29,1888,4674,5.684341886080802e-14,0.26255564077566856,0.95
seen,GSHP,5,persistence,seen_test,reference_no_forecast,0.0,0,284,0.0,0.0,0.0,0.0,0.0,0.0,132,0,0,0,0.0,0.22193947902327368,0.95
seen,GSHP,5,persistence,seen_test,median,0.05,1,284,0.0,0.0,0.0,0.0,0.0,0.0,126,0,0,570,0.0,0.22193947902327368,0.95
seen,GSHP,5,persistence,seen_test,median,0.05,2,284,0.0,0.0,0.0,0.0,0.0,0.0,126,0,0,570,0.0,0.22193947902327368,0.95
seen,GSHP,5,persistence,seen_test,median,0.05,3,284,0.0,0.0,0.0,0.0,0.0,0.0,126,0,0,570,0.0,0.22193947902327368,0.95
seen,GSHP,5,persistence,seen_test,median,0.1,1,284,0.0,0.0,0.0,0.0,0.0,0.0,126,0,0,570,0.0,0.22193947902327368,0.95
seen,GSHP,5,persistence,seen_test,median,0.1,2,284,0.0,0.0,0.0,0.0,0.0,0.0,126,0,0,570,0.0,0.22193947902327368,0.95
seen,GSHP,5,persistence,seen_test,median,0.1,3,284,0.0,0.0,0.0,0.0,0.0,0.0,126,0,0,570,0.0,0.22193947902327368,0.95
seen,GSHP,5,persistence,seen_test,median,0.15,1,284,0.0,0.0,0.0,0.0,0.0,0.0,126,0,0,570,0.0,0.22193947902327368,0.95
seen,GSHP,5,persistence,seen_test,median,0.15,2,284,0.0,0.0,0.0,0.0,0.0,0.0,126,0,0,570,0.0,0.22193947902327368,0.95
seen,GSHP,5,persistence,seen_test,median,0.15,3,284,0.0,0.0,0.0,0.0,0.0,0.0,126,0,0,570,0.0,0.22193947902327368,0.95
seen,GSHP,5,persistence,seen_test,median,0.2,1,284,0.0,0.0,0.0,0.0,0.0,0.0,126,0,0,570,0.0,0.22193947902327368,0.95
seen,GSHP,5,persistence,seen_test,median,0.2,2,284,0.0,0.0,0.0,0.0,0.0,0.0,126,0,0,570,0.0,0.22193947902327368,0.95
seen,GSHP,5,persistence,seen_test,median,0.2,3,284,0.0,0.0,0.0,0.0,0.0,0.0,126,0,0,570,0.0,0.22193947902327368,0.95
seen,GSHP,5,persistence,seen_test,conformal_upper_bound,0.05,1,284,0.004925704225352115,0.0,0.0018311591340194324,-0.23899999999999988,0.0002356714257192649,136.56490000000005,47,23,1269,3511,2.842170943040401e-14,0.22193947902327368,0.95
seen,GSHP,5,persistence,seen_test,conformal_upper_bound,0.05,2,284,0.008793309859154934,0.0,0.0031187049540776215,-0.23899999999999988,0.0006658387090508235,171.73325000000008,47,23,1491,3289,2.842170943040401e-14,0.22193947902327368,0.95
seen,GSHP,5,persistence,seen_test,conformal_upper_bound,0.05,3,284,0.008730281690140843,0.0,0.003050759952075069,-0.23899999999999988,0.0005950873851666627,160.1048,47,23,1366,3414,2.842170943040401e-14,0.22193947902327368,0.95
seen,GSHP,5,persistence,seen_test,conformal_upper_bound,0.1,1,284,0.005791197183098608,0.0,0.0020598661263503274,-0.3109999999999995,0.00024596546961387183,203.47919999999993,47,23,1168,3612,2.842170943040401e-14,0.22193947902327368,0.95
seen,GSHP,5,persistence,seen_test,conformal_upper_bound,0.1,2,284,0.010371478873239444,0.0,0.003433761371164431,-0.23899999999999988,0.0008391472899138708,252.48810000000003,47,23,1321,3459,2.842170943040401e-14,0.22193947902327368,0.95
seen,GSHP,5,persistence,seen_test,conformal_upper_bound,0.1,3,284,0.009446830985915498,0.0,0.0031074847151819135,-0.6510000000000002,0.0006099959886616331,217.69689999999994,47,23,1071,3709,5.684341886080802e-14,0.22193947902327368,0.95
seen,GSHP,5,persistence,seen_test,conformal_upper_bound,0.15,1,284,0.006696302816901424,0.0,0.002304660589630753,-0.3109999999999995,0.0003509053395442878,233.91460000000012,47,23,1113,3667,2.842170943040401e-14,0.22193947902327368,0.95
seen,GSHP,5,persistence,seen_test,conformal_upper_bound,0.15,2,284,0.010336267605633812,0.0,0.0033088952207014806,-0.23899999999999988,0.0008626494145927336,297.85544999999996,47,23,1171,3609,2.842170943040401e-14,0.22193947902327368,0.95
seen,GSHP,5,persistence,seen_test,conformal_upper_bound,0.15,3,284,0.009676408450704234,0.0,0.003104524905911333,-0.6510000000000007,0.0007205991634160344,241.83725000000004,47,23,924,3856,2.842170943040401e-14,0.22193947902327368,0.95
seen,GSHP,5,persistence,seen_test,conformal_upper_bound,0.2,1,284,0.005604929577464805,0.0,0.0018828078973322031,-0.3520000000000003,0.00022205760728015504,248.05119999999997,47,23,1078,3702,2.842170943040401e-14,0.22193947902327368,0.95
seen,GSHP,5,persistence,seen_test,conformal_upper_bound,0.2,2,284,0.008609859154929584,0.0,0.0026144390138457944,-0.3068000000000004,0.0007204537523444563,327.6140000000002,47,23,1109,3671,2.842170943040401e-14,0.22193947902327368,0.95
seen,GSHP,5,persistence,seen_test,conformal_upper_bound,0.2,3,284,0.008425352112676069,0.0,0.0026734508204355853,-0.6510000000000002,0.0006183875436513215,252.01579999999998,47,23,835,3945,2.842170943040401e-14,0.22193947902327368,0.95
seen,GSHP,5,seasonal_daily,seen_test,reference_no_forecast,0.0,0,284,0.0,0.0,0.0,0.0,0.0,0.0,132,0,0,0,0.0,0.22193947902327368,0.95
seen,GSHP,5,seasonal_daily,seen_test,median,0.05,1,284,0.02188538732394367,0.0,0.006455647336013222,-0.5275999999999996,0.0006890306933893348,118.21584999999997,10,14,750,41,2.842170943040401e-14,0.22193947902327368,0.95
seen,GSHP,5,seasonal_daily,seen_test,median,0.05,2,284,0.025175352112676064,0.0,0.007358849564313029,-0.6962999999999995,0.001128984692035778,124.1264,10,14,780,11,2.842170943040401e-14,0.22193947902327368,0.95
seen,GSHP,5,seasonal_daily,seen_test,median,0.05,3,284,0.02382816901408452,0.0,0.0070818688097559574,-0.8199999999999994,0.0009215203520510499,124.06489999999998,10,14,779,12,2.842170943040401e-14,0.22193947902327368,0.95
seen,GSHP,5,seasonal_daily,seen_test,median,0.1,1,284,0.033482042253521124,0.0,0.009956797244139096,-1.0552000000000001,0.0004491557986347882,226.57010000000005,10,14,739,52,2.842170943040401e-14,0.22193947902327368,0.95
seen,GSHP,5,seasonal_daily,seen_test,median,0.1,2,284,0.027926760563380285,0.0,0.008583247792408774,-1.2539999999999987,-5.1366397104491965e-05,239.44760000000005,10,14,767,24,2.842170943040401e-14,0.22193947902327368,0.95
seen,GSHP,5,seasonal_daily,seen_test,median,0.1,3,284,0.034686971830985916,0.0,0.010102446038911028,-1.2539999999999987,0.0005365799814574031,236.67580000000007,10,14,759,32,2.842170943040401e-14,0.22193947902327368,0.95
seen,GSHP,5,seasonal_daily,seen_test,median,0.15,1,284,0.036645246478873225,0.0,0.010725736441655082,-1.3554,-0.0007467542470428828,325.00710000000004,10,14,718,73,2.842170943040401e-14,0.22193947902327368,0.95
seen,GSHP,5,seasonal_daily,seen_test,median,0.15,2,284,0.02480686619718308,0.0,0.007691557755789203,-1.3879999999999995,-0.002172832030047855,337.5493500000001,10,14,738,53,2.842170943040401e-14,0.22193947902327368,0.95
seen,GSHP,5,seasonal_daily,seen_test,median,0.15,3,284,0.04060792253521125,0.0,0.01136906081907802,-1.3879999999999995,-0.0006338598755289768,324.5225000000001,10,14,714,77,5.684341886080802e-14,0.22193947902327368,0.95
seen,GSHP,5,seasonal_daily,seen_test,median,0.2,1,284,0.04062605633802818,0.0,0.011773045754757358,-1.3879999999999995,-0.0015787517204292041,411.3188,10,14,713,78,5.684341886080802e-14,0.22193947902327368,0.95
seen,GSHP,5,seasonal_daily,seen_test,median,0.2,2,284,0.013490845070422534,0.0,0.004255536339582307,-1.3879999999999995,-0.003978123664081003,417.2051999999998,10,14,706,85,5.684341886080802e-14,0.22193947902327368,0.95
seen,GSHP,5,seasonal_daily,seen_test,median,0.2,3,284,0.04392253521126759,0.0,0.012333774237493437,-1.3879999999999995,-0.0011857518177876413,396.5116000000001,10,14,664,127,5.684341886080802e-14,0.22193947902327368,0.95
seen,GSHP,5,seasonal_daily,seen_test,conformal_upper_bound,0.05,1,284,0.057480633802816906,0.014499999999999735,0.01904078134790846,-0.7170000000000005,0.0038832285008329587,323.0093500000002,1,84,2029,515,5.684341886080802e-14,0.22193947902327368,0.95
seen,GSHP,5,seasonal_daily,seen_test,conformal_upper_bound,0.05,2,284,0.060174471830985926,0.01550000000000007,0.02014581737850005,-0.7743499999999996,0.004239104978531611,363.9542500000001,1,84,2252,292,5.684341886080802e-14,0.22193947902327368,0.95
seen,GSHP,5,seasonal_daily,seen_test,conformal_upper_bound,0.05,3,284,0.06231742957746482,0.014999999999999902,0.020561832661398348,-0.7743499999999996,0.004337018121915953,366.5202499999999,1,84,2249,295,5.684341886080802e-14,0.22193947902327368,0.95
seen,GSHP,5,seasonal_daily,seen_test,conformal_upper_bound,0.1,1,284,0.08558133802816897,0.0,0.027717489291892234,-0.794,0.00499985323037492,574.9036000000001,1,84,1915,629,2.842170943040401e-14,0.22193947902327368,0.95
seen,GSHP,5,seasonal_daily,seen_test,conformal_upper_bound,0.1,2,284,0.08315845070422534,0.0,0.027222361049243065,-0.794,0.004560029684575549,614.5417000000001,1,84,1987,557,5.684341886080802e-14,0.22193947902327368,0.95
seen,GSHP,5,seasonal_daily,seen_test,conformal_upper_bound,0.1,3,284,0.09347922535211271,0.0,0.030188577457922607,-0.794,0.0055281157219751785,605.5559000000002,1,84,1929,615,5.684341886080802e-14,0.22193947902327368,0.95
seen,GSHP,5,seasonal_daily,seen_test,conformal_upper_bound,0.15,1,284,0.08320757042253514,0.0,0.026616135995873882,-0.794,0.0036731881052135588,764.6299999999999,1,84,1809,735,2.842170943040401e-14,0.22193947902327368,0.95
seen,GSHP,5,seasonal_daily,seen_test,conformal_upper_bound,0.15,2,284,0.0854741197183098,0.0,0.02739247729588944,-0.794,0.002761328819609332,789.5347999999999,1,84,1798,746,5.684341886080802e-14,0.22193947902327368,0.95
seen,GSHP,5,seasonal_daily,seen_test,conformal_upper_bound,0.15,3,284,0.10208697183098593,0.0,0.031932406003874994,-1.2563,0.004389564797447351,769.2312999999997,1,84,1708,836,2.842170943040401e-14,0.22193947902327368,0.95
seen,GSHP,5,seasonal_daily,seen_test,conformal_upper_bound,0.2,1,284,0.07085352112676058,0.0,0.02259757564062125,-0.7940000000000009,0.0020171293210031875,910.4026000000002,1,84,1732,812,2.842170943040401e-14,0.22193947902327368,0.95
seen,GSHP,5,seasonal_daily,seen_test,conformal_upper_bound,0.2,2,284,0.06541056338028167,0.0,0.020804542863749886,-0.7940000000000009,0.000984768844122401,901.7932000000002,1,84,1641,903,2.842170943040401e-14,0.22193947902327368,0.95
seen,GSHP,5,seasonal_daily,seen_test,conformal_upper_bound,0.2,3,284,0.07616971830985914,0.0,0.02326250797566746,-1.7324000000000002,0.0017808657072606092,881.2717999999998,1,84,1534,1010,2.842170943040401e-14,0.22193947902327368,0.95
seen,GSHP,5,seasonal_weekly,seen_test,reference_no_forecast,0.0,0,284,0.0,0.0,0.0,0.0,0.0,0.0,132,0,0,0,0.0,0.22193947902327368,0.95
seen,GSHP,5,seasonal_weekly,seen_test,median,0.05,1,284,0.02327623239436617,0.0,0.006400308993037745,-0.6145500000000004,0.0011306083955521318,95.57545000000003,9,10,610,94,2.842170943040401e-14,0.22193947902327368,0.95
seen,GSHP,5,seasonal_weekly,seen_test,median,0.05,2,284,0.020411091549295744,0.0,0.005924765576549903,-0.9497500000000008,0.0007595107541431775,102.18015000000004,9,10,646,58,2.842170943040401e-14,0.22193947902327368,0.95
seen,GSHP,5,seasonal_weekly,seen_test,median,0.05,3,284,0.02204982394366195,0.0,0.006357933598817909,-0.9497500000000008,0.000960490503536864,105.41660000000003,9,10,664,40,2.842170943040401e-14,0.22193947902327368,0.95
seen,GSHP,5,seasonal_weekly,seen_test,median,0.1,1,284,0.03844894366197183,0.0,0.010748860666691748,-1.2290999999999999,0.0014603422318127867,181.90280000000007,9,10,591,113,2.842170943040401e-14,0.22193947902327368,0.95
seen,GSHP,5,seasonal_weekly,seen_test,median,0.1,2,284,0.042817253521126745,0.0,0.012311439533056181,-1.6340000000000003,0.001976852292782568,189.23000000000008,9,10,608,96,2.842170943040401e-14,0.22193947902327368,0.95
seen,GSHP,5,seasonal_weekly,seen_test,median,0.1,3,284,0.04176760563380281,0.0,0.011921949532349513,-1.6340000000000003,0.0018503847152372863,196.71620000000007,9,10,629,75,2.842170943040401e-14,0.22193947902327368,0.95
seen,GSHP,5,seasonal_weekly,seen_test,median,0.15,1,284,0.04941478873239439,0.0,0.01384808383573573,-1.6339999999999995,0.0014813467090209452,259.7432999999999,9,10,574,130,2.842170943040401e-14,0.22193947902327368,0.95
seen,GSHP,5,seasonal_weekly,seen_test,median,0.15,2,284,0.046162676056338024,0.0,0.012362896090292806,-1.6339999999999995,0.00044853169614706415,261.63134999999994,9,10,571,133,2.842170943040401e-14,0.22193947902327368,0.95
seen,GSHP,5,seasonal_weekly,seen_test,median,0.15,3,284,0.05745757042253521,0.0,0.01619236547824183,-1.6339999999999995,0.0021289258797813774,270.0719499999999,9,10,588,116,2.842170943040401e-14,0.22193947902327368,0.95
seen,GSHP,5,seasonal_weekly,seen_test,median,0.2,1,284,0.05274295774647888,0.0,0.014761196964841863,-1.6340000000000003,0.0006116034219926377,328.075,9,10,565,139,5.684341886080802e-14,0.22193947902327368,0.95
seen,GSHP,5,seasonal_weekly,seen_test,median,0.2,2,284,0.05367887323943661,0.0,0.013955719052088766,-1.6340000000000003,-0.00014508550986902201,320.4153999999999,9,10,541,163,2.842170943040401e-14,0.22193947902327368,0.95
seen,GSHP,5,seasonal_weekly,seen_test,median,0.2,3,284,0.07013028169014084,0.0,0.01931321253107058,-1.6340000000000003,0.0018230791090436307,333.55580000000003,9,10,550,154,2.842170943040401e-14,0.22193947902327368,0.95
seen,GSHP,5,seasonal_weekly,seen_test,conformal_upper_bound,0.05,1,284,0.07804330985915492,0.13965000000000027,0.02817235034876243,-0.73325,0.005283804257214587,311.61505000000017,4,88,1988,723,5.684341886080802e-14,0.22193947902327368,0.95
seen,GSHP,5,seasonal_weekly,seen_test,conformal_upper_bound,0.05,2,284,0.08983274647887322,0.1409999999999999,0.03250500047049232,-0.9109999999999996,0.006685523351037163,347.3982000000002,4,88,2176,535,5.684341886080802e-14,0.22193947902327368,0.95
seen,GSHP,5,seasonal_weekly,seen_test,conformal_upper_bound,0.05,3,284,0.09065580985915492,0.14089999999999991,0.03269426511853944,-0.9109999999999996,0.006740268598174997,351.8101500000002,4,88,2186,525,5.684341886080802e-14,0.22193947902327368,0.95
seen,GSHP,5,seasonal_weekly,seen_test,conformal_upper_bound,0.1,1,284,0.12711232394366195,0.048499999999999766,0.04529065052358172,-0.9109999999999996,0.00849484684851461,561.5702000000003,4,88,1893,818,2.842170943040401e-14,0.22193947902327368,0.95
seen,GSHP,5,seasonal_weekly,seen_test,conformal_upper_bound,0.1,2,284,0.1449633802816901,0.09325000000000006,0.052423827294820265,-0.9109999999999996,0.009752145504456432,602.6624,4,88,1962,749,2.842170943040401e-14,0.22193947902327368,0.95
seen,GSHP,5,seasonal_weekly,seen_test,conformal_upper_bound,0.1,3,284,0.14418767605633795,0.10150000000000015,0.052717013684206254,-0.9109999999999996,0.009656550598709802,602.1889000000001,4,88,1932,779,2.842170943040401e-14,0.22193947902327368,0.95
seen,GSHP,5,seasonal_weekly,seen_test,conformal_upper_bound,0.15,1,284,0.1368957746478874,0.0,0.04805572991675846,-0.9110000000000005,0.008159847196400784,763.8449999999997,4,88,1799,912,5.684341886080802e-14,0.22193947902327368,0.95
seen,GSHP,5,seasonal_weekly,seen_test,conformal_upper_bound,0.15,2,284,0.13083556338028182,0.0,0.04617037684777668,-0.9110000000000005,0.0070256984696157945,783.3030000000001,4,88,1782,929,2.842170943040401e-14,0.22193947902327368,0.95
seen,GSHP,5,seasonal_weekly,seen_test,conformal_upper_bound,0.15,3,284,0.15790528169014095,0.0,0.05782230583198552,-0.9110000000000005,0.00853683642630993,786.4206500000004,4,88,1742,969,5.684341886080802e-14,0.22193947902327368,0.95
seen,GSHP,5,seasonal_weekly,seen_test,conformal_upper_bound,0.2,1,284,0.11382323943661972,0.0,0.03688415089337098,-1.1949999999999998,0.0053123843424451025,920.3652000000001,4,88,1723,988,5.684341886080802e-14,0.22193947902327368,0.95
seen,GSHP,5,seasonal_weekly,seen_test,conformal_upper_bound,0.2,2,284,0.06878873239436618,0.0,0.02124604464768353,-1.1949999999999998,0.0031679441984648173,905.6551999999997,4,88,1645,1066,2.842170943040401e-14,0.22193947902327368,0.95
seen,GSHP,5,seasonal_weekly,seen_test,conformal_upper_bound,0.2,3,284,0.14743661971830985,0.0,0.050639590243771765,-1.1949999999999998,0.006312553759290546,919.9506000000002,4,88,1606,1105,2.842170943040401e-14,0.22193947902327368,0.95
seen,GSHP,5,elastic_net,seen_test,reference_no_forecast,0.0,0,284,0.0,0.0,0.0,0.0,0.0,0.0,132,0,0,0,0.0,0.22193947902327368,0.95
seen,GSHP,5,elastic_net,seen_test,median,0.05,1,284,0.0,0.0,0.0,0.0,0.0,0.0,132,0,0,0,0.0,0.22193947902327368,0.95
seen,GSHP,5,elastic_net,seen_test,median,0.05,2,284,0.0,0.0,0.0,0.0,0.0,0.0,132,0,0,0,0.0,0.22193947902327368,0.95
seen,GSHP,5,elastic_net,seen_test,median,0.05,3,284,0.0,0.0,0.0,0.0,0.0,0.0,132,0,0,0,0.0,0.22193947902327368,0.95
seen,GSHP,5,elastic_net,seen_test,median,0.1,1,284,0.0,0.0,0.0,0.0,0.0,0.0,132,0,0,0,0.0,0.22193947902327368,0.95
seen,GSHP,5,elastic_net,seen_test,median,0.1,2,284,0.0,0.0,0.0,0.0,0.0,0.0,132,0,0,0,0.0,0.22193947902327368,0.95
seen,GSHP,5,elastic_net,seen_test,median,0.1,3,284,0.0,0.0,0.0,0.0,0.0,0.0,132,0,0,0,0.0,0.22193947902327368,0.95
seen,GSHP,5,elastic_net,seen_test,median,0.15,1,284,0.0,0.0,0.0,0.0,0.0,0.0,132,0,0,0,0.0,0.22193947902327368,0.95
seen,GSHP,5,elastic_net,seen_test,median,0.15,2,284,0.0,0.0,0.0,0.0,0.0,0.0,132,0,0,0,0.0,0.22193947902327368,0.95
seen,GSHP,5,elastic_net,seen_test,median,0.15,3,284,0.0,0.0,0.0,0.0,0.0,0.0,132,0,0,0,0.0,0.22193947902327368,0.95
seen,GSHP,5,elastic_net,seen_test,median,0.2,1,284,0.0,0.0,0.0,0.0,0.0,0.0,132,0,0,0,0.0,0.22193947902327368,0.95
seen,GSHP,5,elastic_net,seen_test,median,0.2,2,284,0.0,0.0,0.0,0.0,0.0,0.0,132,0,0,0,0.0,0.22193947902327368,0.95
seen,GSHP,5,elastic_net,seen_test,median,0.2,3,284,0.0,0.0,0.0,0.0,0.0,0.0,132,0,0,0,0.0,0.22193947902327368,0.95
seen,GSHP,5,elastic_net,seen_test,conformal_upper_bound,0.05,1,284,-0.0009767501533243098,0.0,-0.0005341041537699062,-0.3297323936442389,-9.048225715379327e-05,111.96669898917486,47,7,894,866,2.842170943040401e-14,0.22193947902327368,0.95
seen,GSHP,5,elastic_net,seen_test,conformal_upper_bound,0.05,2,284,0.00250236256921009,0.0,0.0005163149796383692,-0.16207477179049157,0.00021427208359215324,138.77794656724157,47,7,1025,735,2.842170943040401e-14,0.22193947902327368,0.95
seen,GSHP,5,elastic_net,seen_test,conformal_upper_bound,0.05,3,284,0.004065143875744685,0.0,0.001046598256842637,-0.16078183068706675,0.00042822729652844513,139.95488491128603,47,7,1004,756,5.684341886080802e-14,0.22193947902327368,0.95
seen,GSHP,5,elastic_net,seen_test,conformal_upper_bound,0.1,1,284,-0.0035088251576821084,0.0,-0.0014857735861317672,-0.563440148436948,-0.00028112756250682117,169.2811874433264,47,7,807,953,2.842170943040401e-14,0.22193947902327368,0.95
seen,GSHP,5,elastic_net,seen_test,conformal_upper_bound,0.1,2,284,-0.00032320735122701443,0.0,-0.0005200497087967464,-0.3224154032115778,-0.00016169659029993325,218.0168578731735,47,7,909,851,2.842170943040401e-14,0.22193947902327368,0.95
seen,GSHP,5,elastic_net,seen_test,conformal_upper_bound,0.1,3,284,0.003109091105971459,0.0,0.0007792432593328253,-0.2890673544352169,0.00035357134477935384,213.98445008925285,47,7,844,916,2.842170943040401e-14,0.22193947902327368,0.95
seen,GSHP,5,elastic_net,seen_test,conformal_upper_bound,0.15,1,284,-0.005500063940745579,0.0,-0.002076492161467365,-0.563440148436948,-0.00047499222256659854,194.1362625978851,47,7,765,995,2.842170943040401e-14,0.22193947902327368,0.95
seen,GSHP,5,elastic_net,seen_test,conformal_upper_bound,0.15,2,284,-0.005408502240617913,0.0,-0.0022060589113460836,-0.6136231048173664,-0.0007973672723539808,263.1201265669138,47,7,853,907,5.684341886080802e-14,0.22193947902327368,0.95
seen,GSHP,5,elastic_net,seen_test,conformal_upper_bound,0.15,3,284,0.002996712296422659,0.0,0.0007269279695021083,-0.40296898662020286,0.0004030076383681352,254.11503876089188,47,7,761,999,5.684341886080802e-14,0.22193947902327368,0.95
seen,GSHP,5,elastic_net,seen_test,conformal_upper_bound,0.2,1,284,-0.006758646864369012,0.0,-0.002410680802958148,-0.563440148436948,-0.0005899467623712656,202.52537245071588,47,7,736,1024,2.842170943040401e-14,0.22193947902327368,0.95
seen,GSHP,5,elastic_net,seen_test,conformal_upper_bound,0.2,2,284,-0.008578496722133816,0.0,-0.0032523839690072323,-0.7850200273881023,-0.0011656234181821085,284.80520679515524,47,7,810,950,5.684341886080802e-14,0.22193947902327368,0.95
seen,GSHP,5,elastic_net,seen_test,conformal_upper_bound,0.2,3,284,0.0002273416818057244,0.0,-6.565789265525281e-05,-0.40296898662020286,1.0053832180875549e-05,272.9547308956165,47,7,700,1060,5.684341886080802e-14,0.22193947902327368,0.95
seen,GSHP,5,lightgbm,seen_test,reference_no_forecast,0.0,0,284,0.0,0.0,0.0,0.0,0.0,0.0,132,0,0,0,0.0,0.22193947902327368,0.95
seen,GSHP,5,lightgbm,seen_test,median,0.05,1,284,0.0,0.0,0.0,0.0,0.0,0.0,132,0,0,0,0.0,0.22193947902327368,0.95
seen,GSHP,5,lightgbm,seen_test,median,0.05,2,284,0.0,0.0,0.0,0.0,0.0,0.0,132,0,0,0,0.0,0.22193947902327368,0.95
seen,GSHP,5,lightgbm,seen_test,median,0.05,3,284,0.0,0.0,0.0,0.0,0.0,0.0,132,0,0,0,0.0,0.22193947902327368,0.95
seen,GSHP,5,lightgbm,seen_test,median,0.1,1,284,0.0,0.0,0.0,0.0,0.0,0.0,132,0,0,0,0.0,0.22193947902327368,0.95
seen,GSHP,5,lightgbm,seen_test,median,0.1,2,284,0.0,0.0,0.0,0.0,0.0,0.0,132,0,0,0,0.0,0.22193947902327368,0.95
seen,GSHP,5,lightgbm,seen_test,median,0.1,3,284,0.0,0.0,0.0,0.0,0.0,0.0,132,0,0,0,0.0,0.22193947902327368,0.95
seen,GSHP,5,lightgbm,seen_test,median,0.15,1,284,0.0,0.0,0.0,0.0,0.0,0.0,132,0,0,0,0.0,0.22193947902327368,0.95
seen,GSHP,5,lightgbm,seen_test,median,0.15,2,284,0.0,0.0,0.0,0.0,0.0,0.0,132,0,0,0,0.0,0.22193947902327368,0.95
seen,GSHP,5,lightgbm,seen_test,median,0.15,3,284,0.0,0.0,0.0,0.0,0.0,0.0,132,0,0,0,0.0,0.22193947902327368,0.95
seen,GSHP,5,lightgbm,seen_test,median,0.2,1,284,0.0,0.0,0.0,0.0,0.0,0.0,132,0,0,0,0.0,0.22193947902327368,0.95
seen,GSHP,5,lightgbm,seen_test,median,0.2,2,284,0.0,0.0,0.0,0.0,0.0,0.0,132,0,0,0,0.0,0.22193947902327368,0.95
seen,GSHP,5,lightgbm,seen_test,median,0.2,3,284,0.0,0.0,0.0,0.0,0.0,0.0,132,0,0,0,0.0,0.22193947902327368,0.95
seen,GSHP,5,lightgbm,seen_test,conformal_upper_bound,0.05,1,284,-0.0003922621456156385,0.0,-0.0001192223535766316,-0.1478285009607445,-4.103907127660683e-05,68.2247424086884,62,4,570,1057,5.684341886080802e-14,0.22193947902327368,0.95
seen,GSHP,5,lightgbm,seen_test,conformal_upper_bound,0.05,2,284,0.0012199912049118747,0.0,0.00032030307675325065,-0.16799366067564314,0.00011638695603063769,95.66087660435255,62,4,727,900,2.842170943040401e-14,0.22193947902327368,0.95
seen,GSHP,5,lightgbm,seen_test,conformal_upper_bound,0.05,3,284,0.0004012409073919119,0.0,0.00011004668089882355,-0.17122703933733252,3.445759219522035e-05,96.55577293820943,62,4,704,923,2.842170943040401e-14,0.22193947902327368,0.95
seen,GSHP,5,lightgbm,seen_test,conformal_upper_bound,0.1,1,284,-0.002898258072446602,0.0,-0.0008787903445643312,-0.30265834481491316,-0.00027994329101445667,100.58118309926871,62,4,516,1111,5.684341886080802e-14,0.22193947902327368,0.95
seen,GSHP,5,lightgbm,seen_test,conformal_upper_bound,0.1,2,284,0.0008147514181777742,0.0,0.00015785973270923445,-0.28923061000385264,8.406994059451894e-05,152.36001212901027,62,4,650,977,5.684341886080802e-14,0.22193947902327368,0.95
seen,GSHP,5,lightgbm,seen_test,conformal_upper_bound,0.1,3,284,0.0002482216397317706,0.0,6.501459231036148e-05,-0.28923061000385264,4.9912220921480016e-05,143.5645981747043,62,4,582,1045,2.842170943040401e-14,0.22193947902327368,0.95
seen,GSHP,5,lightgbm,seen_test,conformal_upper_bound,0.15,1,284,-0.003605861826686539,0.0,-0.0010868610350755709,-0.35767869853113377,-0.0003538812307147325,112.73184651041277,62,4,493,1134,5.684341886080802e-14,0.22193947902327368,0.95
seen,GSHP,5,lightgbm,seen_test,conformal_upper_bound,0.15,2,284,-0.0001269254791983226,0.0,-0.00016219191355933948,-0.28923061000385264,-4.6174442363052054e-05,187.15309732859942,62,4,617,1010,2.842170943040401e-14,0.22193947902327368,0.95
seen,GSHP,5,lightgbm,seen_test,conformal_upper_bound,0.15,3,284,0.00029808143158850214,0.0,7.741752560805596e-05,-0.28923061000385264,5.6771724435263014e-05,169.78356472357544,62,4,517,1110,2.842170943040401e-14,0.22193947902327368,0.95
seen,GSHP,5,lightgbm,seen_test,conformal_upper_bound,0.2,1,284,-0.004092341394589243,0.0,-0.0012258949213009795,-0.4926407891374729,-0.00040526743302836534,116.1023254438114,62,4,475,1152,5.684341886080802e-14,0.22193947902327368,0.95
seen,GSHP,5,lightgbm,seen_test,conformal_upper_bound,0.2,2,284,-0.001098407901785167,0.0,-0.00048812478039520656,-0.3936407891374727,-0.0001693248014292622,207.54087200959677,62,4,594,1033,2.842170943040401e-14,0.22193947902327368,0.95
seen,GSHP,5,lightgbm,seen_test,conformal_upper_bound,0.2,3,284,0.00029808143158850214,0.0,7.741752560805596e-05,-0.28923061000385264,5.6771724435263014e-05,184.31773368110188,62,4,486,1141,2.842170943040401e-14,0.22193947902327368,0.95
seen,mixed,4,persistence,seen_test,reference_no_forecast,0.0,0,1288,0.0,0.0,0.0,0.0,0.0,0.0,485,0,0,0,0.0,0.26130325287621625,0.95
seen,mixed,4,persistence,seen_test,median,0.05,1,1288,0.0,0.0,0.0,0.0,0.0,0.0,440,3,0,4560,0.0,0.26130325287621625,0.95
seen,mixed,4,persistence,seen_test,median,0.05,2,1288,0.0,0.0,0.0,0.0,0.0,0.0,440,3,0,4560,0.0,0.26130325287621625,0.95
seen,mixed,4,persistence,seen_test,median,0.05,3,1288,0.0,0.0,0.0,0.0,0.0,0.0,440,3,0,4560,0.0,0.26130325287621625,0.95
seen,mixed,4,persistence,seen_test,median,0.1,1,1288,0.0,0.0,0.0,0.0,0.0,0.0,440,3,0,4560,0.0,0.26130325287621625,0.95
seen,mixed,4,persistence,seen_test,median,0.1,2,1288,0.0,0.0,0.0,0.0,0.0,0.0,440,3,0,4560,0.0,0.26130325287621625,0.95
seen,mixed,4,persistence,seen_test,median,0.1,3,1288,0.0,0.0,0.0,0.0,0.0,0.0,440,3,0,4560,0.0,0.26130325287621625,0.95
seen,mixed,4,persistence,seen_test,median,0.15,1,1288,0.0,0.0,0.0,0.0,0.0,0.0,440,3,0,4560,0.0,0.26130325287621625,0.95
seen,mixed,4,persistence,seen_test,median,0.15,2,1288,0.0,0.0,0.0,0.0,0.0,0.0,440,3,0,4560,0.0,0.26130325287621625,0.95
seen,mixed,4,persistence,seen_test,median,0.15,3,1288,0.0,0.0,0.0,0.0,0.0,0.0,440,3,0,4560,0.0,0.26130325287621625,0.95
seen,mixed,4,persistence,seen_test,median,0.2,1,1288,0.0,0.0,0.0,0.0,0.0,0.0,440,3,0,4560,0.0,0.26130325287621625,0.95
seen,mixed,4,persistence,seen_test,median,0.2,2,1288,0.0,0.0,0.0,0.0,0.0,0.0,440,3,0,4560,0.0,0.26130325287621625,0.95
seen,mixed,4,persistence,seen_test,median,0.2,3,1288,0.0,0.0,0.0,0.0,0.0,0.0,440,3,0,4560,0.0,0.26130325287621625,0.95
seen,mixed,4,persistence,seen_test,conformal_upper_bound,0.05,1,1288,-0.0002199922360248442,0.0,-8.097965196842215e-05,-0.22199999999999998,-9.171154284553959e-05,261.81065,222,147,2836,19468,2.842170943040401e-14,0.26130325287621625,0.95
seen,mixed,4,persistence,seen_test,conformal_upper_bound,0.05,2,1288,0.0003837732919254646,0.0,0.00012186965581731858,-0.31000000000000005,-5.451101669083851e-05,299.3541499999999,222,147,3037,19267,2.842170943040401e-14,0.26130325287621625,0.95
seen,mixed,4,persistence,seen_test,conformal_upper_bound,0.05,3,1288,0.00033062888198757956,0.0,0.00017634694843706692,-0.31000000000000005,-2.8956311197261813e-05,365.17910000000006,222,147,3502,18802,2.842170943040401e-14,0.26130325287621625,0.95
seen,mixed,4,persistence,seen_test,conformal_upper_bound,0.1,1,1288,-0.0009021739130434788,0.0,-0.00032066761344944793,-0.2980999999999998,-0.00019893895576733703,335.1435,222,147,2502,19802,5.684341886080802e-14,0.26130325287621625,0.95
seen,mixed,4,persistence,seen_test,conformal_upper_bound,0.1,2,1288,-0.0002857142857142861,0.0,-0.00011235447759898387,-0.31499999999999906,-0.00017446402925488678,366.0767,222,147,2514,19790,2.842170943040401e-14,0.26130325287621625,0.95
seen,mixed,4,persistence,seen_test,conformal_upper_bound,0.1,3,1288,-0.0015237577639751556,0.0,-0.0003807994126133819,-0.47079999999999966,-0.00025940856372686915,488.76830000000047,222,147,3013,19291,2.842170943040401e-14,0.26130325287621625,0.95
seen,mixed,4,persistence,seen_test,conformal_upper_bound,0.15,1,1288,-0.001181677018633541,0.0,-0.00041738083734499474,-0.31000000000000005,-0.00024075135589468575,365.0743499999999,222,147,2457,19847,2.842170943040401e-14,0.26130325287621625,0.95
seen,mixed,4,persistence,seen_test,conformal_upper_bound,0.15,2,1288,-0.0009309006211180132,0.0,-0.00032890563298202345,-0.42659999999999965,-0.00025935839717252995,393.19995000000006,222,147,2273,20031,2.842170943040401e-14,0.26130325287621625,0.95
seen,mixed,4,persistence,seen_test,conformal_upper_bound,0.15,3,1288,-0.0027429736024844704,0.0,-0.0008459588291524532,-0.5089999999999995,-0.0004157408672876294,548.80395,222,147,2810,19494,2.842170943040401e-14,0.26130325287621625,0.95
seen,mixed,4,persistence,seen_test,conformal_upper_bound,0.2,1,1288,-0.0012872670807453428,0.0,-0.0004562742290896301,-0.31000000000000005,-0.0002561127096251549,367.14799999999997,222,147,2457,19847,2.842170943040401e-14,0.26130325287621625,0.95
seen,mixed,4,persistence,seen_test,conformal_upper_bound,0.2,2,1288,-0.0011692546583850945,0.0,-0.000415482799028285,-0.46999999999999975,-0.0002895733289106604,401.5451999999998,222,147,2225,20079,2.842170943040401e-14,0.26130325287621625,0.95
seen,mixed,4,persistence,seen_test,conformal_upper_bound,0.2,3,1288,-0.0033697204968944094,0.0,-0.0010874122213111168,-0.5651999999999999,-0.0004976217566598485,569.2370000000002,222,147,2736,19568,2.842170943040401e-14,0.26130325287621625,0.95
seen,mixed,4,seasonal_daily,seen_test,reference_no_forecast,0.0,0,1288,0.0,0.0,0.0,0.0,0.0,0.0,485,0,0,0,0.0,0.26130325287621625,0.95
seen,mixed,4,seasonal_daily,seen_test,median,0.05,1,1288,0.013766653726708076,0.0,0.004342518620479396,-0.4009999999999998,0.0010308713452601033,420.66674999999964,109,117,2691,122,5.684341886080802e-14,0.26130325287621625,0.95
seen,mixed,4,seasonal_daily,seen_test,median,0.05,2,1288,0.01601556677018633,0.0,0.005082760367086898,-0.7830000000000004,0.0013281620950017592,436.9380499999997,109,117,2775,38,5.684341886080802e-14,0.26130325287621625,0.95
seen,mixed,4,seasonal_daily,seen_test,median,0.05,3,1288,0.016622903726708074,0.0,0.005274649749708422,-0.9131000000000009,0.0014142033570988415,439.7781999999997,109,117,2790,23,5.684341886080802e-14,0.26130325287621625,0.95
seen,mixed,4,seasonal_daily,seen_test,median,0.1,1,1288,0.01838097826086957,0.0,0.005758903662129503,-0.7829999999999995,0.0009982996689939774,805.3160999999999,109,117,2634,179,5.684341886080802e-14,0.26130325287621625,0.95
seen,mixed,4,seasonal_daily,seen_test,median,0.1,2,1288,0.020306832298136658,0.0,0.0064982111287660614,-1.0823,0.0012518743971256273,839.5554999999996,109,117,2706,107,1.1368683772161603e-13,0.26130325287621625,0.95
seen,mixed,4,seasonal_daily,seen_test,median,0.1,3,1288,0.01846894409937889,0.0,0.006026874006903823,-1.1980000000000004,0.0010932740997220938,848.1996999999996,109,117,2731,82,5.684341886080802e-14,0.26130325287621625,0.95
seen,mixed,4,seasonal_daily,seen_test,median,0.15,1,1288,0.016376358695652172,0.0,0.005098907552512946,-0.8809500000000003,0.0003077584032436958,1150.518750000001,109,117,2582,231,5.684341886080802e-14,0.26130325287621625,0.95
seen,mixed,4,seasonal_daily,seen_test,median,0.15,2,1288,0.015015799689440978,0.0,0.0051272446695673594,-1.1980000000000004,0.0001563840744661366,1196.2505000000008,109,117,2631,182,5.684341886080802e-14,0.26130325287621625,0.95
seen,mixed,4,seasonal_daily,seen_test,median,0.15,3,1288,0.009527329192546567,0.0,0.0032719786988190313,-1.1979999999999995,-0.0002933177248962693,1202.1497500000005,109,117,2630,183,5.684341886080802e-14,0.26130325287621625,0.95
seen,mixed,4,seasonal_daily,seen_test,median,0.2,1,1288,0.0041591614906832265,0.0,0.0013834048740585952,-1.1979999999999995,-0.001447958273049673,1450.1046000000003,109,117,2536,277,5.684341886080802e-14,0.26130325287621625,0.95
seen,mixed,4,seasonal_daily,seen_test,median,0.2,2,1288,0.0006130434782608575,0.0,0.0008248026684016319,-1.1979999999999995,-0.0017465588948017505,1500.6241999999995,109,117,2523,290,5.684341886080802e-14,0.26130325287621625,0.95
seen,mixed,4,seasonal_daily,seen_test,median,0.2,3,1288,-0.007598602484472057,0.0,-0.0018862500753933874,-1.4189999999999996,-0.0024103420169103154,1491.6331999999998,109,117,2516,297,5.684341886080802e-14,0.26130325287621625,0.95
seen,mixed,4,seasonal_daily,seen_test,conformal_upper_bound,0.05,1,1288,0.043843245341614934,0.0,0.014882998020135879,-0.5350000000000001,0.0033278607136850973,1641.562299999999,3,392,10377,2704,5.684341886080802e-14,0.26130325287621625,0.95
seen,mixed,4,seasonal_daily,seen_test,conformal_upper_bound,0.05,2,1288,0.0418346661490683,0.0,0.014228914446857387,-0.8332000000000006,0.0028777960344914862,1859.6526500000002,3,392,11461,1620,5.684341886080802e-14,0.26130325287621625,0.95
seen,mixed,4,seasonal_daily,seen_test,conformal_upper_bound,0.05,3,1288,0.03689161490683229,0.0,0.012672950201176567,-0.8332000000000006,0.0022365817512932044,1931.7211,3,392,11829,1252,5.684341886080802e-14,0.26130325287621625,0.95
seen,mixed,4,seasonal_daily,seen_test,conformal_upper_bound,0.1,1,1288,0.05195194099378881,0.0,0.01730845739949303,-0.8561999999999999,0.0021956849644066017,2911.177800000002,3,392,9768,3313,1.1368683772161603e-13,0.26130325287621625,0.95
seen,mixed,4,seasonal_daily,seen_test,conformal_upper_bound,0.1,2,1288,0.04337562111801236,0.0,0.01458659038315913,-0.9573000000000009,0.0009961044457263268,3216.5753000000027,3,392,10380,2701,5.684341886080802e-14,0.26130325287621625,0.95
seen,mixed,4,seasonal_daily,seen_test,conformal_upper_bound,0.1,3,1288,0.032427096273291885,0.0,0.010878144539008282,-1.2289999999999992,-0.000152990353126211,3248.6046000000065,3,392,10375,2706,5.684341886080802e-14,0.26130325287621625,0.95
seen,mixed,4,seasonal_daily,seen_test,conformal_upper_bound,0.15,1,1288,0.04203322981366461,0.0,0.013354645819258049,-1.2250000000000005,-0.00011785764737592273,3871.7421500000028,3,392,9244,3837,5.684341886080802e-14,0.26130325287621625,0.95
seen,mixed,4,seasonal_daily,seen_test,conformal_upper_bound,0.15,2,1288,0.029474378881987583,0.0,0.009141888377866147,-1.3760000000000012,-0.0016046979392572585,4166.468200000003,3,392,9443,3638,5.684341886080802e-14,0.26130325287621625,0.95
seen,mixed,4,seasonal_daily,seen_test,conformal_upper_bound,0.15,3,1288,0.01711199534161488,0.0,0.00497075106141079,-1.41885,-0.002850169466473428,4145.8779,3,392,9248,3833,5.684341886080802e-14,0.26130325287621625,0.95
seen,mixed,4,seasonal_daily,seen_test,conformal_upper_bound,0.2,1,1288,0.02265822981366462,0.0,0.00579499673978148,-1.2250000000000005,-0.0030524447342278253,4583.061400000002,3,392,8806,4275,5.684341886080802e-14,0.26130325287621625,0.95
seen,mixed,4,seasonal_daily,seen_test,conformal_upper_bound,0.2,2,1288,0.012061956521739123,0.0,0.0024182164443204298,-1.3760000000000012,-0.0041839184790227035,4839.884600000008,3,392,8716,4365,5.684341886080802e-14,0.26130325287621625,0.95
seen,mixed,4,seasonal_daily,seen_test,conformal_upper_bound,0.2,3,1288,0.004677484472049637,0.0,-9.304784903294977e-05,-1.7708000000000004,-0.004588541609242527,4763.8200000000015,3,392,8375,4706,5.684341886080802e-14,0.26130325287621625,0.95
seen,mixed,4,seasonal_weekly,seen_test,reference_no_forecast,0.0,0,1288,0.0,0.0,0.0,0.0,0.0,0.0,485,0,0,0,0.0,0.26130325287621625,0.95
seen,mixed,4,seasonal_weekly,seen_test,median,0.05,1,1288,0.007818245341614901,0.0,0.0025084485253910683,-0.504,0.0003925496480684776,384.12044999999983,131,101,2461,236,5.684341886080802e-14,0.26130325287621625,0.95
seen,mixed,4,seasonal_weekly,seen_test,median,0.05,2,1288,0.010072282608695655,0.0,0.0032391577147981242,-0.504,0.0007048138730073794,407.0660999999998,131,101,2588,109,5.684341886080802e-14,0.26130325287621625,0.95
seen,mixed,4,seasonal_weekly,seen_test,median,0.05,3,1288,0.011487927018633541,0.0,0.003617268995680446,-0.43299999999999983,0.0007763328402096872,408.65994999999964,131,101,2578,119,5.684341886080802e-14,0.26130325287621625,0.95
seen,mixed,4,seasonal_weekly,seen_test,median,0.1,1,1288,0.0073618012422360215,0.0,0.002430938674209239,-0.9270000000000005,-0.00011112794508466342,727.3015999999992,131,101,2405,292,5.684341886080802e-14,0.26130325287621625,0.95
seen,mixed,4,seasonal_weekly,seen_test,median,0.1,2,1288,0.011477173913043474,0.0,0.003679890301210573,-1.1183000000000005,0.00044945723108226606,765.4210999999997,131,101,2491,206,5.684341886080802e-14,0.26130325287621625,0.95
seen,mixed,4,seasonal_weekly,seen_test,median,0.1,3,1288,0.01333509316770186,0.0,0.004290941789884789,-1.1183000000000005,0.000598744201235614,761.6749000000001,131,101,2450,247,5.684341886080802e-14,0.26130325287621625,0.95
seen,mixed,4,seasonal_weekly,seen_test,median,0.15,1,1288,-0.0007619177018633578,0.0,-0.0001384019807398075,-0.9911999999999996,-0.0013901864831782338,1030.61285,131,101,2326,371,1.1368683772161603e-13,0.26130325287621625,0.95
seen,mixed,4,seasonal_weekly,seen_test,median,0.15,2,1288,-0.0006618012422360223,0.0,3.771533921984783e-05,-1.4589999999999996,-0.0013892162107112414,1083.0466500000002,131,101,2390,307,5.684341886080802e-14,0.26130325287621625,0.95
seen,mixed,4,seasonal_weekly,seen_test,median,0.15,3,1288,0.0030862965838509243,0.0,0.0012299679707331009,-1.4589999999999996,-0.0009099120489134933,1069.2710000000002,131,101,2341,356,5.684341886080802e-14,0.26130325287621625,0.95
seen,mixed,4,seasonal_weekly,seen_test,median,0.2,1,1288,-0.01130326086956522,0.0,-0.0034265365697925326,-1.4589999999999996,-0.002733010207592113,1286.185800000001,131,101,2281,416,5.684341886080802e-14,0.26130325287621625,0.95
seen,mixed,4,seasonal_weekly,seen_test,median,0.2,2,1288,-0.01824627329192547,0.0,-0.005265648271725541,-1.5343999999999998,-0.003446553126199767,1350.9657999999993,131,101,2313,384,5.684341886080802e-14,0.26130325287621625,0.95
seen,mixed,4,seasonal_weekly,seen_test,median,0.2,3,1288,-0.01662872670807454,0.0,-0.004810839144010313,-1.5343999999999998,-0.0032107575025112542,1333.6343999999992,131,101,2236,461,5.684341886080802e-14,0.26130325287621625,0.95
seen,mixed,4,seasonal_weekly,seen_test,conformal_upper_bound,0.05,1,1288,0.03801513975155284,0.0,0.013518452044914074,-0.5667999999999997,0.002189238219999094,1863.5317499999999,4,402,11756,3572,1.1368683772161603e-13,0.26130325287621625,0.95
seen,mixed,4,seasonal_weekly,seen_test,conformal_upper_bound,0.05,2,1288,0.03671882763975164,0.0,0.013231412655061498,-0.6734499999999999,0.0019247405584593392,2061.4922,4,402,12738,2590,5.684341886080802e-14,0.26130325287621625,0.95
seen,mixed,4,seasonal_weekly,seen_test,conformal_upper_bound,0.05,3,1288,0.038477523291925546,0.0,0.013574687896968678,-1.0211000000000001,0.002155204034919805,2105.950249999997,4,402,12918,2410,5.684341886080802e-14,0.26130325287621625,0.95
seen,mixed,4,seasonal_weekly,seen_test,conformal_upper_bound,0.1,1,1288,0.045069099378881976,0.0,0.016393343638961153,-0.7862000000000009,0.0009570264196369573,3296.6589999999983,4,402,11122,4206,5.684341886080802e-14,0.26130325287621625,0.95
seen,mixed,4,seasonal_weekly,seen_test,conformal_upper_bound,0.1,2,1288,0.03520846273291924,0.0,0.013142331876679732,-1.3131999999999993,-0.0002657249623476632,3506.975099999998,4,402,11391,3937,5.684341886080802e-14,0.26130325287621625,0.95
seen,mixed,4,seasonal_weekly,seen_test,conformal_upper_bound,0.1,3,1288,0.03448214285714286,0.0,0.01268311895853909,-1.3770000000000011,-0.0003959717697938282,3550.7791999999963,4,402,11355,3973,5.684341886080802e-14,0.26130325287621625,0.95
seen,mixed,4,seasonal_weekly,seen_test,conformal_upper_bound,0.15,1,1288,0.03729510869565217,0.0,0.013907750086016192,-1.1680000000000001,-0.0014899286369190947,4338.6882,4,402,10430,4898,5.684341886080802e-14,0.26130325287621625,0.95
seen,mixed,4,seasonal_weekly,seen_test,conformal_upper_bound,0.15,2,1288,0.02132069099378878,0.0,0.007880269808550402,-1.6349999999999998,-0.0030862473934992855,4493.117700000003,4,402,10308,5020,5.684341886080802e-14,0.26130325287621625,0.95
seen,mixed,4,seasonal_weekly,seen_test,conformal_upper_bound,0.15,3,1288,0.02383947981366458,0.0,0.008535164978331853,-1.3770000000000002,-0.0025818446400619702,4520.101400000002,4,402,10129,5199,5.684341886080802e-14,0.26130325287621625,0.95
seen,mixed,4,seasonal_weekly,seen_test,conformal_upper_bound,0.2,1,1288,0.017562422360248395,0.0,0.0063303681437264685,-1.3212000000000002,-0.00440986406596421,5085.340000000002,4,402,9861,5467,5.684341886080802e-14,0.26130325287621625,0.95
seen,mixed,4,seasonal_weekly,seen_test,conformal_upper_bound,0.2,2,1288,0.0002085403726707655,0.0,-0.0009924457127001881,-1.6530000000000014,-0.00578929791932567,5165.109600000005,4,402,9408,5920,5.684341886080802e-14,0.26130325287621625,0.95
seen,mixed,4,seasonal_weekly,seen_test,conformal_upper_bound,0.2,3,1288,0.01251009316770182,0.0,0.003344062666543276,-1.4156000000000004,-0.004391612681590188,5171.0282000000025,4,402,9139,6189,5.684341886080802e-14,0.26130325287621625,0.95
seen,mixed,4,elastic_net,seen_test,reference_no_forecast,0.0,0,1288,0.0,0.0,0.0,0.0,0.0,0.0,485,0,0,0,0.0,0.26130325287621625,0.95
seen,mixed,4,elastic_net,seen_test,median,0.05,1,1288,0.0,0.0,0.0,0.0,0.0,0.0,485,0,0,0,0.0,0.26130325287621625,0.95
seen,mixed,4,elastic_net,seen_test,median,0.05,2,1288,0.0,0.0,0.0,0.0,0.0,0.0,485,0,0,0,0.0,0.26130325287621625,0.95
seen,mixed,4,elastic_net,seen_test,median,0.05,3,1288,0.0,0.0,0.0,0.0,0.0,0.0,485,0,0,0,0.0,0.26130325287621625,0.95
seen,mixed,4,elastic_net,seen_test,median,0.1,1,1288,0.0,0.0,0.0,0.0,0.0,0.0,485,0,0,0,0.0,0.26130325287621625,0.95
seen,mixed,4,elastic_net,seen_test,median,0.1,2,1288,0.0,0.0,0.0,0.0,0.0,0.0,485,0,0,0,0.0,0.26130325287621625,0.95
seen,mixed,4,elastic_net,seen_test,median,0.1,3,1288,0.0,0.0,0.0,0.0,0.0,0.0,485,0,0,0,0.0,0.26130325287621625,0.95
seen,mixed,4,elastic_net,seen_test,median,0.15,1,1288,0.0,0.0,0.0,0.0,0.0,0.0,485,0,0,0,0.0,0.26130325287621625,0.95
seen,mixed,4,elastic_net,seen_test,median,0.15,2,1288,0.0,0.0,0.0,0.0,0.0,0.0,485,0,0,0,0.0,0.26130325287621625,0.95
seen,mixed,4,elastic_net,seen_test,median,0.15,3,1288,0.0,0.0,0.0,0.0,0.0,0.0,485,0,0,0,0.0,0.26130325287621625,0.95
seen,mixed,4,elastic_net,seen_test,median,0.2,1,1288,0.0,0.0,0.0,0.0,0.0,0.0,485,0,0,0,0.0,0.26130325287621625,0.95
seen,mixed,4,elastic_net,seen_test,median,0.2,2,1288,0.0,0.0,0.0,0.0,0.0,0.0,485,0,0,0,0.0,0.26130325287621625,0.95
seen,mixed,4,elastic_net,seen_test,median,0.2,3,1288,0.0,0.0,0.0,0.0,0.0,0.0,485,0,0,0,0.0,0.26130325287621625,0.95
seen,mixed,4,elastic_net,seen_test,conformal_upper_bound,0.05,1,1288,-0.00012421295601510146,0.0,-0.00013433458207279343,-0.27298611386517857,-5.774411858397771e-05,197.38380775878343,272,35,1840,3381,5.684341886080802e-14,0.26130325287621625,0.95
seen,mixed,4,elastic_net,seen_test,conformal_upper_bound,0.05,2,1288,0.0003560748603545656,0.0,7.282617180247537e-05,-0.27298611386517857,2.1932137227866277e-05,250.97798196241925,272,35,2156,3065,5.684341886080802e-14,0.26130325287621625,0.95
seen,mixed,4,elastic_net,seen_test,conformal_upper_bound,0.05,3,1288,-0.001906217969653123,0.0,-0.000706356233359591,-0.4126450876468475,-0.00029840261858181193,323.1799344110718,272,35,2550,2671,5.684341886080802e-14,0.26130325287621625,0.95
seen,mixed,4,elastic_net,seen_test,conformal_upper_bound,0.1,1,1288,-0.0011755527135926473,0.0,-0.0004570726823719384,-0.29204007792039954,-0.00018810117317125946,269.6206089195541,272,35,1654,3567,5.684341886080802e-14,0.26130325287621625,0.95
seen,mixed,4,elastic_net,seen_test,conformal_upper_bound,0.1,2,1288,-0.00038295792155861876,0.0,-0.0001247396947774754,-0.32167334167672124,-5.572980273745609e-05,336.66471265933507,272,35,1817,3404,5.684341886080802e-14,0.26130325287621625,0.95
seen,mixed,4,elastic_net,seen_test,conformal_upper_bound,0.1,3,1288,-0.004268558963828813,0.0,-0.0014230212199203283,-0.4235166720610204,-0.0005663424356568134,459.28531325750726,272,35,2168,3053,5.684341886080802e-14,0.26130325287621625,0.95
seen,mixed,4,elastic_net,seen_test,conformal_upper_bound,0.15,1,1288,-0.0018239395685140695,0.0,-0.0006692448388389016,-0.4282627337758411,-0.00027629742451821306,299.6452299782171,272,35,1608,3613,5.684341886080802e-14,0.26130325287621625,0.95
seen,mixed,4,elastic_net,seen_test,conformal_upper_bound,0.15,2,1288,-0.0009070237955287663,0.0,-0.0002841751579891862,-0.32167334167672124,-0.0001288998923381107,373.94784622097717,272,35,1665,3556,5.684341886080802e-14,0.26130325287621625,0.95
seen,mixed,4,elastic_net,seen_test,conformal_upper_bound,0.15,3,1288,-0.006348943940051558,0.0,-0.002065733007053235,-0.43432204296729626,-0.0008222154795930339,529.4898878634641,272,35,1966,3255,5.684341886080802e-14,0.26130325287621625,0.95
seen,mixed,4,elastic_net,seen_test,conformal_upper_bound,0.2,1,1288,-0.0018281430056973304,0.0,-0.0006704437655882628,-0.4336767608678809,-0.0002766679240025559,303.2911535402192,272,35,1606,3615,5.684341886080802e-14,0.26130325287621625,0.95
seen,mixed,4,elastic_net,seen_test,conformal_upper_bound,0.2,2,1288,-0.0013151149221813264,0.0,-0.00040986856661057007,-0.4128178368782236,-0.00018375585224221063,383.1379019108134,272,35,1627,3594,5.684341886080802e-14,0.26130325287621625,0.95
seen,mixed,4,elastic_net,seen_test,conformal_upper_bound,0.2,3,1288,-0.007987128786569634,0.0,-0.002622331530636028,-0.5057064094319932,-0.0010515812384851227,562.7029475169866,272,35,1867,3354,5.684341886080802e-14,0.26130325287621625,0.95
seen,mixed,4,lightgbm,seen_test,reference_no_forecast,0.0,0,1288,0.0,0.0,0.0,0.0,0.0,0.0,485,0,0,0,0.0,0.26130325287621625,0.95
seen,mixed,4,lightgbm,seen_test,median,0.05,1,1288,0.0,0.0,0.0,0.0,0.0,0.0,485,0,0,0,0.0,0.26130325287621625,0.95
seen,mixed,4,lightgbm,seen_test,median,0.05,2,1288,0.0,0.0,0.0,0.0,0.0,0.0,485,0,0,0,0.0,0.26130325287621625,0.95
seen,mixed,4,lightgbm,seen_test,median,0.05,3,1288,0.0,0.0,0.0,0.0,0.0,0.0,485,0,0,0,0.0,0.26130325287621625,0.95
seen,mixed,4,lightgbm,seen_test,median,0.1,1,1288,0.0,0.0,0.0,0.0,0.0,0.0,485,0,0,0,0.0,0.26130325287621625,0.95
seen,mixed,4,lightgbm,seen_test,median,0.1,2,1288,0.0,0.0,0.0,0.0,0.0,0.0,485,0,0,0,0.0,0.26130325287621625,0.95
seen,mixed,4,lightgbm,seen_test,median,0.1,3,1288,0.0,0.0,0.0,0.0,0.0,0.0,485,0,0,0,0.0,0.26130325287621625,0.95
seen,mixed,4,lightgbm,seen_test,median,0.15,1,1288,0.0,0.0,0.0,0.0,0.0,0.0,485,0,0,0,0.0,0.26130325287621625,0.95
seen,mixed,4,lightgbm,seen_test,median,0.15,2,1288,0.0,0.0,0.0,0.0,0.0,0.0,485,0,0,0,0.0,0.26130325287621625,0.95
seen,mixed,4,lightgbm,seen_test,median,0.15,3,1288,0.0,0.0,0.0,0.0,0.0,0.0,485,0,0,0,0.0,0.26130325287621625,0.95
seen,mixed,4,lightgbm,seen_test,median,0.2,1,1288,0.0,0.0,0.0,0.0,0.0,0.0,485,0,0,0,0.0,0.26130325287621625,0.95
seen,mixed,4,lightgbm,seen_test,median,0.2,2,1288,0.0,0.0,0.0,0.0,0.0,0.0,485,0,0,0,0.0,0.26130325287621625,0.95
seen,mixed,4,lightgbm,seen_test,median,0.2,3,1288,0.0,0.0,0.0,0.0,0.0,0.0,485,0,0,0,0.0,0.26130325287621625,0.95
seen,mixed,4,lightgbm,seen_test,conformal_upper_bound,0.05,1,1288,-0.0004817430847387788,0.0,-0.00019972803903393183,-0.28751524348208335,-7.185783092211119e-05,218.315039443137,250,58,1986,4834,5.684341886080802e-14,0.26130325287621625,0.95
seen,mixed,4,lightgbm,seen_test,conformal_upper_bound,0.05,2,1288,-0.0009144652965198773,0.0,-0.0002831349082113853,-0.40083126715125283,-9.117305772912267e-05,307.9864871673253,250,58,2500,4320,5.684341886080802e-14,0.26130325287621625,0.95
seen,mixed,4,lightgbm,seen_test,conformal_upper_bound,0.05,3,1288,-0.001765065660099176,0.0,-0.0005653817946019527,-0.40083126715125283,-0.00020330331773327939,389.47071066106406,250,58,2929,3891,5.684341886080802e-14,0.26130325287621625,0.95
seen,mixed,4,lightgbm,seen_test,conformal_upper_bound,0.1,1,1288,-0.002116219997651347,0.0,-0.0007915797297809966,-0.4689206291765222,-0.0003143099562959698,299.7964673350235,250,58,1807,5013,5.684341886080802e-14,0.26130325287621625,0.95
seen,mixed,4,lightgbm,seen_test,conformal_upper_bound,0.1,2,1288,-0.0032922669672732167,0.0,-0.0010697354181259948,-0.4689206291765222,-0.0004170870090063697,443.3427688690242,250,58,2190,4630,5.684341886080802e-14,0.26130325287621625,0.95
seen,mixed,4,lightgbm,seen_test,conformal_upper_bound,0.1,3,1288,-0.005706126227858181,0.0,-0.001847563876074819,-0.5679437970318819,-0.0007042567484834517,599.2044392163854,250,58,2587,4233,5.684341886080802e-14,0.26130325287621625,0.95
seen,mixed,4,lightgbm,seen_test,conformal_upper_bound,0.15,1,1288,-0.0028773632441326893,0.0,-0.001081154969858422,-0.4689206291765222,-0.0004326269855381702,331.0471469375527,250,58,1730,5090,5.684341886080802e-14,0.26130325287621625,0.95
seen,mixed,4,lightgbm,seen_test,conformal_upper_bound,0.15,2,1288,-0.0047729731423197235,0.0,-0.0015654027693951965,-0.4689206291765222,-0.0006198518209501899,517.9283107752226,250,58,1995,4825,5.684341886080802e-14,0.26130325287621625,0.95
seen,mixed,4,lightgbm,seen_test,conformal_upper_bound,0.15,3,1288,-0.00882016105342475,0.0,-0.0028996986308726614,-0.7069770136045177,-0.0011473213811822114,722.0393014090544,250,58,2343,4477,5.684341886080802e-14,0.26130325287621625,0.95
seen,mixed,4,lightgbm,seen_test,conformal_upper_bound,0.2,1,1288,-0.0031116641044874275,0.0,-0.0011574797795025442,-0.5603838747962007,-0.0004604475640151839,338.9467763126561,250,58,1718,5102,5.684341886080802e-14,0.26130325287621625,0.95
seen,mixed,4,lightgbm,seen_test,conformal_upper_bound,0.2,2,1288,-0.0064036504821438885,0.0,-0.0020842875238392873,-0.5701550234001229,-0.0008378924370108086,559.2866860920885,250,58,1928,4892,5.684341886080802e-14,0.26130325287621625,0.95
seen,mixed,4,lightgbm,seen_test,conformal_upper_bound,0.2,3,1288,-0.011659014626818827,0.0,-0.0038345575232087087,-0.7069770136045177,-0.0015258761466071834,791.7555754741379,250,58,2228,4592,5.684341886080802e-14,0.26130325287621625,0.95
seen,mixed,5,persistence,seen_test,reference_no_forecast,0.0,0,1234,0.0,0.0,0.0,0.0,0.0,0.0,381,0,0,0,0.0,0.2969708251748879,0.95
seen,mixed,5,persistence,seen_test,median,0.05,1,1234,0.0,0.0,0.0,0.0,0.0,0.0,348,1,0,3230,0.0,0.2969708251748879,0.95
seen,mixed,5,persistence,seen_test,median,0.05,2,1234,0.0,0.0,0.0,0.0,0.0,0.0,348,1,0,3230,0.0,0.2969708251748879,0.95
seen,mixed,5,persistence,seen_test,median,0.05,3,1234,0.0,0.0,0.0,0.0,0.0,0.0,348,1,0,3230,0.0,0.2969708251748879,0.95
seen,mixed,5,persistence,seen_test,median,0.1,1,1234,0.0,0.0,0.0,0.0,0.0,0.0,348,1,0,3230,0.0,0.2969708251748879,0.95
seen,mixed,5,persistence,seen_test,median,0.1,2,1234,0.0,0.0,0.0,0.0,0.0,0.0,348,1,0,3230,0.0,0.2969708251748879,0.95
seen,mixed,5,persistence,seen_test,median,0.1,3,1234,0.0,0.0,0.0,0.0,0.0,0.0,348,1,0,3230,0.0,0.2969708251748879,0.95
seen,mixed,5,persistence,seen_test,median,0.15,1,1234,0.0,0.0,0.0,0.0,0.0,0.0,348,1,0,3230,0.0,0.2969708251748879,0.95
seen,mixed,5,persistence,seen_test,median,0.15,2,1234,0.0,0.0,0.0,0.0,0.0,0.0,348,1,0,3230,0.0,0.2969708251748879,0.95
seen,mixed,5,persistence,seen_test,median,0.15,3,1234,0.0,0.0,0.0,0.0,0.0,0.0,348,1,0,3230,0.0,0.2969708251748879,0.95
seen,mixed,5,persistence,seen_test,median,0.2,1,1234,0.0,0.0,0.0,0.0,0.0,0.0,348,1,0,3230,0.0,0.2969708251748879,0.95
seen,mixed,5,persistence,seen_test,median,0.2,2,1234,0.0,0.0,0.0,0.0,0.0,0.0,348,1,0,3230,0.0,0.2969708251748879,0.95
seen,mixed,5,persistence,seen_test,median,0.2,3,1234,0.0,0.0,0.0,0.0,0.0,0.0,348,1,0,3230,0.0,0.2969708251748879,0.95
seen,mixed,5,persistence,seen_test,conformal_upper_bound,0.05,1,1234,-0.0009325364667747152,0.0,-0.0002832649906504677,-0.31400000000000006,-0.00011735831996525217,177.7657999999999,150,100,1485,19055,5.684341886080802e-14,0.2969708251748879,0.95
seen,mixed,5,persistence,seen_test,conformal_upper_bound,0.05,2,1234,-0.00041661264181523574,0.0,-0.00013814314541158427,-0.31400000000000006,-5.7641353165482765e-05,208.14144999999982,150,100,1602,18938,5.684341886080802e-14,0.2969708251748879,0.95
seen,mixed,5,persistence,seen_test,conformal_upper_bound,0.05,3,1234,-0.0009331847649918951,0.0,-0.00030936544381486466,-0.38965000000000005,-0.0001082578699108997,237.9870499999999,150,100,1727,18813,5.684341886080802e-14,0.2969708251748879,0.95
seen,mixed,5,persistence,seen_test,conformal_upper_bound,0.1,1,1234,-0.0011889789303079403,0.0,-0.0003866161912628863,-0.3708999999999998,-0.00015720151257809443,213.23089999999982,150,100,1329,19211,5.684341886080802e-14,0.2969708251748879,0.95
seen,mixed,5,persistence,seen_test,conformal_upper_bound,0.1,2,1234,-0.0013209886547811977,0.0,-0.00039051771185291673,-0.3731,-0.00015927596368961079,247.21199999999993,150,100,1331,19209,5.684341886080802e-14,0.2969708251748879,0.95
seen,mixed,5,persistence,seen_test,conformal_upper_bound,0.1,3,1234,-0.0015807131280388955,0.0,-0.0005513494699354592,-0.4179999999999997,-0.00018733285197254705,290.3450999999997,150,100,1373,19167,5.684341886080802e-14,0.2969708251748879,0.95
seen,mixed,5,persistence,seen_test,conformal_upper_bound,0.15,1,1234,-0.0013249594813614246,0.0,-0.0004375433724032728,-0.4089999999999998,-0.00017720769980738776,219.50399999999976,150,100,1325,19215,5.684341886080802e-14,0.2969708251748879,0.95
seen,mixed,5,persistence,seen_test,conformal_upper_bound,0.15,2,1234,-0.001636952998379253,0.0,-0.0004891226700623686,-0.5169999999999995,-0.0001932530241675442,256.7574999999999,150,100,1271,19269,5.684341886080802e-14,0.2969708251748879,0.95
seen,mixed,5,persistence,seen_test,conformal_upper_bound,0.15,3,1234,-0.0022715964343598028,0.0,-0.0007997883175645657,-0.56305,-0.00027113266344097365,318.3908999999998,150,100,1269,19271,5.684341886080802e-14,0.2969708251748879,0.95
seen,mixed,5,persistence,seen_test,conformal_upper_bound,0.2,1,1234,-0.0013249594813614246,0.0,-0.0004375433724032728,-0.4089999999999998,-0.00017720769980738776,219.50399999999976,150,100,1325,19215,5.684341886080802e-14,0.2969708251748879,0.95
seen,mixed,5,persistence,seen_test,conformal_upper_bound,0.2,2,1234,-0.001636952998379253,0.0,-0.0004891226700623686,-0.5169999999999995,-0.0001932530241675442,256.89399999999983,150,100,1267,19273,5.684341886080802e-14,0.2969708251748879,0.95
seen,mixed,5,persistence,seen_test,conformal_upper_bound,0.2,3,1234,-0.002328200972447322,0.0,-0.0008252524822670927,-0.6039999999999996,-0.0002782355549511499,323.61199999999985,150,100,1264,19276,5.684341886080802e-14,0.2969708251748879,0.95
seen,mixed,5,seasonal_daily,seen_test,reference_no_forecast,0.0,0,1234,0.0,0.0,0.0,0.0,0.0,0.0,381,0,0,0,0.0,0.2969708251748879,0.95
seen,mixed,5,seasonal_daily,seen_test,median,0.05,1,1234,0.0013940842787682373,0.0,0.00020070866671339965,-0.5939999999999994,9.618714826569664e-05,642.4563999999996,77,66,3116,988,5.684341886080802e-14,0.2969708251748879,0.95
seen,mixed,5,seasonal_daily,seen_test,median,0.05,2,1234,0.0024110615883306307,0.0,0.0004899795864279099,-1.0466500000000014,0.00016139716507876582,714.634,77,66,3371,733,1.1368683772161603e-13,0.2969708251748879,0.95
seen,mixed,5,seasonal_daily,seen_test,median,0.05,3,1234,0.0010119529983792525,0.0,0.00010684519748230514,-1.3365500000000008,-2.855335829845299e-05,733.9514500000004,77,66,3448,656,5.684341886080802e-14,0.2969708251748879,0.95
seen,mixed,5,seasonal_daily,seen_test,median,0.1,1,1234,-0.014139384116693694,0.0,-0.003123525479822508,-1.2623999999999995,-0.001396620337828421,1153.7970999999989,77,66,2949,1155,1.1368683772161603e-13,0.2969708251748879,0.95
seen,mixed,5,seasonal_daily,seen_test,median,0.1,2,1234,-0.02164254457050245,0.0,-0.004248047451374599,-1.6713000000000005,-0.0021763552653253355,1258.0589,77,66,3097,1007,1.1368683772161603e-13,0.2969708251748879,0.95
seen,mixed,5,seasonal_daily,seen_test,median,0.1,3,1234,-0.022173176661264178,0.0,-0.004761832803640436,-1.7182000000000004,-0.0022292557777191906,1261.8761,77,66,3074,1030,5.684341886080802e-14,0.2969708251748879,0.95
seen,mixed,5,seasonal_daily,seen_test,median,0.15,1,1234,-0.035269327390599646,0.0,-0.007694322447512887,-1.5167000000000002,-0.00336007490256546,1566.6155499999988,77,66,2789,1315,1.1368683772161603e-13,0.2969708251748879,0.95
seen,mixed,5,seasonal_daily,seen_test,median,0.15,2,1234,-0.04728342787682332,0.0,-0.009877122217071635,-2.2390000000000008,-0.004637164982348532,1662.5647999999992,77,66,2831,1273,5.684341886080802e-14,0.2969708251748879,0.95
seen,mixed,5,seasonal_daily,seen_test,median,0.15,3,1234,-0.04272431118314424,0.0,-0.009313354001297762,-2.239,-0.004161390497007005,1657.6254499999989,77,66,2785,1319,5.684341886080802e-14,0.2969708251748879,0.95
seen,mixed,5,seasonal_daily,seen_test,median,0.2,1,1234,-0.05465850891410048,0.0,-0.011946559425250162,-1.6899999999999995,-0.005146069826512624,1898.6655999999994,77,66,2666,1438,1.1368683772161603e-13,0.2969708251748879,0.95
seen,mixed,5,seasonal_daily,seen_test,median,0.2,2,1234,-0.07156126418152343,0.0,-0.015511068521530077,-2.238999999999999,-0.006794140340209349,1991.584999999999,77,66,2625,1479,1.1368683772161603e-13,0.2969708251748879,0.95
seen,mixed,5,seasonal_daily,seen_test,median,0.2,3,1234,-0.06548152350081037,0.0,-0.014304368850749122,-2.238999999999999,-0.006180004122345829,1963.2341999999983,77,66,2546,1558,5.684341886080802e-14,0.2969708251748879,0.95
seen,mixed,5,seasonal_daily,seen_test,conformal_upper_bound,0.05,1,1234,-0.004399594813614258,0.0,-0.0008257031559470767,-0.7583500000000001,-0.0005538943359744541,1953.7983999999992,12,344,9428,5021,1.1368683772161603e-13,0.2969708251748879,0.95
seen,mixed,5,seasonal_daily,seen_test,conformal_upper_bound,0.05,2,1234,0.003024270664505644,0.0,0.0013966568639420518,-1.2380000000000013,0.00011766993936781086,2210.6027,12,344,10398,4051,5.684341886080802e-14,0.2969708251748879,0.95
seen,mixed,5,seasonal_daily,seen_test,conformal_upper_bound,0.05,3,1234,0.0015866693679092384,0.0,0.0008436810182056063,-1.2767999999999997,-0.0001112412889255936,2293.4117000000015,12,344,10675,3774,5.684341886080802e-14,0.2969708251748879,0.95
seen,mixed,5,seasonal_daily,seen_test,conformal_upper_bound,0.1,1,1234,-0.03561037277147484,0.0,-0.009162599362224659,-1.2379999999999995,-0.0038224841990633284,3381.2115999999996,12,344,8716,5733,1.1368683772161603e-13,0.2969708251748879,0.95
seen,mixed,5,seasonal_daily,seen_test,conformal_upper_bound,0.1,2,1234,-0.036547487844408415,0.0,-0.008506175347055488,-1.5740000000000007,-0.004106478192804639,3640.7451000000005,12,344,9047,5402,5.684341886080802e-14,0.2969708251748879,0.95
seen,mixed,5,seasonal_daily,seen_test,conformal_upper_bound,0.1,3,1234,-0.044724878444084265,0.0,-0.011088680369304259,-1.5740000000000007,-0.004948139346439352,3632.492699999998,12,344,8922,5527,5.684341886080802e-14,0.2969708251748879,0.95
seen,mixed,5,seasonal_daily,seen_test,conformal_upper_bound,0.15,1,1234,-0.07753711507293358,0.0,-0.020854228979115697,-1.4909,-0.008112175427990745,4446.055099999998,12,344,8149,6300,5.684341886080802e-14,0.2969708251748879,0.95
seen,mixed,5,seasonal_daily,seen_test,conformal_upper_bound,0.15,2,1234,-0.08170636142625605,0.0,-0.02113324644788221,-1.5739999999999998,-0.008571069317507906,4612.342650000001,12,344,8097,6352,5.684341886080802e-14,0.2969708251748879,0.95
seen,mixed,5,seasonal_daily,seen_test,conformal_upper_bound,0.15,3,1234,-0.08611969205834681,0.0,-0.022884927543022182,-1.6689999999999996,-0.009016073206185393,4472.742900000001,12,344,7717,6732,5.684341886080802e-14,0.2969708251748879,0.95
seen,mixed,5,seasonal_daily,seen_test,conformal_upper_bound,0.2,1,1234,-0.1115022690437601,0.0,-0.0307497353087985,-1.7009999999999996,-0.011431682586933434,5195.674200000003,12,344,7747,6702,5.684341886080802e-14,0.2969708251748879,0.95
seen,mixed,5,seasonal_daily,seen_test,conformal_upper_bound,0.2,2,1234,-0.12153419773095614,0.0,-0.03298604615008493,-1.6517999999999997,-0.012564779984854358,5258.232800000004,12,344,7422,7027,5.684341886080802e-14,0.2969708251748879,0.95
seen,mixed,5,seasonal_daily,seen_test,conformal_upper_bound,0.2,3,1234,-0.12240048622366283,0.0,-0.0337778301203607,-1.7009999999999996,-0.01243821486480115,5032.341599999998,12,344,6924,7525,5.684341886080802e-14,0.2969708251748879,0.95
seen,mixed,5,seasonal_weekly,seen_test,reference_no_forecast,0.0,0,1234,0.0,0.0,0.0,0.0,0.0,0.0,381,0,0,0,0.0,0.2969708251748879,0.95
seen,mixed,5,seasonal_weekly,seen_test,median,0.05,1,1234,-0.0023055915721231675,0.0,-0.000554947740398122,-0.6017000000000001,-0.0003122270873367851,607.9689999999999,99,79,2972,1128,1.1368683772161603e-13,0.2969708251748879,0.95
seen,mixed,5,seasonal_weekly,seen_test,median,0.05,2,1234,-0.005769773095623992,0.0,-0.0010226027265823193,-0.8520000000000003,-0.0005799903151859955,667.4686999999996,99,79,3207,893,5.684341886080802e-14,0.2969708251748879,0.95
seen,mixed,5,seasonal_weekly,seen_test,median,0.05,3,1234,-0.0017853322528363048,0.0,-0.00037445186679328595,-0.8520000000000003,-0.00028982599213888695,674.8308499999994,99,79,3215,885,5.684341886080802e-14,0.2969708251748879,0.95
seen,mixed,5,seasonal_weekly,seen_test,median,0.1,1,1234,-0.021896758508914087,0.0,-0.005016533116668688,-1.2034000000000002,-0.0023159461456621275,1082.7052999999996,99,79,2790,1310,1.1368683772161603e-13,0.2969708251748879,0.95
seen,mixed,5,seasonal_weekly,seen_test,median,0.1,2,1234,-0.021241085899513783,0.0,-0.004380865329133178,-1.2034000000000002,-0.0020411053267947663,1154.2716,99,79,2886,1214,5.684341886080802e-14,0.2969708251748879,0.95
seen,mixed,5,seasonal_weekly,seen_test,median,0.1,3,1234,-0.0191313614262561,0.0,-0.004498399594979917,-1.2948000000000013,-0.002055320287598337,1156.5899000000004,99,79,2868,1232,5.684341886080802e-14,0.2969708251748879,0.95
seen,mixed,5,seasonal_weekly,seen_test,median,0.15,1,1234,-0.04743472447325767,0.0,-0.011135746048177788,-1.8050999999999995,-0.004743516056130187,1471.4520000000007,99,79,2648,1452,1.1368683772161603e-13,0.2969708251748879,0.95
seen,mixed,5,seasonal_weekly,seen_test,median,0.15,2,1234,-0.051822974068071306,0.0,-0.011650392982440746,-1.8050999999999995,-0.00484715076312305,1552.0756000000001,99,79,2690,1410,5.684341886080802e-14,0.2969708251748879,0.95
seen,mixed,5,seasonal_weekly,seen_test,median,0.15,3,1234,-0.053806239870340326,0.0,-0.012444665850364222,-1.8839999999999995,-0.0051302876036928595,1540.571099999999,99,79,2638,1462,1.1368683772161603e-13,0.2969708251748879,0.95
seen,mixed,5,seasonal_weekly,seen_test,median,0.2,1,1234,-0.07203565640194494,0.0,-0.01705008581780484,-1.8330000000000002,-0.006923029702968609,1792.8163999999997,99,79,2575,1525,5.684341886080802e-14,0.2969708251748879,0.95
seen,mixed,5,seasonal_weekly,seen_test,median,0.2,2,1234,-0.0784103727714749,0.0,-0.018245366130139426,-1.8840000000000012,-0.007129996362900118,1863.485200000001,99,79,2549,1551,5.684341886080802e-14,0.2969708251748879,0.95
seen,mixed,5,seasonal_weekly,seen_test,median,0.2,3,1234,-0.08234554294975684,0.0,-0.019198790982458098,-2.2076000000000002,-0.007602360266640408,1843.173800000001,99,79,2459,1641,5.684341886080802e-14,0.2969708251748879,0.95
seen,mixed,5,seasonal_weekly,seen_test,conformal_upper_bound,0.05,1,1234,-0.010491491085899526,0.0,-0.000823468451045904,-0.8298000000000001,-0.00147348415121495,2248.4247000000005,7,383,10860,6240,1.1368683772161603e-13,0.2969708251748879,0.95
seen,mixed,5,seasonal_weekly,seen_test,conformal_upper_bound,0.05,2,1234,-0.011929173419773103,0.0,-0.001660534875861899,-1.383750000000001,-0.0016146879780494347,2508.209649999999,7,383,11870,5230,1.1368683772161603e-13,0.2969708251748879,0.95
seen,mixed,5,seasonal_weekly,seen_test,conformal_upper_bound,0.05,3,1234,-0.00670826580226904,0.0,-0.00027260028087911636,-1.3500000000000005,-0.0011269974804444735,2570.089699999998,7,383,12031,5069,5.684341886080802e-14,0.2969708251748879,0.95
seen,mixed,5,seasonal_weekly,seen_test,conformal_upper_bound,0.1,1,1234,-0.051962398703403544,0.0,-0.010977833132576173,-1.5324000000000009,-0.005995577573277488,3877.239400000004,7,383,10025,7075,1.1368683772161603e-13,0.2969708251748879,0.95
seen,mixed,5,seasonal_weekly,seen_test,conformal_upper_bound,0.1,2,1234,-0.061066693679092364,0.0,-0.013820987639419422,-1.5970000000000013,-0.006723525354448147,4093.420999999999,7,383,10301,6799,1.1368683772161603e-13,0.2969708251748879,0.95
seen,mixed,5,seasonal_weekly,seen_test,conformal_upper_bound,0.1,3,1234,-0.057836952998379244,0.0,-0.012882794473988992,-1.5860000000000003,-0.006501279177723251,4020.6225999999974,7,383,9922,7178,1.1368683772161603e-13,0.2969708251748879,0.95
seen,mixed,5,seasonal_weekly,seen_test,conformal_upper_bound,0.15,1,1234,-0.08857386547811989,0.0,-0.020465722940506418,-2.208,-0.009810488617406124,4994.520099999997,7,383,9364,7736,5.684341886080802e-14,0.2969708251748879,0.95
seen,mixed,5,seasonal_weekly,seen_test,conformal_upper_bound,0.15,2,1234,-0.1104999189627228,0.0,-0.027381367396340305,-2.208,-0.0116112376682876,5072.726050000001,7,383,9136,7964,1.1368683772161603e-13,0.2969708251748879,0.95
seen,mixed,5,seasonal_weekly,seen_test,conformal_upper_bound,0.15,3,1234,-0.10338367098865475,0.0,-0.026354715645445767,-2.208,-0.010993793324703792,4884.632599999998,7,383,8588,8512,1.1368683772161603e-13,0.2969708251748879,0.95
seen,mixed,5,seasonal_weekly,seen_test,conformal_upper_bound,0.2,1,1234,-0.11393922204213931,0.0,-0.027362546214977402,-2.208,-0.012300721653996973,5744.473399999999,7,383,8766,8334,1.1368683772161603e-13,0.2969708251748879,0.95
seen,mixed,5,seasonal_weekly,seen_test,conformal_upper_bound,0.2,2,1234,-0.14615899513776345,0.0,-0.037955426578989405,-2.208,-0.01496897939710025,5702.1807999999955,7,383,8220,8880,1.1368683772161603e-13,0.2969708251748879,0.95
seen,mixed,5,seasonal_weekly,seen_test,conformal_upper_bound,0.2,3,1234,-0.1340695299837926,0.0,-0.035942306968370884,-2.208,-0.013766489486760446,5429.751399999997,7,383,7598,9502,1.1368683772161603e-13,0.2969708251748879,0.95
seen,mixed,5,elastic_net,seen_test,reference_no_forecast,0.0,0,1234,0.0,0.0,0.0,0.0,0.0,0.0,381,0,0,0,0.0,0.2969708251748879,0.95
seen,mixed,5,elastic_net,seen_test,median,0.05,1,1234,-2.3618028720872667e-06,0.0,-4.0946651735216135e-07,-0.002914464744155687,-3.034983765460318e-07,2.186562028707376,361,0,64,1017,5.684341886080802e-14,0.2969708251748879,0.95
seen,mixed,5,elastic_net,seen_test,median,0.05,2,1234,-2.3618028720872667e-06,0.0,-4.0946651735216135e-07,-0.002914464744155687,-3.034983765460318e-07,8.322440296879126,361,0,125,956,5.684341886080802e-14,0.2969708251748879,0.95
seen,mixed,5,elastic_net,seen_test,median,0.05,3,1234,-7.161585278179146e-05,0.0,-1.141265207656795e-05,-0.08545949758857496,-7.842777954837618e-06,16.987750107230465,361,0,177,904,5.684341886080802e-14,0.2969708251748879,0.95
seen,mixed,5,elastic_net,seen_test,median,0.1,1,1234,-2.3618028720872667e-06,0.0,-4.0946651735216135e-07,-0.002914464744155687,-3.034983765460318e-07,2.186562028707376,361,0,64,1017,5.684341886080802e-14,0.2969708251748879,0.95
seen,mixed,5,elastic_net,seen_test,median,0.1,2,1234,-2.3618028720872667e-06,0.0,-4.0946651735216135e-07,-0.002914464744155687,-3.034983765460318e-07,8.322440296879126,361,0,125,956,5.684341886080802e-14,0.2969708251748879,0.95
seen,mixed,5,elastic_net,seen_test,median,0.1,3,1234,-7.161585278179146e-05,0.0,-1.141265207656795e-05,-0.08545949758857496,-7.842777954837618e-06,17.136265217310445,361,0,177,904,5.684341886080802e-14,0.2969708251748879,0.95
seen,mixed,5,elastic_net,seen_test,median,0.15,1,1234,-2.3618028720872667e-06,0.0,-4.0946651735216135e-07,-0.002914464744155687,-3.034983765460318e-07,2.186562028707376,361,0,64,1017,5.684341886080802e-14,0.2969708251748879,0.95
seen,mixed,5,elastic_net,seen_test,median,0.15,2,1234,-2.3618028720872667e-06,0.0,-4.0946651735216135e-07,-0.002914464744155687,-3.034983765460318e-07,8.322440296879126,361,0,125,956,5.684341886080802e-14,0.2969708251748879,0.95
seen,mixed,5,elastic_net,seen_test,median,0.15,3,1234,-7.161585278179146e-05,0.0,-1.141265207656795e-05,-0.08545949758857496,-7.842777954837618e-06,17.136265217310445,361,0,177,904,5.684341886080802e-14,0.2969708251748879,0.95
seen,mixed,5,elastic_net,seen_test,median,0.2,1,1234,-2.3618028720872667e-06,0.0,-4.0946651735216135e-07,-0.002914464744155687,-3.034983765460318e-07,2.186562028707376,361,0,64,1017,5.684341886080802e-14,0.2969708251748879,0.95
seen,mixed,5,elastic_net,seen_test,median,0.2,2,1234,-2.3618028720872667e-06,0.0,-4.0946651735216135e-07,-0.002914464744155687,-3.034983765460318e-07,8.322440296879126,361,0,125,956,5.684341886080802e-14,0.2969708251748879,0.95
seen,mixed,5,elastic_net,seen_test,median,0.2,3,1234,-7.161585278179146e-05,0.0,-1.141265207656795e-05,-0.08545949758857496,-7.842777954837618e-06,17.136265217310445,361,0,177,904,5.684341886080802e-14,0.2969708251748879,0.95
seen,mixed,5,elastic_net,seen_test,conformal_upper_bound,0.05,1,1234,-0.0006663692792769192,0.0,-0.00014469861361449013,-0.19106420149784942,-6.005756134633237e-05,142.57199284073528,181,7,1109,6227,5.684341886080802e-14,0.2969708251748879,0.95
seen,mixed,5,elastic_net,seen_test,conformal_upper_bound,0.05,2,1234,-0.0007009945961162224,0.0,-0.0001453243507055531,-0.38011305451382427,-7.170560844013887e-05,157.54335632497174,181,7,1146,6190,5.684341886080802e-14,0.2969708251748879,0.95
seen,mixed,5,elastic_net,seen_test,conformal_upper_bound,0.05,3,1234,-0.00043516341158633264,0.0,-0.00010912553547359988,-0.39240617877501105,-3.4419770301980686e-05,213.14843303547437,181,7,1393,5943,5.684341886080802e-14,0.2969708251748879,0.95
seen,mixed,5,elastic_net,seen_test,conformal_upper_bound,0.1,1,1234,-0.0019482804378390217,0.0,-0.00042006269534524933,-0.3819603481620577,-0.0001833707759835481,179.82922070157355,181,7,1019,6317,5.684341886080802e-14,0.2969708251748879,0.95
seen,mixed,5,elastic_net,seen_test,conformal_upper_bound,0.1,2,1234,-0.0013516128148312876,0.0,-0.00029646221212722984,-0.4489066876188481,-0.0001469608331052624,187.18551369164214,181,7,925,6411,5.684341886080802e-14,0.2969708251748879,0.95
seen,mixed,5,elastic_net,seen_test,conformal_upper_bound,0.1,3,1234,-0.00212329712320545,0.0,-0.00047182628861436576,-0.4897270927739683,-0.00019448106585105457,280.6321823816513,181,7,1148,6188,5.684341886080802e-14,0.2969708251748879,0.95
seen,mixed,5,elastic_net,seen_test,conformal_upper_bound,0.15,1,1234,-0.002066203436663245,0.0,-0.00045127401693555494,-0.41097704911135846,-0.00019831307018911964,182.61222814106878,181,7,1018,6318,5.684341886080802e-14,0.2969708251748879,0.95
seen,mixed,5,elastic_net,seen_test,conformal_upper_bound,0.15,2,1234,-0.0019248943670536073,0.0,-0.00044444870818610715,-0.448906687618849,-0.0002262744353761131,193.27368736062854,181,7,861,6475,5.684341886080802e-14,0.2969708251748879,0.95
seen,mixed,5,elastic_net,seen_test,conformal_upper_bound,0.15,3,1234,-0.00335195865312083,0.0,-0.0007578727430846472,-0.5561718560902849,-0.00032669298140971636,313.97282998414835,181,7,1061,6275,5.684341886080802e-14,0.2969708251748879,0.95
seen,mixed,5,elastic_net,seen_test,conformal_upper_bound,0.2,1,1234,-0.002066203436663245,0.0,-0.00045127401693555494,-0.41097704911135846,-0.00019831307018911964,182.61222814106878,181,7,1018,6318,5.684341886080802e-14,0.2969708251748879,0.95
seen,mixed,5,elastic_net,seen_test,conformal_upper_bound,0.2,2,1234,-0.0019598720380896747,0.0,-0.00045421356174260585,-0.448906687618849,-0.00023145358073235167,193.41434934848843,181,7,861,6475,5.684341886080802e-14,0.2969708251748879,0.95
seen,mixed,5,elastic_net,seen_test,conformal_upper_bound,0.2,3,1234,-0.004107078741055911,0.0,-0.0009465338672669668,-0.607031375758174,-0.00041229863785318045,323.91891883820773,181,7,1044,6292,5.684341886080802e-14,0.2969708251748879,0.95
seen,mixed,5,lightgbm,seen_test,reference_no_forecast,0.0,0,1234,0.0,0.0,0.0,0.0,0.0,0.0,381,0,0,0,0.0,0.2969708251748879,0.95
seen,mixed,5,lightgbm,seen_test,median,0.05,1,1234,0.0,0.0,0.0,0.0,0.0,0.0,381,0,0,0,0.0,0.2969708251748879,0.95
seen,mixed,5,lightgbm,seen_test,median,0.05,2,1234,0.0,0.0,0.0,0.0,0.0,0.0,381,0,0,0,0.0,0.2969708251748879,0.95
seen,mixed,5,lightgbm,seen_test,median,0.05,3,1234,0.0,0.0,0.0,0.0,0.0,0.0,381,0,0,0,0.0,0.2969708251748879,0.95
seen,mixed,5,lightgbm,seen_test,median,0.1,1,1234,0.0,0.0,0.0,0.0,0.0,0.0,381,0,0,0,0.0,0.2969708251748879,0.95
seen,mixed,5,lightgbm,seen_test,median,0.1,2,1234,0.0,0.0,0.0,0.0,0.0,0.0,381,0,0,0,0.0,0.2969708251748879,0.95
seen,mixed,5,lightgbm,seen_test,median,0.1,3,1234,0.0,0.0,0.0,0.0,0.0,0.0,381,0,0,0,0.0,0.2969708251748879,0.95
seen,mixed,5,lightgbm,seen_test,median,0.15,1,1234,0.0,0.0,0.0,0.0,0.0,0.0,381,0,0,0,0.0,0.2969708251748879,0.95
seen,mixed,5,lightgbm,seen_test,median,0.15,2,1234,0.0,0.0,0.0,0.0,0.0,0.0,381,0,0,0,0.0,0.2969708251748879,0.95
seen,mixed,5,lightgbm,seen_test,median,0.15,3,1234,0.0,0.0,0.0,0.0,0.0,0.0,381,0,0,0,0.0,0.2969708251748879,0.95
seen,mixed,5,lightgbm,seen_test,median,0.2,1,1234,0.0,0.0,0.0,0.0,0.0,0.0,381,0,0,0,0.0,0.2969708251748879,0.95
seen,mixed,5,lightgbm,seen_test,median,0.2,2,1234,0.0,0.0,0.0,0.0,0.0,0.0,381,0,0,0,0.0,0.2969708251748879,0.95
seen,mixed,5,lightgbm,seen_test,median,0.2,3,1234,0.0,0.0,0.0,0.0,0.0,0.0,381,0,0,0,0.0,0.2969708251748879,0.95
seen,mixed,5,lightgbm,seen_test,conformal_upper_bound,0.05,1,1234,-0.00036734493027263803,0.0,-7.668330679100047e-05,-0.2755395568833858,-2.1508484100342015e-05,168.29830652325543,156,31,1329,6110,5.684341886080802e-14,0.2969708251748879,0.95
seen,mixed,5,lightgbm,seen_test,conformal_upper_bound,0.05,2,1234,-0.00034074989173643534,0.0,-5.814334781257309e-05,-0.40762533504606857,-2.2727233115431948e-05,244.4661936980447,156,31,1632,5807,5.684341886080802e-14,0.2969708251748879,0.95
seen,mixed,5,lightgbm,seen_test,conformal_upper_bound,0.05,3,1234,0.0005332741568401203,0.0,3.1080179482395526e-05,-0.4124769888655031,4.7806876469110284e-05,310.68573741526245,156,31,1900,5539,5.684341886080802e-14,0.2969708251748879,0.95
seen,mixed,5,lightgbm,seen_test,conformal_upper_bound,0.1,1,1234,-0.001365554948298933,0.0,-0.0002990950540129308,-0.3807395205938606,-0.00012721799302645642,199.96936742975154,156,31,1163,6276,5.684341886080802e-14,0.2969708251748879,0.95
seen,mixed,5,lightgbm,seen_test,conformal_upper_bound,0.1,2,1234,-0.002682255563208619,0.0,-0.0006086479914976207,-0.503888402253839,-0.0002806550380894789,315.9867835426343,156,31,1363,6076,1.1368683772161603e-13,0.2969708251748879,0.95
seen,mixed,5,lightgbm,seen_test,conformal_upper_bound,0.1,3,1234,-0.0017212228579495672,0.0,-0.0004983622880765957,-0.5952492041920521,-0.0001792369561308819,428.61892461861186,156,31,1577,5862,5.684341886080802e-14,0.2969708251748879,0.95
seen,mixed,5,lightgbm,seen_test,conformal_upper_bound,0.15,1,1234,-0.0015514852321086403,0.0,-0.0003372580843515407,-0.4969279070781294,-0.00014531328495598862,205.6659033012277,156,31,1144,6295,5.684341886080802e-14,0.2969708251748879,0.95
seen,mixed,5,lightgbm,seen_test,conformal_upper_bound,0.15,2,1234,-0.004293937282092332,0.0,-0.0010115576363932078,-0.503888402253839,-0.0004630395308381495,342.42420617220006,156,31,1248,6191,5.684341886080802e-14,0.2969708251748879,0.95
seen,mixed,5,lightgbm,seen_test,conformal_upper_bound,0.15,3,1234,-0.0043274513052523516,0.0,-0.0011002666399588985,-0.5952492041920521,-0.0004434717811966106,490.04368409450996,156,31,1423,6016,5.684341886080802e-14,0.2969708251748879,0.95
seen,mixed,5,lightgbm,seen_test,conformal_upper_bound,0.2,1,1234,-0.0015514852321086403,0.0,-0.0003372580843515407,-0.4969279070781294,-0.00014531328495598862,206.73216329817,156,31,1143,6296,5.684341886080802e-14,0.2969708251748879,0.95
seen,mixed,5,lightgbm,seen_test,conformal_upper_bound,0.2,2,1234,-0.004983902287701922,0.0,-0.0011737849961880728,-0.5729400926706507,-0.0005383622848726382,351.0800858853163,156,31,1223,6216,5.684341886080802e-14,0.2969708251748879,0.95
seen,mixed,5,lightgbm,seen_test,conformal_upper_bound,0.2,3,1234,-0.006499894906223714,0.0,-0.0016236181429052786,-0.7675408424539096,-0.000659593658484962,524.7234954405316,156,31,1363,6076,5.684341886080802e-14,0.2969708251748879,0.95
seen,mixed,10,persistence,seen_test,reference_no_forecast,0.0,0,1620,0.0,0.0,0.0,0.0,0.0,0.0,543,0,0,0,0.0,0.3463316087510941,0.95
seen,mixed,10,persistence,seen_test,median,0.05,1,1620,0.0,0.0,0.0,0.0,0.0,0.0,448,3,0,9310,0.0,0.3463316087510941,0.95
seen,mixed,10,persistence,seen_test,median,0.05,2,1620,0.0,0.0,0.0,0.0,0.0,0.0,448,3,0,9310,0.0,0.3463316087510941,0.95
seen,mixed,10,persistence,seen_test,median,0.05,3,1620,0.0,0.0,0.0,0.0,0.0,0.0,448,3,0,9310,0.0,0.3463316087510941,0.95
seen,mixed,10,persistence,seen_test,median,0.1,1,1620,0.0,0.0,0.0,0.0,0.0,0.0,448,3,0,9310,0.0,0.3463316087510941,0.95
seen,mixed,10,persistence,seen_test,median,0.1,2,1620,0.0,0.0,0.0,0.0,0.0,0.0,448,3,0,9310,0.0,0.3463316087510941,0.95
seen,mixed,10,persistence,seen_test,median,0.1,3,1620,0.0,0.0,0.0,0.0,0.0,0.0,448,3,0,9310,0.0,0.3463316087510941,0.95
seen,mixed,10,persistence,seen_test,median,0.15,1,1620,0.0,0.0,0.0,0.0,0.0,0.0,448,3,0,9310,0.0,0.3463316087510941,0.95
seen,mixed,10,persistence,seen_test,median,0.15,2,1620,0.0,0.0,0.0,0.0,0.0,0.0,448,3,0,9310,0.0,0.3463316087510941,0.95
seen,mixed,10,persistence,seen_test,median,0.15,3,1620,0.0,0.0,0.0,0.0,0.0,0.0,448,3,0,9310,0.0,0.3463316087510941,0.95
seen,mixed,10,persistence,seen_test,median,0.2,1,1620,0.0,0.0,0.0,0.0,0.0,0.0,448,3,0,9310,0.0,0.3463316087510941,0.95
seen,mixed,10,persistence,seen_test,median,0.2,2,1620,0.0,0.0,0.0,0.0,0.0,0.0,448,3,0,9310,0.0,0.3463316087510941,0.95
seen,mixed,10,persistence,seen_test,median,0.2,3,1620,0.0,0.0,0.0,0.0,0.0,0.0,448,3,0,9310,0.0,0.3463316087510941,0.95
seen,mixed,10,persistence,seen_test,conformal_upper_bound,0.05,1,1620,0.0013790740740740773,0.0,0.00013621887935340635,-0.5664499999999997,7.450395550212487e-05,547.6699999999995,170,131,2812,29860,1.1368683772161603e-13,0.3463316087510941,0.95
seen,mixed,10,persistence,seen_test,conformal_upper_bound,0.05,2,1620,0.0031791358024691367,0.0,0.0005119893232205888,-0.6769999999999996,0.00026917496530420886,641.9236499999998,170,131,3093,29579,1.1368683772161603e-13,0.3463316087510941,0.95
seen,mixed,10,persistence,seen_test,conformal_upper_bound,0.05,3,1620,0.00214885802469136,0.0,0.0002300808536650756,-0.6769999999999996,0.00017116270539919173,751.7768499999994,170,131,3332,29340,1.1368683772161603e-13,0.3463316087510941,0.95
seen,mixed,10,persistence,seen_test,conformal_upper_bound,0.1,1,1620,0.0013161728395061757,0.0,9.297156555304302e-05,-0.6769999999999996,6.868846068297819e-05,683.1796999999999,170,131,2439,30233,1.1368683772161603e-13,0.3463316087510941,0.95
seen,mixed,10,persistence,seen_test,conformal_upper_bound,0.1,2,1620,0.0023747530864197553,0.0,0.0003301601216376419,-0.6769999999999996,0.00019409889664817782,756.3192999999995,170,131,2456,30216,1.1368683772161603e-13,0.3463316087510941,0.95
seen,mixed,10,persistence,seen_test,conformal_upper_bound,0.1,3,1620,9.851851851852165e-05,0.0,-0.00019918136822500034,-0.9290000000000003,4.312852055475975e-06,944.0450999999994,170,131,2703,29969,2.2737367544323206e-13,0.3463316087510941,0.95
seen,mixed,10,persistence,seen_test,conformal_upper_bound,0.15,1,1620,0.0011251234567901263,0.0,4.208074453930653e-05,-0.734,5.398126093820321e-05,732.9597499999992,170,131,2359,30313,1.1368683772161603e-13,0.3463316087510941,0.95
seen,mixed,10,persistence,seen_test,conformal_upper_bound,0.15,2,1620,0.0017601234567901267,0.0,0.00018236995142632362,-0.734,0.0001313081941106371,798.8036999999997,170,131,2190,30482,1.1368683772161603e-13,0.3463316087510941,0.95
seen,mixed,10,persistence,seen_test,conformal_upper_bound,0.15,3,1620,-0.0011696296296296266,0.0,-0.0004482781546774106,-0.9290000000000003,-8.424418315567936e-05,1046.2579999999998,170,131,2343,30329,1.1368683772161603e-13,0.3463316087510941,0.95
seen,mixed,10,persistence,seen_test,conformal_upper_bound,0.2,1,1620,0.001014197530864199,0.0,1.6755826174441757e-05,-0.734,4.2964362138336805e-05,738.0589999999991,170,131,2359,30313,1.1368683772161603e-13,0.3463316087510941,0.95
seen,mixed,10,persistence,seen_test,conformal_upper_bound,0.2,2,1620,0.0012888888888888906,0.0,9.807292466465541e-05,-0.734,8.682835539921031e-05,808.1449999999991,170,131,2137,30535,1.1368683772161603e-13,0.3463316087510941,0.95
seen,mixed,10,persistence,seen_test,conformal_upper_bound,0.2,3,1620,-0.002297901234567897,0.0,-0.0006627289522094037,-1.1132,-0.00016617400107558447,1091.2641999999987,170,131,2285,30387,2.2737367544323206e-13,0.3463316087510941,0.95
seen,mixed,10,seasonal_daily,seen_test,reference_no_forecast,0.0,0,1620,0.0,0.0,0.0,0.0,0.0,0.0,543,0,0,0,0.0,0.3463316087510941,0.95
seen,mixed,10,seasonal_daily,seen_test,median,0.05,1,1620,0.000674043209876551,0.0,7.72139998048447e-05,-1.0206500000000007,-6.624127720393506e-05,1522.4670999999983,107,101,5108,2039,1.1368683772161603e-13,0.3463316087510941,0.95
seen,mixed,10,seasonal_daily,seen_test,median,0.05,2,1620,-8.783950617283216e-05,0.0,4.723835509361943e-05,-1.2599999999999998,-0.00011798441103489191,1782.4310999999987,107,101,5795,1352,1.1368683772161603e-13,0.3463316087510941,0.95
seen,mixed,10,seasonal_daily,seen_test,median,0.05,3,1620,0.0013266358024691433,0.0,0.00022439952279577877,-1.597999999999999,1.714578349638481e-05,1841.0675499999986,107,101,5906,1241,1.1368683772161603e-13,0.3463316087510941,0.95
seen,mixed,10,seasonal_daily,seen_test,median,0.1,1,1620,-0.013898580246913586,0.0,-0.002133016118143993,-1.314,-0.0012406353730003829,2643.2187999999965,107,101,4740,2407,1.1368683772161603e-13,0.3463316087510941,0.95
seen,mixed,10,seasonal_daily,seen_test,median,0.1,2,1620,-0.023494444444444432,0.0,-0.0034479051989569167,-2.2539000000000007,-0.0017732551571954486,3024.910499999997,107,101,5154,1993,1.1368683772161603e-13,0.3463316087510941,0.95
seen,mixed,10,seasonal_daily,seen_test,median,0.1,3,1620,-0.032865,0.0,-0.004557412915522399,-2.975799999999998,-0.0022445712385265157,3045.0155999999956,107,101,5090,2057,1.1368683772161603e-13,0.3463316087510941,0.95
seen,mixed,10,seasonal_daily,seen_test,median,0.15,1,1620,-0.044047129629629575,0.0,-0.007049168052726387,-1.8618000000000015,-0.0034803980608446466,3526.2279500000063,107,101,4447,2700,1.1368683772161603e-13,0.3463316087510941,0.95
seen,mixed,10,seasonal_daily,seen_test,median,0.15,2,1620,-0.05582666666666663,0.0,-0.00829820933299072,-3.0459999999999985,-0.003925819311097044,3940.405150000005,107,101,4655,2492,2.2737367544323206e-13,0.3463316087510941,0.95
seen,mixed,10,seasonal_daily,seen_test,median,0.15,3,1620,-0.06090962962962957,0.0,-0.0087976376063039,-3.261000000000001,-0.004000845248359217,3878.206950000007,107,101,4480,2667,1.1368683772161603e-13,0.3463316087510941,0.95
seen,mixed,10,seasonal_daily,seen_test,median,0.2,1,1620,-0.07731641975308645,0.0,-0.012319763961838176,-2.3616,-0.005781025826923305,4230.050199999998,107,101,4224,2923,1.1368683772161603e-13,0.3463316087510941,0.95
seen,mixed,10,seasonal_daily,seen_test,median,0.2,2,1620,-0.08116975308641976,0.0,-0.012324601921006487,-3.2609999999999992,-0.005699205662368684,4648.8635999999915,107,101,4356,2791,1.1368683772161603e-13,0.3463316087510941,0.95
seen,mixed,10,seasonal_daily,seen_test,median,0.2,3,1620,-0.09067888888888898,0.0,-0.013509623155996327,-3.7925999999999993,-0.00593647357809796,4513.816799999999,107,101,4096,3051,2.2737367544323206e-13,0.3463316087510941,0.95
seen,mixed,10,seasonal_daily,seen_test,conformal_upper_bound,0.05,1,1620,0.0033790740740740834,0.0,0.00041488517735671334,-1.2042499999999992,0.00015437952024386606,3409.8828499999977,5,279,11409,8240,2.2737367544323206e-13,0.3463316087510941,0.95
seen,mixed,10,seasonal_daily,seen_test,conformal_upper_bound,0.05,2,1620,-0.0016789814814814727,0.0,-0.0006415397690862963,-1.7487499999999994,-0.0001209718983413192,4046.900699999999,5,279,13056,6593,2.2737367544323206e-13,0.3463316087510941,0.95
seen,mixed,10,seasonal_daily,seen_test,conformal_upper_bound,0.05,3,1620,0.002176666666666678,0.0,0.0001319605097955752,-2.3815500000000016,0.00034523325980016415,4261.088699999995,5,279,13546,6103,1.1368683772161603e-13,0.3463316087510941,0.95
seen,mixed,10,seasonal_daily,seen_test,conformal_upper_bound,0.1,1,1620,-0.03100191358024688,0.0,-0.005735909910608372,-1.6739999999999986,-0.002528835999358821,5753.007299999997,5,279,10413,9236,1.1368683772161603e-13,0.3463316087510941,0.95
seen,mixed,10,seasonal_daily,seen_test,conformal_upper_bound,0.1,2,1620,-0.051008703703703695,0.0,-0.009197459377029218,-2.680999999999999,-0.003961237521173469,6479.210699999997,5,279,11178,8471,2.2737367544323206e-13,0.3463316087510941,0.95
seen,mixed,10,seasonal_daily,seen_test,conformal_upper_bound,0.1,3,1620,-0.057918024691358025,0.0,-0.01029830986093298,-3.1260000000000003,-0.004129388434639384,6521.410099999999,5,279,10977,8672,2.2737367544323206e-13,0.3463316087510941,0.95
seen,mixed,10,seasonal_daily,seen_test,conformal_upper_bound,0.15,1,1620,-0.07143604938271603,0.0,-0.013125306902504541,-1.9401000000000002,-0.005620214803369621,7432.2497999999905,5,279,9701,9948,2.2737367544323206e-13,0.3463316087510941,0.95
seen,mixed,10,seasonal_daily,seen_test,conformal_upper_bound,0.15,2,1620,-0.09677277777777762,0.0,-0.017297615721025537,-2.736600000000002,-0.007204140353312343,8055.300499999991,5,279,9873,9776,2.2737367544323206e-13,0.3463316087510941,0.95
seen,mixed,10,seasonal_daily,seen_test,conformal_upper_bound,0.15,3,1620,-0.10092796296296284,0.0,-0.018094153700128773,-3.1260000000000003,-0.007294574319171135,7974.85205,5,279,9467,10182,1.1368683772161603e-13,0.3463316087510941,0.95
seen,mixed,10,seasonal_daily,seen_test,conformal_upper_bound,0.2,1,1620,-0.10833740740740735,0.0,-0.01958147968664529,-2.3179999999999987,-0.008331872543296348,8617.2376,5,279,9140,10509,2.2737367544323206e-13,0.3463316087510941,0.95
seen,mixed,10,seasonal_daily,seen_test,conformal_upper_bound,0.2,2,1620,-0.13195567901234556,0.0,-0.023905571971130517,-3.021,-0.009798697727087866,9142.548000000006,5,279,9017,10632,1.1368683772161603e-13,0.3463316087510941,0.95
seen,mixed,10,seasonal_daily,seen_test,conformal_upper_bound,0.2,3,1620,-0.1383049382716049,0.0,-0.02514667780831384,-3.1260000000000003,-0.010076250314758863,8970.418200000002,5,279,8479,11170,1.1368683772161603e-13,0.3463316087510941,0.95
seen,mixed,10,seasonal_weekly,seen_test,reference_no_forecast,0.0,0,1620,0.0,0.0,0.0,0.0,0.0,0.0,543,0,0,0,0.0,0.3463316087510941,0.95
seen,mixed,10,seasonal_weekly,seen_test,median,0.05,1,1620,-0.00331623456790123,0.0,-0.0006825244180821313,-1.0923499999999988,-0.00026099790159536847,1351.7069500000002,128,73,4560,2227,2.2737367544323206e-13,0.3463316087510941,0.95
seen,mixed,10,seasonal_weekly,seen_test,median,0.05,2,1620,-0.000163179012345677,0.0,-0.00018797141548222438,-1.0923499999999988,-7.017837491762743e-05,1487.758700000002,128,73,4907,1880,1.1368683772161603e-13,0.3463316087510941,0.95
seen,mixed,10,seasonal_weekly,seen_test,median,0.05,3,1620,-0.002761080246913582,0.0,-0.0006397080443022669,-1.2979999999999965,-0.0002683874704093852,1537.7780000000023,128,73,5004,1783,1.1368683772161603e-13,0.3463316087510941,0.95
seen,mixed,10,seasonal_weekly,seen_test,median,0.1,1,1620,-0.029162654320987635,0.0,-0.004553605471566706,-1.7418000000000005,-0.002113273804283336,2368.6087000000016,128,73,4242,2545,2.2737367544323206e-13,0.3463316087510941,0.95
seen,mixed,10,seasonal_weekly,seen_test,median,0.1,2,1620,-0.029489382716049384,0.0,-0.004732293844234694,-1.8659999999999997,-0.002198282715741689,2560.017300000004,128,73,4417,2370,1.1368683772161603e-13,0.3463316087510941,0.95
seen,mixed,10,seasonal_weekly,seen_test,median,0.1,3,1620,-0.02444327160493828,0.0,-0.004049776600313138,-2.117899999999999,-0.0018095589179306388,2575.992000000001,128,73,4361,2426,2.2737367544323206e-13,0.3463316087510941,0.95
seen,mixed,10,seasonal_weekly,seen_test,median,0.15,1,1620,-0.05879240740740742,0.0,-0.008934753931234884,-1.8659999999999997,-0.0041985108029953125,3154.056050000002,128,73,3985,2802,2.2737367544323206e-13,0.3463316087510941,0.95
seen,mixed,10,seasonal_weekly,seen_test,median,0.15,2,1620,-0.07430774691358019,0.0,-0.01148117539614488,-2.392999999999999,-0.0052938042671617095,3378.717150000002,128,73,4055,2732,1.1368683772161603e-13,0.3463316087510941,0.95
seen,mixed,10,seasonal_weekly,seen_test,median,0.15,3,1620,-0.05869925925925922,0.0,-0.009214232031771614,-3.139999999999999,-0.004143850414924457,3357.2910500000025,128,73,3930,2857,1.1368683772161603e-13,0.3463316087510941,0.95
seen,mixed,10,seasonal_weekly,seen_test,median,0.2,1,1620,-0.09447037037037036,0.0,-0.01422327551126535,-2.4619999999999997,-0.006585476611652481,3773.639599999996,128,73,3796,2991,1.1368683772161603e-13,0.3463316087510941,0.95
seen,mixed,10,seasonal_weekly,seen_test,median,0.2,2,1620,-0.11205345679012346,0.0,-0.01728847992821073,-3.0474000000000006,-0.0077744030430512145,3991.439999999997,128,73,3816,2971,1.1368683772161603e-13,0.3463316087510941,0.95
seen,mixed,10,seasonal_weekly,seen_test,median,0.2,3,1620,-0.09246382716049381,0.0,-0.014364936011033275,-3.139999999999999,-0.006392467781930578,3961.691999999998,128,73,3657,3130,2.2737367544323206e-13,0.3463316087510941,0.95
seen,mixed,10,seasonal_weekly,seen_test,conformal_upper_bound,0.05,1,1620,-0.0007600308641975255,0.0,-0.00022335797956176827,-1.2767999999999988,-0.00046904366780047636,3929.5782499999973,4,314,13245,10693,1.1368683772161603e-13,0.3463316087510941,0.95
seen,mixed,10,seasonal_weekly,seen_test,conformal_upper_bound,0.05,2,1620,-0.003031913580246905,0.0,-0.0007101804923340924,-1.6289999999999996,-0.0006253957616454247,4547.1810499999965,4,314,14841,9097,1.1368683772161603e-13,0.3463316087510941,0.95
seen,mixed,10,seasonal_weekly,seen_test,conformal_upper_bound,0.05,3,1620,0.007175956790123462,0.0,0.0009278040542801645,-1.4349999999999978,0.00015873572232533067,4720.686350000001,4,314,15163,8775,1.1368683772161603e-13,0.3463316087510941,0.95
seen,mixed,10,seasonal_weekly,seen_test,conformal_upper_bound,0.1,1,1620,-0.03853228395061726,0.0,-0.006330802880345014,-1.637999999999999,-0.0035652439925766928,6521.948500000004,4,314,11933,12005,1.1368683772161603e-13,0.3463316087510941,0.95
seen,mixed,10,seasonal_weekly,seen_test,conformal_upper_bound,0.1,2,1620,-0.05324999999999999,0.0,-0.00901129546179721,-2.2540000000000004,-0.004523887177494901,7089.367999999995,4,314,12379,11559,1.1368683772161603e-13,0.3463316087510941,0.95
seen,mixed,10,seasonal_weekly,seen_test,conformal_upper_bound,0.1,3,1620,-0.04334703703703698,0.0,-0.007686108243326302,-2.623900000000001,-0.003704273749116002,7176.012399999992,4,314,12166,11772,1.1368683772161603e-13,0.3463316087510941,0.95
seen,mixed,10,seasonal_weekly,seen_test,conformal_upper_bound,0.15,1,1620,-0.07497333333333327,0.0,-0.012720103385447634,-2.5219999999999994,-0.006350486686473482,8252.641549999997,4,314,10982,12956,1.1368683772161603e-13,0.3463316087510941,0.95
seen,mixed,10,seasonal_weekly,seen_test,conformal_upper_bound,0.15,2,1620,-0.10007024691358016,0.0,-0.017219477035856863,-2.5219999999999994,-0.008050643745896181,8674.516649999998,4,314,10822,13116,2.2737367544323206e-13,0.3463316087510941,0.95
seen,mixed,10,seasonal_weekly,seen_test,conformal_upper_bound,0.15,3,1620,-0.09285472222222207,0.0,-0.01625066082364027,-2.7200000000000006,-0.007309659084584674,8694.529999999999,4,314,10423,13515,1.1368683772161603e-13,0.3463316087510941,0.95
seen,mixed,10,seasonal_weekly,seen_test,conformal_upper_bound,0.2,1,1620,-0.11255728395061734,0.0,-0.019399663011605797,-2.5219999999999994,-0.00904794838710373,9434.23779999999,4,314,10320,13618,2.2737367544323206e-13,0.3463316087510941,0.95
seen,mixed,10,seasonal_weekly,seen_test,conformal_upper_bound,0.2,2,1620,-0.13774938271604933,0.0,-0.02398623101137485,-2.7200000000000006,-0.01071980922719135,9725.693599999988,4,314,9815,14123,1.1368683772161603e-13,0.3463316087510941,0.95
seen,mixed,10,seasonal_weekly,seen_test,conformal_upper_bound,0.2,3,1620,-0.13169395061728392,0.0,-0.02336752508600934,-3.0189999999999992,-0.010127125020013117,9705.302600000003,4,314,9333,14605,1.1368683772161603e-13,0.3463316087510941,0.95
seen,mixed,10,elastic_net,seen_test,reference_no_forecast,0.0,0,1620,0.0,0.0,0.0,0.0,0.0,0.0,543,0,0,0,0.0,0.3463316087510941,0.95
seen,mixed,10,elastic_net,seen_test,median,0.05,1,1620,-0.0001200209103576511,0.0,-1.4853869832955961e-05,-0.1372747928542699,-9.055379173318732e-06,8.189927546153502,504,0,140,1814,1.1368683772161603e-13,0.3463316087510941,0.95
seen,mixed,10,elastic_net,seen_test,median,0.05,2,1620,-0.00011248294858309318,0.0,-1.2464027447229197e-05,-0.16135449647473266,-7.873236833934299e-06,30.62595108649392,504,0,274,1680,1.1368683772161603e-13,0.3463316087510941,0.95
seen,mixed,10,elastic_net,seen_test,median,0.05,3,1620,-0.00026040765365019743,0.0,-3.455202579271743e-05,-0.2768434872065928,-2.0640147143543195e-05,61.11206241782754,504,0,391,1563,1.1368683772161603e-13,0.3463316087510941,0.95
seen,mixed,10,elastic_net,seen_test,median,0.1,1,1620,-0.0001200209103576511,0.0,-1.4853869832955961e-05,-0.1372747928542699,-9.055379173318732e-06,8.189927546153502,504,0,140,1814,1.1368683772161603e-13,0.3463316087510941,0.95
seen,mixed,10,elastic_net,seen_test,median,0.1,2,1620,-0.00011248294858309318,0.0,-1.2464027447229197e-05,-0.16135449647473266,-7.873236833934299e-06,30.765756408844744,504,0,274,1680,1.1368683772161603e-13,0.3463316087510941,0.95
seen,mixed,10,elastic_net,seen_test,median,0.1,3,1620,-0.0002828487145306232,0.0,-3.723123554443971e-05,-0.3131980058328825,-2.2399200031837428e-05,66.57881807516297,504,0,391,1563,1.1368683772161603e-13,0.3463316087510941,0.95
seen,mixed,10,elastic_net,seen_test,median,0.15,1,1620,-0.0001200209103576511,0.0,-1.4853869832955961e-05,-0.1372747928542699,-9.055379173318732e-06,8.189927546153502,504,0,140,1814,1.1368683772161603e-13,0.3463316087510941,0.95
seen,mixed,10,elastic_net,seen_test,median,0.15,2,1620,-0.00011248294858309318,0.0,-1.2464027447229197e-05,-0.16135449647473266,-7.873236833934299e-06,30.765756408844744,504,0,274,1680,1.1368683772161603e-13,0.3463316087510941,0.95
seen,mixed,10,elastic_net,seen_test,median,0.15,3,1620,-0.0002828487145306232,0.0,-3.723123554443971e-05,-0.3131980058328825,-2.2399200031837428e-05,66.57881807516297,504,0,391,1563,1.1368683772161603e-13,0.3463316087510941,0.95
seen,mixed,10,elastic_net,seen_test,median,0.2,1,1620,-0.0001200209103576511,0.0,-1.4853869832955961e-05,-0.1372747928542699,-9.055379173318732e-06,8.189927546153502,504,0,140,1814,1.1368683772161603e-13,0.3463316087510941,0.95
seen,mixed,10,elastic_net,seen_test,median,0.2,2,1620,-0.00011248294858309318,0.0,-1.2464027447229197e-05,-0.16135449647473266,-7.873236833934299e-06,30.765756408844744,504,0,274,1680,1.1368683772161603e-13,0.3463316087510941,0.95
seen,mixed,10,elastic_net,seen_test,median,0.2,3,1620,-0.0002828487145306232,0.0,-3.723123554443971e-05,-0.3131980058328825,-2.2399200031837428e-05,66.57881807516297,504,0,391,1563,1.1368683772161603e-13,0.3463316087510941,0.95
seen,mixed,10,elastic_net,seen_test,conformal_upper_bound,0.05,1,1620,0.00018513917763779132,0.0,3.6560166669437454e-06,-0.4919654184142255,7.3506538456760246e-06,384.186379138033,229,18,2017,10962,1.1368683772161603e-13,0.3463316087510941,0.95
seen,mixed,10,elastic_net,seen_test,conformal_upper_bound,0.05,2,1620,0.0013682723460708244,0.0,0.0001687790262228961,-0.5308233308919936,0.00010331448818748059,496.27506576519704,229,18,2313,10666,1.1368683772161603e-13,0.3463316087510941,0.95
seen,mixed,10,elastic_net,seen_test,conformal_upper_bound,0.05,3,1620,0.0023376977963165705,0.0,0.0003004321214268811,-0.5308233308919936,0.00017132476622314132,612.2143129284657,229,18,2661,10318,1.1368683772161603e-13,0.3463316087510941,0.95
seen,mixed,10,elastic_net,seen_test,conformal_upper_bound,0.1,1,1620,-0.0010350610929605738,0.0,-0.0002228665809190887,-0.5708068317623383,-0.0001204452681944121,500.46562623470834,229,18,1854,11125,1.1368683772161603e-13,0.3463316087510941,0.95
seen,mixed,10,elastic_net,seen_test,conformal_upper_bound,0.1,2,1620,-0.0004927538016801148,0.0,-0.00014950559279762235,-0.6202249049615842,-6.688318233522925e-05,634.9516977450406,229,18,1964,11015,1.1368683772161603e-13,0.3463316087510941,0.95
seen,mixed,10,elastic_net,seen_test,conformal_upper_bound,0.1,3,1620,0.0013958702526726422,0.0,9.509820386375334e-05,-0.5758677416409403,7.567175515181768e-05,837.3263421809974,229,18,2263,10716,1.1368683772161603e-13,0.3463316087510941,0.95
seen,mixed,10,elastic_net,seen_test,conformal_upper_bound,0.15,1,1620,-0.0013290083845825544,0.0,-0.00028280132419604095,-0.7176001969445158,-0.00015014050322573568,521.736455744553,229,18,1854,11125,1.1368683772161603e-13,0.3463316087510941,0.95
seen,mixed,10,elastic_net,seen_test,conformal_upper_bound,0.15,2,1620,-0.0011086252397157503,0.0,-0.00026404470702902317,-0.7176001969445158,-0.00012467075842998641,680.823316092286,229,18,1847,11132,1.1368683772161603e-13,0.3463316087510941,0.95
seen,mixed,10,elastic_net,seen_test,conformal_upper_bound,0.15,3,1620,0.0002988059665849977,0.0,-0.00011186133952811982,-0.8326065216201473,-1.5908480302986962e-05,936.1183622601791,229,18,2111,10868,2.2737367544323206e-13,0.3463316087510941,0.95
seen,mixed,10,elastic_net,seen_test,conformal_upper_bound,0.2,1,1620,-0.0013074716104034421,0.0,-0.00028021711803104065,-0.7176001969445158,-0.00014863433584643904,522.6743084405286,229,18,1854,11125,1.1368683772161603e-13,0.3463316087510941,0.95
seen,mixed,10,elastic_net,seen_test,conformal_upper_bound,0.2,2,1620,-0.001216380724249927,0.0,-0.00028852111055521795,-0.7176001969445158,-0.00013585930839654894,688.3898770062467,229,18,1833,11146,1.1368683772161603e-13,0.3463316087510941,0.95
seen,mixed,10,elastic_net,seen_test,conformal_upper_bound,0.2,3,1620,-0.00018198515079873647,0.0,-0.0001994438795498393,-0.949224095307553,-5.554178386476305e-05,966.3989303611852,229,18,2054,10925,2.2737367544323206e-13,0.3463316087510941,0.95
seen,mixed,10,lightgbm,seen_test,reference_no_forecast,0.0,0,1620,0.0,0.0,0.0,0.0,0.0,0.0,543,0,0,0,0.0,0.3463316087510941,0.95
seen,mixed,10,lightgbm,seen_test,median,0.05,1,1620,0.0,0.0,0.0,0.0,0.0,0.0,543,0,0,0,0.0,0.3463316087510941,0.95
seen,mixed,10,lightgbm,seen_test,median,0.05,2,1620,0.0,0.0,0.0,0.0,0.0,0.0,543,0,0,0,0.0,0.3463316087510941,0.95
seen,mixed,10,lightgbm,seen_test,median,0.05,3,1620,0.0,0.0,0.0,0.0,0.0,0.0,543,0,0,0,0.0,0.3463316087510941,0.95
seen,mixed,10,lightgbm,seen_test,median,0.1,1,1620,0.0,0.0,0.0,0.0,0.0,0.0,543,0,0,0,0.0,0.3463316087510941,0.95
seen,mixed,10,lightgbm,seen_test,median,0.1,2,1620,0.0,0.0,0.0,0.0,0.0,0.0,543,0,0,0,0.0,0.3463316087510941,0.95
seen,mixed,10,lightgbm,seen_test,median,0.1,3,1620,0.0,0.0,0.0,0.0,0.0,0.0,543,0,0,0,0.0,0.3463316087510941,0.95
seen,mixed,10,lightgbm,seen_test,median,0.15,1,1620,0.0,0.0,0.0,0.0,0.0,0.0,543,0,0,0,0.0,0.3463316087510941,0.95
seen,mixed,10,lightgbm,seen_test,median,0.15,2,1620,0.0,0.0,0.0,0.0,0.0,0.0,543,0,0,0,0.0,0.3463316087510941,0.95
seen,mixed,10,lightgbm,seen_test,median,0.15,3,1620,0.0,0.0,0.0,0.0,0.0,0.0,543,0,0,0,0.0,0.3463316087510941,0.95
seen,mixed,10,lightgbm,seen_test,median,0.2,1,1620,0.0,0.0,0.0,0.0,0.0,0.0,543,0,0,0,0.0,0.3463316087510941,0.95
seen,mixed,10,lightgbm,seen_test,median,0.2,2,1620,0.0,0.0,0.0,0.0,0.0,0.0,543,0,0,0,0.0,0.3463316087510941,0.95
seen,mixed,10,lightgbm,seen_test,median,0.2,3,1620,0.0,0.0,0.0,0.0,0.0,0.0,543,0,0,0,0.0,0.3463316087510941,0.95
seen,mixed,10,lightgbm,seen_test,conformal_upper_bound,0.05,1,1620,0.0003424195960555347,0.0,5.4285769495975246e-05,-0.4780101232721963,4.7586611577728796e-05,392.09113756326127,218,34,2012,9134,1.1368683772161603e-13,0.3463316087510941,0.95
seen,mixed,10,lightgbm,seen_test,conformal_upper_bound,0.05,2,1620,0.002871062020263909,0.0,0.00041134717802564317,-0.5018283864760527,0.00024674895300392315,642.5696901883315,218,34,2763,8383,1.1368683772161603e-13,0.3463316087510941,0.95
seen,mixed,10,lightgbm,seen_test,conformal_upper_bound,0.05,3,1620,0.005815844353063912,0.0,0.0008750405384743278,-0.4106339230272269,0.0005053880248999857,831.941110387242,218,34,3260,7886,1.1368683772161603e-13,0.3463316087510941,0.95
seen,mixed,10,lightgbm,seen_test,conformal_upper_bound,0.1,1,1620,-0.0002438634003919721,0.0,-4.2449019783775075e-05,-0.5570093144327428,-1.6577320258122962e-07,503.0578040779419,218,34,1764,9382,2.2737367544323206e-13,0.3463316087510941,0.95
seen,mixed,10,lightgbm,seen_test,conformal_upper_bound,0.1,2,1620,0.0012534720376840562,0.0,0.00013411341780220383,-0.631156158961641,0.00012483674249807214,903.1673684260184,218,34,2386,8760,1.1368683772161603e-13,0.3463316087510941,0.95
seen,mixed,10,lightgbm,seen_test,conformal_upper_bound,0.1,3,1620,0.004153284275130886,0.0,0.000581534400984319,-0.5659978966987858,0.0003812447787351158,1267.1997787021703,218,34,2850,8296,1.1368683772161603e-13,0.3463316087510941,0.95
seen,mixed,10,lightgbm,seen_test,conformal_upper_bound,0.15,1,1620,-0.0007794394146024128,0.0,-0.0001346426304137588,-0.5756136877318818,-4.755026943186109e-05,533.6860651756635,218,34,1749,9397,2.2737367544323206e-13,0.3463316087510941,0.95
seen,mixed,10,lightgbm,seen_test,conformal_upper_bound,0.15,2,1620,-0.0009490267305729675,0.0,-0.00023689799723961412,-0.826710716868039,-5.859415179662549e-05,1027.5884836121043,218,34,2226,8920,2.2737367544323206e-13,0.3463316087510941,0.95
seen,mixed,10,lightgbm,seen_test,conformal_upper_bound,0.15,3,1620,0.0016673917207365985,0.0,0.0001679506204081803,-0.831673221121549,0.00019102970193090286,1488.051807282249,218,34,2643,8503,1.1368683772161603e-13,0.3463316087510941,0.95
seen,mixed,10,lightgbm,seen_test,conformal_upper_bound,0.2,1,1620,-0.0012061871073608137,0.0,-0.00019921153402951912,-0.5756136877318818,-8.623963243866018e-05,541.414867751934,218,34,1743,9403,2.2737367544323206e-13,0.3463316087510941,0.95
seen,mixed,10,lightgbm,seen_test,conformal_upper_bound,0.2,2,1620,-0.0024315024407592957,0.0,-0.0004643569037462103,-1.1022809558240514,-0.00017616398140517836,1086.5048830671738,218,34,2173,8973,2.2737367544323206e-13,0.3463316087510941,0.95
seen,mixed,10,lightgbm,seen_test,conformal_upper_bound,0.2,3,1620,-0.0004360552345187732,0.0,-0.00018767008585379475,-1.1088976281620653,2.515819542069926e-05,1599.2284537129124,218,34,2516,8630,1.1368683772161603e-13,0.3463316087510941,0.95
unseen,ASHP,4,persistence,unseen_test,reference_no_forecast,0.0,0,1028,0.0,0.0,0.0,0.0,0.0,0.0,227,0,0,0,0.0,0.29562868267857434,0.95
unseen,ASHP,4,persistence,unseen_test,median,0.05,1,1028,0.0,0.0,0.0,0.0,0.0,0.0,206,2,0,2185,0.0,0.29562868267857434,0.95
unseen,ASHP,4,persistence,unseen_test,median,0.05,2,1028,0.0,0.0,0.0,0.0,0.0,0.0,206,2,0,2185,0.0,0.29562868267857434,0.95
unseen,ASHP,4,persistence,unseen_test,median,0.05,3,1028,0.0,0.0,0.0,0.0,0.0,0.0,206,2,0,2185,0.0,0.29562868267857434,0.95
unseen,ASHP,4,persistence,unseen_test,median,0.1,1,1028,0.0,0.0,0.0,0.0,0.0,0.0,206,2,0,2185,0.0,0.29562868267857434,0.95
unseen,ASHP,4,persistence,unseen_test,median,0.1,2,1028,0.0,0.0,0.0,0.0,0.0,0.0,206,2,0,2185,0.0,0.29562868267857434,0.95
unseen,ASHP,4,persistence,unseen_test,median,0.1,3,1028,0.0,0.0,0.0,0.0,0.0,0.0,206,2,0,2185,0.0,0.29562868267857434,0.95
unseen,ASHP,4,persistence,unseen_test,median,0.15,1,1028,0.0,0.0,0.0,0.0,0.0,0.0,206,2,0,2185,0.0,0.29562868267857434,0.95
unseen,ASHP,4,persistence,unseen_test,median,0.15,2,1028,0.0,0.0,0.0,0.0,0.0,0.0,206,2,0,2185,0.0,0.29562868267857434,0.95
unseen,ASHP,4,persistence,unseen_test,median,0.15,3,1028,0.0,0.0,0.0,0.0,0.0,0.0,206,2,0,2185,0.0,0.29562868267857434,0.95
unseen,ASHP,4,persistence,unseen_test,median,0.2,1,1028,0.0,0.0,0.0,0.0,0.0,0.0,206,2,0,2185,0.0,0.29562868267857434,0.95
unseen,ASHP,4,persistence,unseen_test,median,0.2,2,1028,0.0,0.0,0.0,0.0,0.0,0.0,206,2,0,2185,0.0,0.29562868267857434,0.95
unseen,ASHP,4,persistence,unseen_test,median,0.2,3,1028,0.0,0.0,0.0,0.0,0.0,0.0,206,2,0,2185,0.0,0.29562868267857434,0.95
unseen,ASHP,4,persistence,unseen_test,conformal_upper_bound,0.05,1,1028,-0.00025238326848249325,0.0,-0.0001502234543204195,-0.3390000000000004,-5.923057133473681e-06,349.30184999999994,42,171,2686,11065,5.684341886080802e-14,0.29562868267857434,0.95
unseen,ASHP,4,persistence,unseen_test,conformal_upper_bound,0.05,2,1028,-0.002630447470817122,0.0,-0.0009533270468157966,-0.3939999999999997,-0.0003367336728775801,422.6046,42,171,2982,10769,2.842170943040401e-14,0.29562868267857434,0.95
unseen,ASHP,4,persistence,unseen_test,conformal_upper_bound,0.05,3,1028,0.0010548151750972732,0.0,0.0002810779198709707,-0.5107499999999998,0.0001673206802901301,380.40835000000015,42,171,2745,11006,5.684341886080802e-14,0.29562868267857434,0.95
unseen,ASHP,4,persistence,unseen_test,conformal_upper_bound,0.1,1,1028,-0.002513813229571988,0.0,-0.001028406531131106,-0.38800000000000034,-0.0003283783468261805,519.8418000000005,42,171,2504,11247,5.684341886080802e-14,0.29562868267857434,0.95
unseen,ASHP,4,persistence,unseen_test,conformal_upper_bound,0.1,2,1028,-0.007141828793774318,0.0,-0.002699241299415599,-0.6469999999999998,-0.000975509971429186,626.5991000000012,42,171,2650,11101,5.684341886080802e-14,0.29562868267857434,0.95
unseen,ASHP,4,persistence,unseen_test,conformal_upper_bound,0.1,3,1028,-0.001246595330739302,0.0,-0.0006736461604940756,-0.6749999999999998,-0.00016983612080014244,493.81180000000006,42,171,2173,11578,5.684341886080802e-14,0.29562868267857434,0.95
unseen,ASHP,4,persistence,unseen_test,conformal_upper_bound,0.15,1,1028,-0.005674999999999999,0.0,-0.0022082510793991366,-0.5223,-0.0007912660656888048,623.4232000000002,42,171,2466,11285,5.684341886080802e-14,0.29562868267857434,0.95
unseen,ASHP,4,persistence,unseen_test,conformal_upper_bound,0.15,2,1028,-0.010384046692607002,0.0,-0.00386484951865034,-0.6469999999999998,-0.0014502153840589085,752.4475000000006,42,171,2451,11300,2.842170943040401e-14,0.29562868267857434,0.95
unseen,ASHP,4,persistence,unseen_test,conformal_upper_bound,0.15,3,1028,-0.0029742217898832686,0.0,-0.00137127090134124,-0.7299999999999995,-0.0004310790168083807,544.2162000000004,42,171,1932,11819,2.842170943040401e-14,0.29562868267857434,0.95
unseen,ASHP,4,persistence,unseen_test,conformal_upper_bound,0.2,1,1028,-0.007866342412451363,0.0,-0.003083994980397218,-0.6539999999999999,-0.0010995768540259724,670.6894000000005,42,171,2466,11285,5.684341886080802e-14,0.29562868267857434,0.95
unseen,ASHP,4,persistence,unseen_test,conformal_upper_bound,0.2,2,1028,-0.014246303501945529,0.0,-0.005294712285646514,-0.6821999999999999,-0.0020027350210263667,832.2316000000009,42,171,2353,11398,2.842170943040401e-14,0.29562868267857434,0.95
unseen,ASHP,4,persistence,unseen_test,conformal_upper_bound,0.2,3,1028,-0.004114202334630354,0.0,-0.0018054155969197125,-0.7299999999999995,-0.0006108245071494408,567.0814000000006,42,171,1786,11965,2.842170943040401e-14,0.29562868267857434,0.95
unseen,ASHP,4,seasonal_daily,unseen_test,reference_no_forecast,0.0,0,1028,0.0,0.0,0.0,0.0,0.0,0.0,227,0,0,0,0.0,0.29562868267857434,0.95
unseen,ASHP,4,seasonal_daily,unseen_test,median,0.05,1,1028,0.005521887159533071,0.0,0.0013925121094439676,-0.36409999999999965,0.0006759663336172712,279.1083500000001,54,73,1629,32,5.684341886080802e-14,0.29562868267857434,0.95
unseen,ASHP,4,seasonal_daily,unseen_test,median,0.05,2,1028,0.009031322957198438,0.0,0.0023499099528168136,-0.3049000000000004,0.0011012676474784463,289.0759,54,73,1653,8,5.684341886080802e-14,0.29562868267857434,0.95
unseen,ASHP,4,seasonal_daily,unseen_test,median,0.05,3,1028,0.008277383268482489,0.0,0.0020922626030869516,-0.3166000000000002,0.0009827813540654977,289.2163,54,73,1655,6,5.684341886080802e-14,0.29562868267857434,0.95
unseen,ASHP,4,seasonal_daily,unseen_test,median,0.1,1,1028,-0.0002826848249027211,0.0,-0.0003579380836316941,-0.7281999999999993,-2.9858260488684436e-05,532.936,54,73,1580,81,5.684341886080802e-14,0.29562868267857434,0.95
unseen,ASHP,4,seasonal_daily,unseen_test,median,0.1,2,1028,0.008759630350194548,0.0,0.0021006194377459738,-0.6558000000000002,0.0010407441328068097,565.4197000000001,54,73,1639,22,5.684341886080802e-14,0.29562868267857434,0.95
unseen,ASHP,4,seasonal_daily,unseen_test,median,0.1,3,1028,-0.0015224708171206274,0.0,-0.0011415350045916328,-0.9190999999999998,-0.0002665457653707728,551.8874,54,73,1599,62,5.684341886080802e-14,0.29562868267857434,0.95
unseen,ASHP,4,seasonal_daily,unseen_test,median,0.15,1,1028,-0.012455787937743183,0.0,-0.003869964991698856,-1.0919999999999996,-0.0014846976853962292,758.4727499999999,54,73,1545,116,5.684341886080802e-14,0.29562868267857434,0.95
unseen,ASHP,4,seasonal_daily,unseen_test,median,0.15,2,1028,-0.00820661478599222,0.0,-0.003033885068581306,-1.0066999999999995,-0.001177264326833381,805.7979499999999,54,73,1596,65,5.684341886080802e-14,0.29562868267857434,0.95
unseen,ASHP,4,seasonal_daily,unseen_test,median,0.15,3,1028,-0.018372811284046678,0.0,-0.006524291522281185,-1.3669999999999995,-0.0023153443370115064,756.0110499999998,54,73,1491,170,5.684341886080802e-14,0.29562868267857434,0.95
unseen,ASHP,4,seasonal_daily,unseen_test,median,0.2,1,1028,-0.025307003891050568,0.0,-0.0076301420870879925,-1.3542000000000005,-0.003039470392402734,950.8144,54,73,1516,145,5.684341886080802e-14,0.29562868267857434,0.95
unseen,ASHP,4,seasonal_daily,unseen_test,median,0.2,2,1028,-0.025115953307392993,0.0,-0.00809410050392035,-1.1420000000000003,-0.0032088459009297315,997.9542000000007,54,73,1536,125,5.684341886080802e-14,0.29562868267857434,0.95
unseen,ASHP,4,seasonal_daily,unseen_test,median,0.2,3,1028,-0.03557918287937745,0.0,-0.011925094636319281,-1.519800000000001,-0.004314215368759943,926.4892000000002,54,73,1401,260,5.684341886080802e-14,0.29562868267857434,0.95
unseen,ASHP,4,seasonal_daily,unseen_test,conformal_upper_bound,0.05,1,1028,0.007950729571984429,0.0,0.002995597904914576,-0.4464000000000006,0.0001543327839758732,1327.6190999999978,4,339,7594,1619,5.684341886080802e-14,0.29562868267857434,0.95
unseen,ASHP,4,seasonal_daily,unseen_test,conformal_upper_bound,0.05,2,1028,0.013276799610894938,0.0,0.004980855346340284,-1.0346000000000002,0.0010744170644547838,1470.0513499999993,4,339,8222,991,5.684341886080802e-14,0.29562868267857434,0.95
unseen,ASHP,4,seasonal_daily,unseen_test,conformal_upper_bound,0.05,3,1028,0.004447227626459139,0.0,0.0021189157964822325,-1.4031000000000002,-8.924929909326751e-05,1451.2571499999992,4,339,8068,1145,5.684341886080802e-14,0.29562868267857434,0.95
unseen,ASHP,4,seasonal_daily,unseen_test,conformal_upper_bound,0.1,1,1028,-0.009171400778210128,0.0,-0.002030013873222961,-0.9701000000000004,-0.0024789503066060146,2294.981199999999,4,339,7027,2186,5.684341886080802e-14,0.29562868267857434,0.95
unseen,ASHP,4,seasonal_daily,unseen_test,conformal_upper_bound,0.1,2,1028,-0.01597607003891051,0.0,-0.004043632547093666,-1.8445,-0.003216266843118459,2459.0959000000003,4,339,7256,1957,5.684341886080802e-14,0.29562868267857434,0.95
unseen,ASHP,4,seasonal_daily,unseen_test,conformal_upper_bound,0.1,3,1028,-0.03482529182879382,0.0,-0.010875600448985091,-1.8729999999999993,-0.005461177624679577,2329.1461,4,339,6761,2452,5.684341886080802e-14,0.29562868267857434,0.95
unseen,ASHP,4,seasonal_daily,unseen_test,conformal_upper_bound,0.15,1,1028,-0.0314115272373541,0.0,-0.0089600897362762,-1.4427999999999992,-0.005262133306958454,2989.0496000000016,4,339,6512,2701,5.684341886080802e-14,0.29562868267857434,0.95
unseen,ASHP,4,seasonal_daily,unseen_test,conformal_upper_bound,0.15,2,1028,-0.05492305447470819,0.0,-0.01693740814805286,-1.873000000000001,-0.008287399502116679,3124.736750000002,4,339,6466,2747,5.684341886080802e-14,0.29562868267857434,0.95
unseen,ASHP,4,seasonal_daily,unseen_test,conformal_upper_bound,0.15,3,1028,-0.0738585603112841,0.0,-0.02359573616070249,-1.8809999999999998,-0.010314615376071713,2886.9905000000017,4,339,5869,3344,5.684341886080802e-14,0.29562868267857434,0.95
unseen,ASHP,4,seasonal_daily,unseen_test,conformal_upper_bound,0.2,1,1028,-0.05828560311284048,0.0,-0.017973672440417206,-1.5169999999999995,-0.008391378910140274,3480.1107999999963,4,339,6150,3063,5.684341886080802e-14,0.29562868267857434,0.95
unseen,ASHP,4,seasonal_daily,unseen_test,conformal_upper_bound,0.2,2,1028,-0.08745933852140085,0.0,-0.027625873443795888,-1.8730000000000002,-0.012088846028047062,3586.3577999999993,4,339,5927,3286,5.684341886080802e-14,0.29562868267857434,0.95
unseen,ASHP,4,seasonal_daily,unseen_test,conformal_upper_bound,0.2,3,1028,-0.10663501945525304,0.0,-0.034776631544692724,-1.8810000000000007,-0.01399664486214232,3266.8841999999995,4,339,5273,3940,5.684341886080802e-14,0.29562868267857434,0.95
unseen,ASHP,4,seasonal_weekly,unseen_test,reference_no_forecast,0.0,0,1028,0.0,0.0,0.0,0.0,0.0,0.0,227,0,0,0,0.0,0.29562868267857434,0.95
unseen,ASHP,4,seasonal_weekly,unseen_test,median,0.05,1,1028,-0.0033149319066147903,0.0,-0.0010422868992831572,-0.36714999999999964,-0.00048685184010749676,187.0034000000001,109,59,1078,26,5.684341886080802e-14,0.29562868267857434,0.95
unseen,ASHP,4,seasonal_weekly,unseen_test,median,0.05,2,1028,0.001992266536964979,0.0,0.0004943429924824294,-0.5248499999999998,0.00016915375505001075,189.67115000000018,109,59,1083,21,5.684341886080802e-14,0.29562868267857434,0.95
unseen,ASHP,4,seasonal_weekly,unseen_test,median,0.05,3,1028,0.0028051556420233435,0.0,0.0005922846408525162,-0.20965000000000034,0.00022225431906996908,190.16240000000016,109,59,1089,15,5.684341886080802e-14,0.29562868267857434,0.95
unseen,ASHP,4,seasonal_weekly,unseen_test,median,0.1,1,1028,-0.00846410505836576,0.0,-0.002583173467737059,-0.7343000000000002,-0.001080597256055446,355.42170000000027,109,59,1053,51,5.684341886080802e-14,0.29562868267857434,0.95
unseen,ASHP,4,seasonal_weekly,unseen_test,median,0.1,2,1028,-0.0034127431906614794,0.0,-0.0012760644858854512,-1.0497000000000005,-0.0005677566489702106,368.3803000000004,109,59,1063,41,5.684341886080802e-14,0.29562868267857434,0.95
unseen,ASHP,4,seasonal_weekly,unseen_test,median,0.1,3,1028,-0.009161284046692614,0.0,-0.003045053445461338,-0.8297000000000008,-0.0013722783322896203,368.0652000000006,109,59,1067,37,2.842170943040401e-14,0.29562868267857434,0.95
unseen,ASHP,4,seasonal_weekly,unseen_test,median,0.15,1,1028,-0.016298784046692605,0.0,-0.004755925025096112,-1.1014499999999998,-0.001904333814442915,506.07574999999986,109,59,1028,76,5.684341886080802e-14,0.29562868267857434,0.95
unseen,ASHP,4,seasonal_weekly,unseen_test,median,0.15,2,1028,-0.014751848249027236,0.0,-0.004637715036965661,-1.354,-0.0017819017110396523,532.1208999999999,109,59,1050,54,5.684341886080802e-14,0.29562868267857434,0.95
unseen,ASHP,4,seasonal_weekly,unseen_test,median,0.15,3,1028,-0.02457791828793772,0.0,-0.0073097677574743445,-1.5145499999999998,-0.0029553910377764087,523.3099999999998,109,59,1033,71,5.684341886080802e-14,0.29562868267857434,0.95
unseen,ASHP,4,seasonal_weekly,unseen_test,median,0.2,1,1028,-0.02329649805447471,0.0,-0.006682923604980982,-1.354,-0.0026879654633587277,632.7660000000008,109,59,1013,91,5.684341886080802e-14,0.29562868267857434,0.95
unseen,ASHP,4,seasonal_weekly,unseen_test,median,0.2,2,1028,-0.025842607003891068,0.0,-0.007762580726237365,-1.4352,-0.0029431245958948795,663.2744000000006,109,59,1011,93,5.684341886080802e-14,0.29562868267857434,0.95
unseen,ASHP,4,seasonal_weekly,unseen_test,median,0.2,3,1028,-0.0388194552529183,0.0,-0.011315149209422297,-1.7459999999999996,-0.004341417551210781,645.3348000000004,109,59,985,119,5.684341886080802e-14,0.29562868267857434,0.95
unseen,ASHP,4,seasonal_weekly,unseen_test,conformal_upper_bound,0.05,1,1028,0.010394990272373535,0.0,0.004417267376792367,-0.6449999999999996,0.0004942199783362613,1184.684149999999,0,386,6822,1603,5.684341886080802e-14,0.29562868267857434,0.95
unseen,ASHP,4,seasonal_weekly,unseen_test,conformal_upper_bound,0.05,2,1028,0.010505398832684821,0.0,0.004608311941186699,-0.8706000000000005,0.00027271232812238537,1278.6261499999996,0,386,7197,1228,5.684341886080802e-14,0.29562868267857434,0.95
unseen,ASHP,4,seasonal_weekly,unseen_test,conformal_upper_bound,0.05,3,1028,0.008866536964980532,0.0,0.00398274699402772,-1.1548499999999997,0.00012152440353819115,1254.2682499999999,0,386,7023,1402,5.684341886080802e-14,0.29562868267857434,0.95
unseen,ASHP,4,seasonal_weekly,unseen_test,conformal_upper_bound,0.1,1,1028,-0.00025447470817121235,0.0,0.0010619806445172617,-0.9029999999999996,-0.0013265245238439764,2092.5193999999997,0,386,6363,2062,5.684341886080802e-14,0.29562868267857434,0.95
unseen,ASHP,4,seasonal_weekly,unseen_test,conformal_upper_bound,0.1,2,1028,0.002364202334630349,0.0,0.0018203645368696896,-1.5214999999999996,-0.0015453054265017277,2165.416200000001,0,386,6379,2046,5.684341886080802e-14,0.29562868267857434,0.95
unseen,ASHP,4,seasonal_weekly,unseen_test,conformal_upper_bound,0.1,3,1028,-0.01241741245136188,0.0,-0.003871493542619468,-1.8969999999999985,-0.0030341722534091226,2079.7728000000006,0,386,6069,2356,5.684341886080802e-14,0.29562868267857434,0.95
unseen,ASHP,4,seasonal_weekly,unseen_test,conformal_upper_bound,0.15,1,1028,-0.017317071984435793,0.0,-0.005053043689063237,-1.0969500000000005,-0.0036454632014852107,2777.4824999999996,0,386,6014,2411,5.684341886080802e-14,0.29562868267857434,0.95
unseen,ASHP,4,seasonal_weekly,unseen_test,conformal_upper_bound,0.15,2,1028,-0.023525535019455236,0.0,-0.0072940702674723105,-1.8969999999999994,-0.005026977476014298,2825.7764499999994,0,386,5870,2555,5.684341886080802e-14,0.29562868267857434,0.95
unseen,ASHP,4,seasonal_weekly,unseen_test,conformal_upper_bound,0.15,3,1028,-0.05315374513618681,0.0,-0.019210924740111702,-1.8970000000000002,-0.007813371572948544,2645.1298499999984,0,386,5431,2994,5.684341886080802e-14,0.29562868267857434,0.95
unseen,ASHP,4,seasonal_weekly,unseen_test,conformal_upper_bound,0.2,1,1028,-0.04944066147859927,0.0,-0.016630915825221863,-1.3721999999999999,-0.00763120314347283,3296.6407999999988,0,386,5708,2717,5.684341886080802e-14,0.29562868267857434,0.95
unseen,ASHP,4,seasonal_weekly,unseen_test,conformal_upper_bound,0.2,2,1028,-0.052578793774319135,0.0,-0.017846835058800265,-1.8970000000000002,-0.00853843439863957,3325.848799999998,0,386,5477,2948,5.684341886080802e-14,0.29562868267857434,0.95
unseen,ASHP,4,seasonal_weekly,unseen_test,conformal_upper_bound,0.2,3,1028,-0.08798190661478598,0.0,-0.032474789760104386,-1.8970000000000002,-0.011869587314957259,3056.7747999999997,0,386,4965,3460,5.684341886080802e-14,0.29562868267857434,0.95
unseen,ASHP,4,elastic_net,unseen_test,reference_no_forecast,0.0,0,1028,0.0,0.0,0.0,0.0,0.0,0.0,227,0,0,0,0.0,0.29562868267857434,0.95
unseen,ASHP,4,elastic_net,unseen_test,median,0.05,1,1028,0.0,0.0,0.0,0.0,0.0,0.0,227,0,0,0,0.0,0.29562868267857434,0.95
unseen,ASHP,4,elastic_net,unseen_test,median,0.05,2,1028,0.0,0.0,0.0,0.0,0.0,0.0,227,0,0,0,0.0,0.29562868267857434,0.95
unseen,ASHP,4,elastic_net,unseen_test,median,0.05,3,1028,0.0,0.0,0.0,0.0,0.0,0.0,227,0,0,0,0.0,0.29562868267857434,0.95
unseen,ASHP,4,elastic_net,unseen_test,median,0.1,1,1028,0.0,0.0,0.0,0.0,0.0,0.0,227,0,0,0,0.0,0.29562868267857434,0.95
unseen,ASHP,4,elastic_net,unseen_test,median,0.1,2,1028,0.0,0.0,0.0,0.0,0.0,0.0,227,0,0,0,0.0,0.29562868267857434,0.95
unseen,ASHP,4,elastic_net,unseen_test,median,0.1,3,1028,0.0,0.0,0.0,0.0,0.0,0.0,227,0,0,0,0.0,0.29562868267857434,0.95
unseen,ASHP,4,elastic_net,unseen_test,median,0.15,1,1028,0.0,0.0,0.0,0.0,0.0,0.0,227,0,0,0,0.0,0.29562868267857434,0.95
unseen,ASHP,4,elastic_net,unseen_test,median,0.15,2,1028,0.0,0.0,0.0,0.0,0.0,0.0,227,0,0,0,0.0,0.29562868267857434,0.95
unseen,ASHP,4,elastic_net,unseen_test,median,0.15,3,1028,0.0,0.0,0.0,0.0,0.0,0.0,227,0,0,0,0.0,0.29562868267857434,0.95
unseen,ASHP,4,elastic_net,unseen_test,median,0.2,1,1028,0.0,0.0,0.0,0.0,0.0,0.0,227,0,0,0,0.0,0.29562868267857434,0.95
unseen,ASHP,4,elastic_net,unseen_test,median,0.2,2,1028,0.0,0.0,0.0,0.0,0.0,0.0,227,0,0,0,0.0,0.29562868267857434,0.95
unseen,ASHP,4,elastic_net,unseen_test,median,0.2,3,1028,0.0,0.0,0.0,0.0,0.0,0.0,227,0,0,0,0.0,0.29562868267857434,0.95
unseen,ASHP,4,elastic_net,unseen_test,conformal_upper_bound,0.05,1,1028,-0.0004718681279212471,0.0,-0.00018248555338898904,-0.21531140616677824,-0.00010917515848656871,251.523696141172,58,60,1860,1928,5.684341886080802e-14,0.29562868267857434,0.95
unseen,ASHP,4,elastic_net,unseen_test,conformal_upper_bound,0.05,2,1028,-0.00039761668504808303,0.0,-0.0002017860730698343,-0.3246004970132734,-0.0001168011050513547,300.73437502292603,58,60,2106,1682,5.684341886080802e-14,0.29562868267857434,0.95
unseen,ASHP,4,elastic_net,unseen_test,conformal_upper_bound,0.05,3,1028,0.0014952660152316713,0.0,0.0003838935310708678,-0.37645862142706044,0.00017219190324027192,293.2588826977714,58,60,2078,1710,5.684341886080802e-14,0.29562868267857434,0.95
unseen,ASHP,4,elastic_net,unseen_test,conformal_upper_bound,0.1,1,1028,-0.0016409790900005587,0.0,-0.0005795299055961829,-0.344017925157869,-0.00029399846513203365,391.52590831372595,58,60,1786,2002,5.684341886080802e-14,0.29562868267857434,0.95
unseen,ASHP,4,elastic_net,unseen_test,conformal_upper_bound,0.1,2,1028,-0.0029253319895756686,0.0,-0.0010080102167795253,-0.6492009940265469,-0.00048552575415346564,447.9949838667737,58,60,1836,1952,5.684341886080802e-14,0.29562868267857434,0.95
unseen,ASHP,4,elastic_net,unseen_test,conformal_upper_bound,0.1,3,1028,0.0013899793126903666,0.0,0.0003012309514015273,-0.37645862142706044,0.00013411192306327292,381.8939434915674,58,60,1637,2151,5.684341886080802e-14,0.29562868267857434,0.95
unseen,ASHP,4,elastic_net,unseen_test,conformal_upper_bound,0.15,1,1028,-0.003277289595302119,0.0,-0.00113948377148501,-0.428301604276184,-0.0005415224448943471,472.8985250282723,58,60,1773,2015,5.684341886080802e-14,0.29562868267857434,0.95
unseen,ASHP,4,elastic_net,unseen_test,conformal_upper_bound,0.15,2,1028,-0.0046763758110806445,0.0,-0.0015655651960043014,-0.862964022651366,-0.0007348704942055382,523.9843766153348,58,60,1733,2055,5.684341886080802e-14,0.29562868267857434,0.95
unseen,ASHP,4,elastic_net,unseen_test,conformal_upper_bound,0.15,3,1028,0.0012051881662889855,0.0,0.00024769483590372977,-0.37645862142706044,0.00010696936326700747,418.299174836163,58,60,1458,2330,5.684341886080802e-14,0.29562868267857434,0.95
unseen,ASHP,4,elastic_net,unseen_test,conformal_upper_bound,0.2,1,1028,-0.004149767021377509,0.0,-0.0014530750953173851,-0.481250456375081,-0.0006746751798664108,508.3604826863652,58,60,1773,2015,5.684341886080802e-14,0.29562868267857434,0.95
unseen,ASHP,4,elastic_net,unseen_test,conformal_upper_bound,0.2,2,1028,-0.005792685594258775,0.0,-0.0019279658609217794,-0.862964022651366,-0.0008906318147743705,564.7864092400821,58,60,1632,2156,5.684341886080802e-14,0.29562868267857434,0.95
unseen,ASHP,4,elastic_net,unseen_test,conformal_upper_bound,0.2,3,1028,0.0010184262908888861,0.0,0.00020203135997614975,-0.37645862142706044,8.7250659063013e-05,436.35792192088826,58,60,1335,2453,5.684341886080802e-14,0.29562868267857434,0.95
unseen,ASHP,4,lightgbm,unseen_test,reference_no_forecast,0.0,0,1028,0.0,0.0,0.0,0.0,0.0,0.0,227,0,0,0,0.0,0.29562868267857434,0.95
unseen,ASHP,4,lightgbm,unseen_test,median,0.05,1,1028,0.0,0.0,0.0,0.0,0.0,0.0,227,0,0,0,0.0,0.29562868267857434,0.95
unseen,ASHP,4,lightgbm,unseen_test,median,0.05,2,1028,0.0,0.0,0.0,0.0,0.0,0.0,227,0,0,0,0.0,0.29562868267857434,0.95
unseen,ASHP,4,lightgbm,unseen_test,median,0.05,3,1028,0.0,0.0,0.0,0.0,0.0,0.0,227,0,0,0,0.0,0.29562868267857434,0.95
unseen,ASHP,4,lightgbm,unseen_test,median,0.1,1,1028,0.0,0.0,0.0,0.0,0.0,0.0,227,0,0,0,0.0,0.29562868267857434,0.95
unseen,ASHP,4,lightgbm,unseen_test,median,0.1,2,1028,0.0,0.0,0.0,0.0,0.0,0.0,227,0,0,0,0.0,0.29562868267857434,0.95
unseen,ASHP,4,lightgbm,unseen_test,median,0.1,3,1028,0.0,0.0,0.0,0.0,0.0,0.0,227,0,0,0,0.0,0.29562868267857434,0.95
unseen,ASHP,4,lightgbm,unseen_test,median,0.15,1,1028,0.0,0.0,0.0,0.0,0.0,0.0,227,0,0,0,0.0,0.29562868267857434,0.95
unseen,ASHP,4,lightgbm,unseen_test,median,0.15,2,1028,0.0,0.0,0.0,0.0,0.0,0.0,227,0,0,0,0.0,0.29562868267857434,0.95
unseen,ASHP,4,lightgbm,unseen_test,median,0.15,3,1028,0.0,0.0,0.0,0.0,0.0,0.0,227,0,0,0,0.0,0.29562868267857434,0.95
unseen,ASHP,4,lightgbm,unseen_test,median,0.2,1,1028,0.0,0.0,0.0,0.0,0.0,0.0,227,0,0,0,0.0,0.29562868267857434,0.95
unseen,ASHP,4,lightgbm,unseen_test,median,0.2,2,1028,0.0,0.0,0.0,0.0,0.0,0.0,227,0,0,0,0.0,0.29562868267857434,0.95
unseen,ASHP,4,lightgbm,unseen_test,median,0.2,3,1028,0.0,0.0,0.0,0.0,0.0,0.0,227,0,0,0,0.0,0.29562868267857434,0.95
unseen,ASHP,4,lightgbm,unseen_test,conformal_upper_bound,0.05,1,1028,0.0013214633492707893,0.0,0.00041318905334141327,-0.16347082950721603,0.0002008681366501354,323.6024544859853,51,91,2441,5917,5.684341886080802e-14,0.29562868267857434,0.95
unseen,ASHP,4,lightgbm,unseen_test,conformal_upper_bound,0.05,2,1028,-0.0017582953031981415,0.0,-0.0006994763725956369,-0.4814666255880229,-0.00026792192853770344,412.5552349123283,51,91,2873,5485,5.684341886080802e-14,0.29562868267857434,0.95
unseen,ASHP,4,lightgbm,unseen_test,conformal_upper_bound,0.05,3,1028,0.0032994116932180727,0.0,0.0009392233940781546,-0.3758182534021537,0.0004505831721597094,434.08573383632984,51,91,2969,5389,5.684341886080802e-14,0.29562868267857434,0.95
unseen,ASHP,4,lightgbm,unseen_test,conformal_upper_bound,0.1,1,1028,-0.0003816334666896812,0.0,-0.00022012634768728062,-0.3172591368227873,-8.17378477291638e-05,488.39492072343836,51,91,2303,6055,5.684341886080802e-14,0.29562868267857434,0.95
unseen,ASHP,4,lightgbm,unseen_test,conformal_upper_bound,0.1,2,1028,-0.008009932146187176,0.0,-0.0028044416320994257,-0.9629332511760458,-0.0011355640242500901,617.3217504322723,51,91,2519,5839,5.684341886080802e-14,0.29562868267857434,0.95
unseen,ASHP,4,lightgbm,unseen_test,conformal_upper_bound,0.1,3,1028,-0.0007380890948372817,0.0,-0.0003110822693089714,-0.8921766500893638,-0.00011457832754340168,596.5984330152651,51,91,2391,5967,5.684341886080802e-14,0.29562868267857434,0.95
unseen,ASHP,4,lightgbm,unseen_test,conformal_upper_bound,0.15,1,1028,-0.0026352172113005452,0.0,-0.001041085662119586,-0.3593165980362971,-0.0004419494993440195,583.4084065723265,51,91,2258,6100,5.684341886080802e-14,0.29562868267857434,0.95
unseen,ASHP,4,lightgbm,unseen_test,conformal_upper_bound,0.15,2,1028,-0.012008194959830373,0.0,-0.004166257497581373,-1.0736845709978988,-0.0016641847924212941,733.6313852445694,51,91,2341,6017,5.684341886080802e-14,0.29562868267857434,0.95
unseen,ASHP,4,lightgbm,unseen_test,conformal_upper_bound,0.15,3,1028,-0.0030115172731404695,0.0,-0.0010501418076904814,-0.9901143672975077,-0.00045470122956848966,658.8899712122411,51,91,2114,6244,5.684341886080802e-14,0.29562868267857434,0.95
unseen,ASHP,4,lightgbm,unseen_test,conformal_upper_bound,0.2,1,1028,-0.004049932484464739,0.0,-0.001581809564090766,-0.492314659355201,-0.0006674778558821246,626.9251972765749,51,91,2257,6101,5.684341886080802e-14,0.29562868267857434,0.95
unseen,ASHP,4,lightgbm,unseen_test,conformal_upper_bound,0.2,2,1028,-0.01609708688333951,0.0,-0.005561715902224222,-1.0736845709978988,-0.0021793426622160354,802.6310599092508,51,91,2241,6117,5.684341886080802e-14,0.29562868267857434,0.95
unseen,ASHP,4,lightgbm,unseen_test,conformal_upper_bound,0.2,3,1028,-0.004731044837059234,0.0,-0.0016196775203195669,-0.9901143672975077,-0.0007008032246163581,687.9258456545203,51,91,1908,6450,5.684341886080802e-14,0.29562868267857434,0.95
unseen,GSHP,4,persistence,unseen_test,reference_no_forecast,0.0,0,360,0.0,0.0,0.0,0.0,0.0,0.0,160,0,0,0,0.0,0.26496513643952635,0.95
unseen,GSHP,4,persistence,unseen_test,median,0.05,1,360,0.0,0.0,0.0,0.0,0.0,0.0,160,0,0,0,0.0,0.26496513643952635,0.95
unseen,GSHP,4,persistence,unseen_test,median,0.05,2,360,0.0,0.0,0.0,0.0,0.0,0.0,160,0,0,0,0.0,0.26496513643952635,0.95
unseen,GSHP,4,persistence,unseen_test,median,0.05,3,360,0.0,0.0,0.0,0.0,0.0,0.0,160,0,0,0,0.0,0.26496513643952635,0.95
unseen,GSHP,4,persistence,unseen_test,median,0.1,1,360,0.0,0.0,0.0,0.0,0.0,0.0,160,0,0,0,0.0,0.26496513643952635,0.95
unseen,GSHP,4,persistence,unseen_test,median,0.1,2,360,0.0,0.0,0.0,0.0,0.0,0.0,160,0,0,0,0.0,0.26496513643952635,0.95
unseen,GSHP,4,persistence,unseen_test,median,0.1,3,360,0.0,0.0,0.0,0.0,0.0,0.0,160,0,0,0,0.0,0.26496513643952635,0.95
unseen,GSHP,4,persistence,unseen_test,median,0.15,1,360,0.0,0.0,0.0,0.0,0.0,0.0,160,0,0,0,0.0,0.26496513643952635,0.95
unseen,GSHP,4,persistence,unseen_test,median,0.15,2,360,0.0,0.0,0.0,0.0,0.0,0.0,160,0,0,0,0.0,0.26496513643952635,0.95
unseen,GSHP,4,persistence,unseen_test,median,0.15,3,360,0.0,0.0,0.0,0.0,0.0,0.0,160,0,0,0,0.0,0.26496513643952635,0.95
unseen,GSHP,4,persistence,unseen_test,median,0.2,1,360,0.0,0.0,0.0,0.0,0.0,0.0,160,0,0,0,0.0,0.26496513643952635,0.95
unseen,GSHP,4,persistence,unseen_test,median,0.2,2,360,0.0,0.0,0.0,0.0,0.0,0.0,160,0,0,0,0.0,0.26496513643952635,0.95
unseen,GSHP,4,persistence,unseen_test,median,0.2,3,360,0.0,0.0,0.0,0.0,0.0,0.0,160,0,0,0,0.0,0.26496513643952635,0.95
unseen,GSHP,4,persistence,unseen_test,conformal_upper_bound,0.05,1,360,-0.001147222222221843,0.0,-0.0002938581511838736,-0.020649999999993174,-0.00010866155730661199,52.09799999999767,80,60,620,8560,2.842170943040401e-14,0.26496513643952635,0.95
unseen,GSHP,4,persistence,unseen_test,conformal_upper_bound,0.05,2,360,-0.001147222222221843,0.0,-0.0002938581511838736,-0.020649999999993174,-0.00010866155730661199,49.41899999999805,80,60,560,8620,2.842170943040401e-14,0.26496513643952635,0.95
unseen,GSHP,4,persistence,unseen_test,conformal_upper_bound,0.05,3,360,-0.001147222222221843,0.0,-0.0002938581511838736,-0.020649999999993174,-0.00010866155730661199,49.748999999998055,80,60,560,8620,3.552713678800501e-15,0.26496513643952635,0.95
unseen,GSHP,4,persistence,unseen_test,conformal_upper_bound,0.1,1,360,-0.001147222222221843,0.0,-0.0002938581511838736,-0.020649999999993174,-0.00010866155730661199,53.17999999999756,80,60,520,8660,0.0,0.26496513643952635,0.95
unseen,GSHP,4,persistence,unseen_test,conformal_upper_bound,0.1,2,360,-0.001147222222221843,0.0,-0.0002938581511838736,-0.020649999999993174,-0.00010866155730661199,51.758999999998196,80,60,460,8720,0.0,0.26496513643952635,0.95
unseen,GSHP,4,persistence,unseen_test,conformal_upper_bound,0.1,3,360,-0.001147222222221843,0.0,-0.0002938581511838736,-0.020649999999993174,-0.00010866155730661199,52.72499999999794,80,60,460,8720,0.0,0.26496513643952635,0.95
unseen,GSHP,4,persistence,unseen_test,conformal_upper_bound,0.15,1,360,-0.001147222222221843,0.0,-0.0002938581511838736,-0.020649999999993174,-0.00010866155730661199,53.17999999999756,80,60,500,8680,0.0,0.26496513643952635,0.95
unseen,GSHP,4,persistence,unseen_test,conformal_upper_bound,0.15,2,360,-0.001147222222221843,0.0,-0.0002938581511838736,-0.020649999999993174,-0.00010866155730661199,52.10799999999801,80,60,440,8740,0.0,0.26496513643952635,0.95
unseen,GSHP,4,persistence,unseen_test,conformal_upper_bound,0.15,3,360,-0.001147222222221843,0.0,-0.0002938581511838736,-0.020649999999993174,-0.00010866155730661199,55.51699999999796,80,60,440,8740,0.0,0.26496513643952635,0.95
unseen,GSHP,4,persistence,unseen_test,conformal_upper_bound,0.2,1,360,-0.001147222222221843,0.0,-0.0002938581511838736,-0.020649999999993174,-0.00010866155730661199,53.17999999999756,80,60,500,8680,0.0,0.26496513643952635,0.95
unseen,GSHP,4,persistence,unseen_test,conformal_upper_bound,0.2,2,360,-0.001147222222221843,0.0,-0.0002938581511838736,-0.020649999999993174,-0.00010866155730661199,52.10799999999801,80,60,440,8740,0.0,0.26496513643952635,0.95
unseen,GSHP,4,persistence,unseen_test,conformal_upper_bound,0.2,3,360,-0.001147222222221843,0.0,-0.0002938581511838736,-0.020649999999993174,-0.00010866155730661199,56.61399999999785,80,60,440,8740,0.0,0.26496513643952635,0.95
unseen,GSHP,4,seasonal_daily,unseen_test,reference_no_forecast,0.0,0,360,0.0,0.0,0.0,0.0,0.0,0.0,160,0,0,0,0.0,0.26496513643952635,0.95
unseen,GSHP,4,seasonal_daily,unseen_test,median,0.05,1,360,0.03308055555555557,0.0,0.006914171025267009,-0.14425000000000043,0.0029193349763490615,364.4499999999987,0,0,2240,1020,2.842170943040401e-14,0.26496513643952635,0.95
unseen,GSHP,4,seasonal_daily,unseen_test,median,0.05,2,360,0.04788611111111107,0.0,0.010688906953392039,-0.07275000000000009,0.004303922529233538,487.1749999999982,0,0,2960,300,2.842170943040401e-14,0.26496513643952635,0.95
unseen,GSHP,4,seasonal_daily,unseen_test,median,0.05,3,360,0.045108333333333334,0.0,0.009989743153296954,-0.12274999999999991,0.0040594127332703855,536.1789999999999,0,0,3180,80,2.842170943040401e-14,0.26496513643952635,0.95
unseen,GSHP,4,seasonal_daily,unseen_test,median,0.1,1,360,0.04295000000000014,0.0,0.008364692389482136,-0.35029999999999983,0.0038101035453831935,631.4579999999963,0,0,2020,1240,2.842170943040401e-14,0.26496513643952635,0.95
unseen,GSHP,4,seasonal_daily,unseen_test,median,0.1,2,360,0.010086111111111509,0.0,0.000991720074585124,-0.5695000000000006,0.0010135131428885558,859.351999999997,0,0,2700,560,2.842170943040401e-14,0.26496513643952635,0.95
unseen,GSHP,4,seasonal_daily,unseen_test,median,0.1,3,360,0.022977777777778444,0.0,0.004067842724674143,-0.2635000000000005,0.0018402266344793757,898.6419999999987,0,0,2780,480,2.842170943040401e-14,0.26496513643952635,0.95
unseen,GSHP,4,seasonal_daily,unseen_test,median,0.15,1,360,-0.010369444444443963,0.0,-0.004424716468029963,-0.5726499999999932,-0.0009463933423862079,825.107999999997,0,0,2000,1260,2.842170943040401e-14,0.26496513643952635,0.95
unseen,GSHP,4,seasonal_daily,unseen_test,median,0.15,2,360,0.01923888888888956,0.0,0.002804128922834888,-0.572649999999995,0.0018476604635988202,1105.5009999999954,0,0,2500,760,0.0,0.26496513643952635,0.95
unseen,GSHP,4,seasonal_daily,unseen_test,median,0.15,3,360,0.008158333333333736,0.0,0.0006189009449601215,-0.4259000000000004,0.0006199039731566498,1102.9469999999953,0,0,2360,900,2.842170943040401e-14,0.26496513643952635,0.95
unseen,GSHP,4,seasonal_daily,unseen_test,median,0.2,1,360,-0.013611111111111018,0.0,-0.005240640622741027,-0.6310000000000002,-0.001172320424630434,970.511999999996,0,0,1920,1340,2.842170943040401e-14,0.26496513643952635,0.95
unseen,GSHP,4,seasonal_daily,unseen_test,median,0.2,2,360,-0.03184722222222184,0.0,-0.008215749234742213,-0.5726499999999932,-0.0026790894479808633,1267.1789999999937,0,0,2420,840,5.684341886080802e-14,0.26496513643952635,0.95
unseen,GSHP,4,seasonal_daily,unseen_test,median,0.2,3,360,-0.02129166666666625,0.0,-0.005760968872985101,-0.5726499999999941,-0.001759798641880058,1202.1039999999946,0,0,2180,1080,2.842170943040401e-14,0.26496513643952635,0.95
unseen,GSHP,4,seasonal_daily,unseen_test,conformal_upper_bound,0.05,1,360,0.00975,0.0,0.0036164688427299707,0.0,0.0006545179675032307,626.801999999997,0,160,4020,4360,2.842170943040401e-14,0.26496513643952635,0.95
unseen,GSHP,4,seasonal_daily,unseen_test,conformal_upper_bound,0.05,2,360,0.06778888888888789,0.0,0.017079860381077262,0.0,0.005881000900150152,851.6409999999964,0,160,5120,3260,5.684341886080802e-14,0.26496513643952635,0.95
unseen,GSHP,4,seasonal_daily,unseen_test,conformal_upper_bound,0.05,3,360,0.035502777777778424,0.0,0.01073205438968159,-0.12534999999999474,0.0034596539315188183,925.5129999999966,0,160,5520,2860,5.684341886080802e-14,0.26496513643952635,0.95
unseen,GSHP,4,seasonal_daily,unseen_test,conformal_upper_bound,0.1,1,360,0.0052305555555552325,0.0,0.002820251458759719,-0.1144999999999996,0.00019440376439092689,1049.7829999999972,0,160,3620,4760,2.842170943040401e-14,0.26496513643952635,0.95
unseen,GSHP,4,seasonal_daily,unseen_test,conformal_upper_bound,0.1,2,360,0.056461111111109644,0.0,0.016641095713600063,-0.1144999999999996,0.005117033487456979,1368.4789999999962,0,160,4480,3900,2.842170943040401e-14,0.26496513643952635,0.95
unseen,GSHP,4,seasonal_daily,unseen_test,conformal_upper_bound,0.1,3,360,0.030677777777778515,0.0,0.00932469780439005,-0.1144999999999996,0.002355091393764989,1311.4289999999962,0,160,4240,4140,2.842170943040401e-14,0.26496513643952635,0.95
unseen,GSHP,4,seasonal_daily,unseen_test,conformal_upper_bound,0.15,1,360,-0.00289444444444473,0.0,0.0009307165750387997,-0.2607499999999989,-0.0005210703148211987,1365.125999999993,0,160,3340,5040,2.842170943040401e-14,0.26496513643952635,0.95
unseen,GSHP,4,seasonal_daily,unseen_test,conformal_upper_bound,0.15,2,360,0.02751388888888824,0.0,0.008153207359470106,-0.2607499999999989,0.002669158889044828,1636.8149999999941,0,160,3860,4520,5.684341886080802e-14,0.26496513643952635,0.95
unseen,GSHP,4,seasonal_daily,unseen_test,conformal_upper_bound,0.15,3,360,-0.0024111111111110427,0.0,-0.0027198303067081744,-0.2607499999999989,-0.00012380734946439986,1531.6909999999955,0,160,3560,4820,2.842170943040401e-14,0.26496513643952635,0.95
unseen,GSHP,4,seasonal_daily,unseen_test,conformal_upper_bound,0.2,1,360,-0.012908333333333638,0.0,-0.0019831615239147195,-0.40699999999999914,-0.0013287514976567316,1570.7699999999904,0,160,3280,5100,5.684341886080802e-14,0.26496513643952635,0.95
unseen,GSHP,4,seasonal_daily,unseen_test,conformal_upper_bound,0.2,2,360,-0.007124999999999589,0.0,-0.003079370388291597,-0.40699999999999914,2.6395236349567122e-05,1757.9929999999936,0,160,3500,4880,5.684341886080802e-14,0.26496513643952635,0.95
unseen,GSHP,4,seasonal_daily,unseen_test,conformal_upper_bound,0.2,3,360,-0.052963888888889255,0.0,-0.017365120394277345,-0.5686499999999937,-0.003511889323940191,1648.3029999999949,0,160,3240,5140,2.842170943040401e-14,0.26496513643952635,0.95
unseen,GSHP,4,seasonal_weekly,unseen_test,reference_no_forecast,0.0,0,360,0.0,0.0,0.0,0.0,0.0,0.0,160,0,0,0,0.0,0.26496513643952635,0.95
unseen,GSHP,4,seasonal_weekly,unseen_test,median,0.05,1,360,0.01493333333333342,0.0,0.004188522238546582,-0.14109999999999978,0.0018259150066003748,326.49399999999946,0,0,1860,420,2.842170943040401e-14,0.26496513643952635,0.95
unseen,GSHP,4,seasonal_weekly,unseen_test,median,0.05,2,360,-0.05450555555555549,0.0,-0.011960056572822906,-0.4469499999999993,-0.004368587752310147,350.7249999999995,0,0,2000,280,2.842170943040401e-14,0.26496513643952635,0.95
unseen,GSHP,4,seasonal_weekly,unseen_test,median,0.05,3,360,-0.05450555555555549,0.0,-0.011960056572822906,-0.4469499999999993,-0.004368587752310147,388.57599999999934,0,0,2180,100,2.842170943040401e-14,0.26496513643952635,0.95
unseen,GSHP,4,seasonal_weekly,unseen_test,median,0.1,1,360,-0.0032333333333333224,0.0,0.00042381820946065733,-0.28220000000000045,0.00047586871584152213,596.2099999999981,0,0,1800,480,2.842170943040401e-14,0.26496513643952635,0.95
unseen,GSHP,4,seasonal_weekly,unseen_test,median,0.1,2,360,-0.18823888888888943,0.0,-0.04308706442069151,-1.3239,-0.013779122662853993,649.1109999999995,0,0,1940,340,2.842170943040401e-14,0.26496513643952635,0.95
unseen,GSHP,4,seasonal_weekly,unseen_test,median,0.1,3,360,-0.18823888888888943,0.0,-0.04308706442069151,-1.3239,-0.013779122662853993,749.345999999999,0,0,2180,100,2.842170943040401e-14,0.26496513643952635,0.95
unseen,GSHP,4,seasonal_weekly,unseen_test,median,0.15,1,360,-0.034155555555555606,0.0,-0.006307294088359122,-0.42330000000000023,-0.0020615909519568574,819.6649999999978,0,0,1800,480,2.842170943040401e-14,0.26496513643952635,0.95
unseen,GSHP,4,seasonal_weekly,unseen_test,median,0.15,2,360,-0.3435583333333322,0.0,-0.08122995804926046,-1.633649999999994,-0.02490770834179167,917.4719999999986,0,0,1900,380,2.842170943040401e-14,0.26496513643952635,0.95
unseen,GSHP,4,seasonal_weekly,unseen_test,median,0.15,3,360,-0.3435583333333322,0.0,-0.08122995804926046,-1.633649999999994,-0.02490770834179167,1019.1509999999988,0,0,2100,180,2.842170943040401e-14,0.26496513643952635,0.95
unseen,GSHP,4,seasonal_weekly,unseen_test,median,0.2,1,360,-0.08227777777777769,0.0,-0.017444144091096913,-0.5644,-0.0060826472809028176,992.5359999999986,0,0,1740,540,0.0,0.26496513643952635,0.95
unseen,GSHP,4,seasonal_weekly,unseen_test,median,0.2,2,360,-0.45286111111111066,0.0,-0.1086713012902327,-1.529249999999994,-0.031593884224238915,1114.5019999999977,0,0,1860,420,2.842170943040401e-14,0.26496513643952635,0.95
unseen,GSHP,4,seasonal_weekly,unseen_test,median,0.2,3,360,-0.45286111111111066,0.0,-0.1086713012902327,-1.529249999999994,-0.031593884224238915,1185.8799999999958,0,0,1920,360,0.0,0.26496513643952635,0.95
unseen,GSHP,4,seasonal_weekly,unseen_test,conformal_upper_bound,0.05,1,360,-0.017794444444444817,0.0,-0.0036735128080764424,-0.14775000000000027,-0.0013048369751322989,609.419999999998,0,180,3740,2200,2.842170943040401e-14,0.26496513643952635,0.95
unseen,GSHP,4,seasonal_weekly,unseen_test,conformal_upper_bound,0.05,2,360,-0.07623888888888865,0.0,-0.022277306223907414,-0.8269500000000001,-0.005374207505102054,824.0309999999985,0,180,4840,1100,2.842170943040401e-14,0.26496513643952635,0.95
unseen,GSHP,4,seasonal_weekly,unseen_test,conformal_upper_bound,0.05,3,360,-0.09674722222222114,0.0,-0.02336913004556907,-0.8936499999999921,-0.007391709826331194,816.3769999999971,0,180,4800,1140,5.684341886080802e-14,0.26496513643952635,0.95
unseen,GSHP,4,seasonal_weekly,unseen_test,conformal_upper_bound,0.1,1,360,-0.05094166666666627,0.0,-0.011051632747283786,-0.29549999999999965,-0.004011889829872375,990.9209999999961,0,180,3540,2400,2.842170943040401e-14,0.26496513643952635,0.95
unseen,GSHP,4,seasonal_weekly,unseen_test,conformal_upper_bound,0.1,2,360,-0.24931666666666466,0.0,-0.07107212589139772,-0.8936499999999938,-0.019342728462155675,1231.421999999995,0,180,4060,1880,2.842170943040401e-14,0.26496513643952635,0.95
unseen,GSHP,4,seasonal_weekly,unseen_test,conformal_upper_bound,0.1,3,360,-0.23598333333333163,0.0,-0.06384146790152066,-0.8936499999999938,-0.0185716614820035,1083.808999999996,0,180,3600,2340,2.842170943040401e-14,0.26496513643952635,0.95
unseen,GSHP,4,seasonal_weekly,unseen_test,conformal_upper_bound,0.15,1,360,-0.09462499999999965,0.0,-0.020842005937645628,-0.5151499999999993,-0.007434425158138088,1227.881999999994,0,180,3260,2680,2.842170943040401e-14,0.26496513643952635,0.95
unseen,GSHP,4,seasonal_weekly,unseen_test,conformal_upper_bound,0.15,2,360,-0.2613777777777756,0.0,-0.07908068777518037,-0.8592499999999932,-0.019890959050591225,1455.336999999997,0,180,3600,2340,2.842170943040401e-14,0.26496513643952635,0.95
unseen,GSHP,4,seasonal_weekly,unseen_test,conformal_upper_bound,0.15,3,360,-0.2480444444444426,0.0,-0.07185002978530325,-0.8592499999999932,-0.019220690030481238,1239.5749999999975,0,180,3120,2820,0.0,0.26496513643952635,0.95
unseen,GSHP,4,seasonal_weekly,unseen_test,conformal_upper_bound,0.2,1,360,-0.15221111111110935,0.0,-0.03409630071376569,-0.8301999999999996,-0.011815696689593836,1379.7779999999946,0,180,3160,2780,2.842170943040401e-14,0.26496513643952635,0.95
unseen,GSHP,4,seasonal_weekly,unseen_test,conformal_upper_bound,0.2,2,360,-0.24444999999999786,0.0,-0.08034764759177954,-0.6966499999999947,-0.018283044065520136,1548.2279999999957,0,180,3360,2580,2.842170943040401e-14,0.26496513643952635,0.95
unseen,GSHP,4,seasonal_weekly,unseen_test,conformal_upper_bound,0.2,3,360,-0.23111666666666442,0.0,-0.07311698960190231,-0.6966499999999947,-0.01769502214369554,1304.3579999999972,0,180,2880,3060,0.0,0.26496513643952635,0.95
unseen,GSHP,4,elastic_net,unseen_test,reference_no_forecast,0.0,0,360,0.0,0.0,0.0,0.0,0.0,0.0,160,0,0,0,0.0,0.26496513643952635,0.95
unseen,GSHP,4,elastic_net,unseen_test,median,0.05,1,360,0.0,0.0,0.0,0.0,0.0,0.0,160,0,0,0,0.0,0.26496513643952635,0.95
unseen,GSHP,4,elastic_net,unseen_test,median,0.05,2,360,0.0,0.0,0.0,0.0,0.0,0.0,160,0,0,0,0.0,0.26496513643952635,0.95
unseen,GSHP,4,elastic_net,unseen_test,median,0.05,3,360,0.0,0.0,0.0,0.0,0.0,0.0,160,0,0,0,0.0,0.26496513643952635,0.95
unseen,GSHP,4,elastic_net,unseen_test,median,0.1,1,360,0.0,0.0,0.0,0.0,0.0,0.0,160,0,0,0,0.0,0.26496513643952635,0.95
unseen,GSHP,4,elastic_net,unseen_test,median,0.1,2,360,0.0,0.0,0.0,0.0,0.0,0.0,160,0,0,0,0.0,0.26496513643952635,0.95
unseen,GSHP,4,elastic_net,unseen_test,median,0.1,3,360,0.0,0.0,0.0,0.0,0.0,0.0,160,0,0,0,0.0,0.26496513643952635,0.95
unseen,GSHP,4,elastic_net,unseen_test,median,0.15,1,360,0.0,0.0,0.0,0.0,0.0,0.0,160,0,0,0,0.0,0.26496513643952635,0.95
unseen,GSHP,4,elastic_net,unseen_test,median,0.15,2,360,0.0,0.0,0.0,0.0,0.0,0.0,160,0,0,0,0.0,0.26496513643952635,0.95
unseen,GSHP,4,elastic_net,unseen_test,median,0.15,3,360,0.0,0.0,0.0,0.0,0.0,0.0,160,0,0,0,0.0,0.26496513643952635,0.95
unseen,GSHP,4,elastic_net,unseen_test,median,0.2,1,360,0.0,0.0,0.0,0.0,0.0,0.0,160,0,0,0,0.0,0.26496513643952635,0.95
unseen,GSHP,4,elastic_net,unseen_test,median,0.2,2,360,0.0,0.0,0.0,0.0,0.0,0.0,160,0,0,0,0.0,0.26496513643952635,0.95
unseen,GSHP,4,elastic_net,unseen_test,median,0.2,3,360,0.0,0.0,0.0,0.0,0.0,0.0,160,0,0,0,0.0,0.26496513643952635,0.95
unseen,GSHP,4,elastic_net,unseen_test,conformal_upper_bound,0.05,1,360,0.0001021444063869935,0.0,2.37545131132543e-05,0.0,9.495564843023077e-06,200.92971879476724,0,0,1880,4880,2.842170943040401e-14,0.26496513643952635,0.95
unseen,GSHP,4,elastic_net,unseen_test,conformal_upper_bound,0.05,2,360,0.01140291301595342,0.0,0.0026518402362682367,0.0,0.0011001190201281553,233.50337105886382,0,0,2080,4680,2.842170943040401e-14,0.26496513643952635,0.95
unseen,GSHP,4,elastic_net,unseen_test,conformal_upper_bound,0.05,3,360,-0.007857044416516147,0.0,-0.0021095650528269215,-0.21544495694259336,-0.0006893219121246988,261.4227532423332,0,0,2300,4460,2.842170943040401e-14,0.26496513643952635,0.95
unseen,GSHP,4,elastic_net,unseen_test,conformal_upper_bound,0.1,1,360,0.0,0.0,0.0,0.0,-3.947459643111668e-17,240.87557384834457,0,0,1560,5200,2.842170943040401e-14,0.26496513643952635,0.95
unseen,GSHP,4,elastic_net,unseen_test,conformal_upper_bound,0.1,2,360,0.01140291301595342,0.0,0.0026518402362682367,0.0,0.0011001190201281553,273.2449963214599,0,0,1620,5140,2.842170943040401e-14,0.26496513643952635,0.95
unseen,GSHP,4,elastic_net,unseen_test,conformal_upper_bound,0.1,3,360,-0.018615656370007134,0.0,-0.004768354602973139,-0.33508181466012843,-0.0016294821186236103,302.9441103289679,0,0,1680,5080,2.842170943040401e-14,0.26496513643952635,0.95
unseen,GSHP,4,elastic_net,unseen_test,conformal_upper_bound,0.15,1,360,0.0,0.0,0.0,0.0,-3.947459643111668e-17,246.72235294389924,0,0,1400,5360,2.842170943040401e-14,0.26496513643952635,0.95
unseen,GSHP,4,elastic_net,unseen_test,conformal_upper_bound,0.15,2,360,0.01140291301595342,0.0,0.0026518402362682367,0.0,0.0011001190201281553,297.32269454504825,0,0,1400,5360,2.842170943040401e-14,0.26496513643952635,0.95
unseen,GSHP,4,elastic_net,unseen_test,conformal_upper_bound,0.15,3,360,-0.018615656370007134,0.0,-0.004768354602973139,-0.33508181466012843,-0.0016294821186236103,327.4310322812715,0,0,1460,5300,2.842170943040401e-14,0.26496513643952635,0.95
unseen,GSHP,4,elastic_net,unseen_test,conformal_upper_bound,0.2,1,360,0.0,0.0,0.0,0.0,-3.947459643111668e-17,246.84426730106415,0,0,1340,5420,2.842170943040401e-14,0.26496513643952635,0.95
unseen,GSHP,4,elastic_net,unseen_test,conformal_upper_bound,0.2,2,360,0.01140291301595342,0.0,0.0026518402362682367,0.0,0.0011001190201281553,309.5223139258688,0,0,1340,5420,2.842170943040401e-14,0.26496513643952635,0.95
unseen,GSHP,4,elastic_net,unseen_test,conformal_upper_bound,0.2,3,360,-0.018615656370007134,0.0,-0.004768354602973139,-0.33508181466012843,-0.0016294821186236103,338.10983174844,0,0,1340,5420,2.842170943040401e-14,0.26496513643952635,0.95
unseen,GSHP,4,lightgbm,unseen_test,reference_no_forecast,0.0,0,360,0.0,0.0,0.0,0.0,0.0,0.0,160,0,0,0,0.0,0.26496513643952635,0.95
unseen,GSHP,4,lightgbm,unseen_test,median,0.05,1,360,0.0,0.0,0.0,0.0,0.0,0.0,160,0,0,0,0.0,0.26496513643952635,0.95
unseen,GSHP,4,lightgbm,unseen_test,median,0.05,2,360,0.0,0.0,0.0,0.0,0.0,0.0,160,0,0,0,0.0,0.26496513643952635,0.95
unseen,GSHP,4,lightgbm,unseen_test,median,0.05,3,360,0.0,0.0,0.0,0.0,0.0,0.0,160,0,0,0,0.0,0.26496513643952635,0.95
unseen,GSHP,4,lightgbm,unseen_test,median,0.1,1,360,0.0,0.0,0.0,0.0,0.0,0.0,160,0,0,0,0.0,0.26496513643952635,0.95
unseen,GSHP,4,lightgbm,unseen_test,median,0.1,2,360,0.0,0.0,0.0,0.0,0.0,0.0,160,0,0,0,0.0,0.26496513643952635,0.95
unseen,GSHP,4,lightgbm,unseen_test,median,0.1,3,360,0.0,0.0,0.0,0.0,0.0,0.0,160,0,0,0,0.0,0.26496513643952635,0.95
unseen,GSHP,4,lightgbm,unseen_test,median,0.15,1,360,0.0,0.0,0.0,0.0,0.0,0.0,160,0,0,0,0.0,0.26496513643952635,0.95
unseen,GSHP,4,lightgbm,unseen_test,median,0.15,2,360,0.0,0.0,0.0,0.0,0.0,0.0,160,0,0,0,0.0,0.26496513643952635,0.95
unseen,GSHP,4,lightgbm,unseen_test,median,0.15,3,360,0.0,0.0,0.0,0.0,0.0,0.0,160,0,0,0,0.0,0.26496513643952635,0.95
unseen,GSHP,4,lightgbm,unseen_test,median,0.2,1,360,0.0,0.0,0.0,0.0,0.0,0.0,160,0,0,0,0.0,0.26496513643952635,0.95
unseen,GSHP,4,lightgbm,unseen_test,median,0.2,2,360,0.0,0.0,0.0,0.0,0.0,0.0,160,0,0,0,0.0,0.26496513643952635,0.95
unseen,GSHP,4,lightgbm,unseen_test,median,0.2,3,360,0.0,0.0,0.0,0.0,0.0,0.0,160,0,0,0,0.0,0.26496513643952635,0.95
unseen,GSHP,4,lightgbm,unseen_test,conformal_upper_bound,0.05,1,360,0.006759748544817177,0.0,0.0015720345453063191,0.0,0.0006464237546851277,118.51307131668815,0,0,1140,5280,2.842170943040401e-14,0.26496513643952635,0.95
unseen,GSHP,4,lightgbm,unseen_test,conformal_upper_bound,0.05,2,360,0.01273675570162849,0.0,0.002962036209681044,0.0,0.0012325999461506537,188.78379730853717,0,0,1560,4860,2.842170943040401e-14,0.26496513643952635,0.95
unseen,GSHP,4,lightgbm,unseen_test,conformal_upper_bound,0.05,3,360,-0.012134076359021516,0.0,-0.0031081138214706754,-0.2184133744623873,-0.001092190083685946,214.94028123809392,0,0,1680,4740,2.842170943040401e-14,0.26496513643952635,0.95
unseen,GSHP,4,lightgbm,unseen_test,conformal_upper_bound,0.1,1,360,0.006759748544817177,0.0,0.0015720345453063191,0.0,0.0006464237546851277,144.6993186889539,0,0,980,5440,2.842170943040401e-14,0.26496513643952635,0.95
unseen,GSHP,4,lightgbm,unseen_test,conformal_upper_bound,0.1,2,360,0.014811506189426874,0.0,0.0034445363231225285,0.0,0.0014405170802515243,226.13175782886452,0,0,1220,5200,5.684341886080802e-14,0.26496513643952635,0.95
unseen,GSHP,4,lightgbm,unseen_test,conformal_upper_bound,0.1,3,360,-0.019466818399944536,0.0,-0.00498637766392022,-0.35040273119900167,-0.0016978504054144534,276.81032357880787,0,0,1280,5140,2.842170943040401e-14,0.26496513643952635,0.95
unseen,GSHP,4,lightgbm,unseen_test,conformal_upper_bound,0.15,1,360,0.006759748544817177,0.0,0.0015720345453063191,0.0,0.0006464237546851277,150.27223877598448,0,0,940,5480,2.842170943040401e-14,0.26496513643952635,0.95
unseen,GSHP,4,lightgbm,unseen_test,conformal_upper_bound,0.15,2,360,0.014811506189426874,0.0,0.0034445363231225285,0.0,0.0014405170802515637,242.41164976506644,0,0,1080,5340,2.842170943040401e-14,0.26496513643952635,0.95
unseen,GSHP,4,lightgbm,unseen_test,conformal_upper_bound,0.15,3,360,-0.019466818399944536,0.0,-0.00498637766392022,-0.35040273119900167,-0.0016978504054144534,301.9735146088091,0,0,1140,5280,2.842170943040401e-14,0.26496513643952635,0.95
unseen,GSHP,4,lightgbm,unseen_test,conformal_upper_bound,0.2,1,360,0.006759748544817177,0.0,0.0015720345453063191,0.0,0.0006464237546851277,153.00579318313677,0,0,940,5480,2.842170943040401e-14,0.26496513643952635,0.95
unseen,GSHP,4,lightgbm,unseen_test,conformal_upper_bound,0.2,2,360,0.014811506189426874,0.0,0.0034445363231225285,0.0,0.0014405170802515243,253.23762802898193,0,0,1080,5340,2.842170943040401e-14,0.26496513643952635,0.95
unseen,GSHP,4,lightgbm,unseen_test,conformal_upper_bound,0.2,3,360,-0.019466818399944536,0.0,-0.00498637766392022,-0.35040273119900167,-0.0016978504054144534,316.7361020129521,0,0,1040,5380,5.684341886080802e-14,0.26496513643952635,0.95
unseen,mixed,4,persistence,unseen_test,reference_no_forecast,0.0,0,1290,0.0,0.0,0.0,0.0,0.0,0.0,652,0,0,0,0.0,0.279813349536171,0.95
unseen,mixed,4,persistence,unseen_test,median,0.05,1,1290,0.0,0.0,0.0,0.0,0.0,0.0,591,0,0,5795,0.0,0.279813349536171,0.95
unseen,mixed,4,persistence,unseen_test,median,0.05,2,1290,0.0,0.0,0.0,0.0,0.0,0.0,591,0,0,5795,0.0,0.279813349536171,0.95
unseen,mixed,4,persistence,unseen_test,median,0.05,3,1290,0.0,0.0,0.0,0.0,0.0,0.0,591,0,0,5795,0.0,0.279813349536171,0.95
unseen,mixed,4,persistence,unseen_test,median,0.1,1,1290,0.0,0.0,0.0,0.0,0.0,0.0,591,0,0,5795,0.0,0.279813349536171,0.95
unseen,mixed,4,persistence,unseen_test,median,0.1,2,1290,0.0,0.0,0.0,0.0,0.0,0.0,591,0,0,5795,0.0,0.279813349536171,0.95
unseen,mixed,4,persistence,unseen_test,median,0.1,3,1290,0.0,0.0,0.0,0.0,0.0,0.0,591,0,0,5795,0.0,0.279813349536171,0.95
unseen,mixed,4,persistence,unseen_test,median,0.15,1,1290,0.0,0.0,0.0,0.0,0.0,0.0,591,0,0,5795,0.0,0.279813349536171,0.95
unseen,mixed,4,persistence,unseen_test,median,0.15,2,1290,0.0,0.0,0.0,0.0,0.0,0.0,591,0,0,5795,0.0,0.279813349536171,0.95
unseen,mixed,4,persistence,unseen_test,median,0.15,3,1290,0.0,0.0,0.0,0.0,0.0,0.0,591,0,0,5795,0.0,0.279813349536171,0.95
unseen,mixed,4,persistence,unseen_test,median,0.2,1,1290,0.0,0.0,0.0,0.0,0.0,0.0,591,0,0,5795,0.0,0.279813349536171,0.95
unseen,mixed,4,persistence,unseen_test,median,0.2,2,1290,0.0,0.0,0.0,0.0,0.0,0.0,591,0,0,5795,0.0,0.279813349536171,0.95
unseen,mixed,4,persistence,unseen_test,median,0.2,3,1290,0.0,0.0,0.0,0.0,0.0,0.0,591,0,0,5795,0.0,0.279813349536171,0.95
unseen,mixed,4,persistence,unseen_test,conformal_upper_bound,0.05,1,1290,-2.3798449612408226e-05,0.0,4.550448897838099e-05,-0.2886000000000002,-4.596026859146622e-05,304.85545,262,64,3093,24377,5.684341886080802e-14,0.279813349536171,0.95
unseen,mixed,4,persistence,unseen_test,conformal_upper_bound,0.05,2,1290,0.0013852325581395326,0.0,0.00034647934750675846,-0.3049999999999997,4.778030265159864e-05,350.3848499999998,262,64,3340,24130,5.684341886080802e-14,0.279813349536171,0.95
unseen,mixed,4,persistence,unseen_test,conformal_upper_bound,0.05,3,1290,0.0013458914728682139,0.0,0.00028090977051953845,-0.3639999999999999,2.981019489204984e-05,429.49860000000007,262,64,3826,23644,5.684341886080802e-14,0.279813349536171,0.95
unseen,mixed,4,persistence,unseen_test,conformal_upper_bound,0.1,1,1290,-0.0008180620155038815,0.0,-0.00021362192216203767,-0.3640000000000003,-0.0001428234382232379,375.1287000000002,262,64,2711,24759,5.684341886080802e-14,0.279813349536171,0.95
unseen,mixed,4,persistence,unseen_test,conformal_upper_bound,0.1,2,1290,0.0014252713178294532,0.0,0.000324752494420507,-0.3049999999999997,2.5762024866997152e-05,415.9544,262,64,2752,24718,5.684341886080802e-14,0.279813349536171,0.95
unseen,mixed,4,persistence,unseen_test,conformal_upper_bound,0.1,3,1290,0.0001668217054263525,0.0,-0.00029943585876695774,-0.5586000000000002,-0.0001198293619884948,559.0951000000001,262,64,3219,24251,5.684341886080802e-14,0.279813349536171,0.95
unseen,mixed,4,persistence,unseen_test,conformal_upper_bound,0.15,1,1290,-0.0014193410852713238,0.0,-0.00039807546832919884,-0.4156500000000003,-0.00020830602557518166,403.31745000000024,262,64,2660,24810,5.684341886080802e-14,0.279813349536171,0.95
unseen,mixed,4,persistence,unseen_test,conformal_upper_bound,0.15,2,1290,0.0008198449612403083,0.0,7.265793289760231e-05,-0.4216500000000001,-5.0253191962290005e-05,442.4314000000003,262,64,2516,24954,5.684341886080802e-14,0.279813349536171,0.95
unseen,mixed,4,persistence,unseen_test,conformal_upper_bound,0.15,3,1290,-0.0007518992248062054,0.0,-0.0006089416404897375,-0.6160000000000005,-0.0002420519610572503,625.7775000000001,262,64,2997,24473,5.684341886080802e-14,0.279813349536171,0.95
unseen,mixed,4,persistence,unseen_test,conformal_upper_bound,0.2,1,1290,-0.0014558139534883781,0.0,-0.0004090538662294115,-0.4330000000000003,-0.00021152335700094226,405.3060000000002,262,64,2660,24810,5.684341886080802e-14,0.279813349536171,0.95
unseen,mixed,4,persistence,unseen_test,conformal_upper_bound,0.2,2,1290,0.0004976744186046493,0.0,-5.273145260954558e-05,-0.5029999999999992,-8.287175287764441e-05,450.58160000000044,262,64,2489,24981,5.684341886080802e-14,0.279813349536171,0.95
unseen,mixed,4,persistence,unseen_test,conformal_upper_bound,0.2,3,1290,-0.0013708527131783006,0.0,-0.0008642000845347376,-0.6160000000000005,-0.00031581871675588754,649.2892,262,64,2949,24521,5.684341886080802e-14,0.279813349536171,0.95
unseen,mixed,4,seasonal_daily,unseen_test,reference_no_forecast,0.0,0,1290,0.0,0.0,0.0,0.0,0.0,0.0,652,0,0,0,0.0,0.279813349536171,0.95
unseen,mixed,4,seasonal_daily,unseen_test,median,0.05,1,1290,0.005746976744186041,0.0,0.0011641245803217053,-0.48095,0.0004833929075629854,1069.8440000000014,55,81,6644,1668,5.684341886080802e-14,0.279813349536171,0.95
unseen,mixed,4,seasonal_daily,unseen_test,median,0.05,2,1290,-0.008299728682170536,0.0,-0.0020566106216747177,-0.760800000000001,-0.0008109520207318654,1242.22925,55,81,7521,791,5.684341886080802e-14,0.279813349536171,0.95
unseen,mixed,4,seasonal_daily,unseen_test,median,0.05,3,1290,-0.008920658914728692,0.0,-0.0020957481853831673,-1.0272999999999994,-0.0008695848698738605,1297.0231500000004,55,81,7797,515,5.684341886080802e-14,0.279813349536171,0.95
unseen,mixed,4,seasonal_daily,unseen_test,median,0.1,1,1290,-0.009329534883720944,0.0,-0.002824833418531961,-0.8261000000000003,-0.001189415921683844,1925.5785000000024,55,81,6304,2008,5.684341886080802e-14,0.279813349536171,0.95
unseen,mixed,4,seasonal_daily,unseen_test,median,0.1,2,1290,-0.05199155038759688,0.0,-0.0132400567909589,-1.5216000000000007,-0.004969262559086738,2241.191400000004,55,81,7037,1275,5.684341886080802e-14,0.279813349536171,0.95
unseen,mixed,4,seasonal_daily,unseen_test,median,0.1,3,1290,-0.05517209302325585,0.0,-0.013980525467387626,-2.0255,-0.005342700996404246,2315.4495000000024,55,81,7198,1114,5.684341886080802e-14,0.279813349536171,0.95
unseen,mixed,4,seasonal_daily,unseen_test,median,0.15,1,1290,-0.03292399224806201,0.0,-0.00901130672851669,-0.9809999999999999,-0.003585939292521701,2633.1811000000002,55,81,6045,2267,5.684341886080802e-14,0.279813349536171,0.95
unseen,mixed,4,seasonal_daily,unseen_test,median,0.15,2,1290,-0.09725360465116285,0.0,-0.025191538711291435,-2.2823999999999995,-0.008991340327769324,3002.29705,55,81,6578,1734,5.684341886080802e-14,0.279813349536171,0.95
unseen,mixed,4,seasonal_daily,unseen_test,median,0.15,3,1290,-0.09268860465116278,0.0,-0.02428200953278789,-2.2823999999999995,-0.008693001632199476,3067.8273999999974,55,81,6600,1712,5.684341886080802e-14,0.279813349536171,0.95
unseen,mixed,4,seasonal_daily,unseen_test,median,0.2,1,1290,-0.05872248062015507,0.0,-0.01568695874880285,-1.1533999999999995,-0.006160245932976425,3205.8514000000073,55,81,5855,2457,5.684341886080802e-14,0.279813349536171,0.95
unseen,mixed,4,seasonal_daily,unseen_test,median,0.2,2,1290,-0.13072248062015498,0.0,-0.034469254966567,-2.5028000000000006,-0.011842069860239411,3583.5894000000026,55,81,6152,2160,5.684341886080802e-14,0.279813349536171,0.95
unseen,mixed,4,seasonal_daily,unseen_test,median,0.2,3,1290,-0.12658759689922458,0.0,-0.03376304758777629,-2.6400000000000006,-0.011704682109093183,3628.938800000002,55,81,6098,2214,5.684341886080802e-14,0.279813349536171,0.95
unseen,mixed,4,seasonal_daily,unseen_test,conformal_upper_bound,0.05,1,1290,-0.0018545348837209375,0.0,-0.00015994468099702063,-0.5290499999999994,-0.00039621356191751395,2249.9997000000008,1,394,13861,8842,5.684341886080802e-14,0.279813349536171,0.95
unseen,mixed,4,seasonal_daily,unseen_test,conformal_upper_bound,0.05,2,1290,-0.020195658914728683,0.0,-0.005339796682755685,-1.1894500000000003,-0.0023793328860955355,2887.6713000000004,1,394,17070,5633,5.684341886080802e-14,0.279813349536171,0.95
unseen,mixed,4,seasonal_daily,unseen_test,conformal_upper_bound,0.05,3,1290,-0.025009612403100765,0.0,-0.0066944261445858605,-1.4235499999999992,-0.0029793766070059877,3072.3240999999985,1,394,17928,4775,5.684341886080802e-14,0.279813349536171,0.95
unseen,mixed,4,seasonal_daily,unseen_test,conformal_upper_bound,0.1,1,1290,-0.02984279069767446,0.0,-0.008628131730547155,-1.0250000000000008,-0.003560837339298289,3849.745899999998,1,394,12940,9763,5.684341886080802e-14,0.279813349536171,0.95
unseen,mixed,4,seasonal_daily,unseen_test,conformal_upper_bound,0.1,2,1290,-0.06724860465116289,0.0,-0.019466698706106376,-1.7939999999999987,-0.00712750538722553,4656.197699999995,1,394,14888,7815,1.1368683772161603e-13,0.279813349536171,0.95
unseen,mixed,4,seasonal_daily,unseen_test,conformal_upper_bound,0.1,3,1290,-0.059768139534883725,0.0,-0.017348301066526677,-1.7939999999999996,-0.0065463036834705075,4704.862199999997,1,394,14767,7936,5.684341886080802e-14,0.279813349536171,0.95
unseen,mixed,4,seasonal_daily,unseen_test,conformal_upper_bound,0.15,1,1290,-0.06426775193798444,0.0,-0.019308247224098254,-1.4375500000000003,-0.006902354075583793,4935.553050000008,1,394,12134,10569,1.1368683772161603e-13,0.279813349536171,0.95
unseen,mixed,4,seasonal_daily,unseen_test,conformal_upper_bound,0.15,2,1290,-0.09170693798449622,0.0,-0.02748069868975324,-1.7940000000000005,-0.009355251030681461,5646.964750000004,1,394,13049,9654,5.684341886080802e-14,0.279813349536171,0.95
unseen,mixed,4,seasonal_daily,unseen_test,conformal_upper_bound,0.15,3,1290,-0.08760484496124034,0.0,-0.02637432579874828,-1.7940000000000005,-0.009015896226276387,5581.175200000005,1,394,12568,10135,5.684341886080802e-14,0.279813349536171,0.95
unseen,mixed,4,seasonal_daily,unseen_test,conformal_upper_bound,0.2,1,1290,-0.09462403100775205,0.0,-0.02913605283425532,-1.718,-0.009549685362801897,5653.826800000007,1,394,11494,11209,5.684341886080802e-14,0.279813349536171,0.95
unseen,mixed,4,seasonal_daily,unseen_test,conformal_upper_bound,0.2,2,1290,-0.1139384496124032,0.0,-0.034971858346819554,-1.7939999999999987,-0.011243826590205576,6233.107000000004,1,394,11760,10943,5.684341886080802e-14,0.279813349536171,0.95
unseen,mixed,4,seasonal_daily,unseen_test,conformal_upper_bound,0.2,3,1290,-0.11167782945736447,0.0,-0.034665303265828784,-1.7939999999999996,-0.011059808850916794,6097.868400000006,1,394,11135,11568,1.1368683772161603e-13,0.279813349536171,0.95
unseen,mixed,4,seasonal_weekly,unseen_test,reference_no_forecast,0.0,0,1290,0.0,0.0,0.0,0.0,0.0,0.0,652,0,0,0,0.0,0.279813349536171,0.95
unseen,mixed,4,seasonal_weekly,unseen_test,median,0.05,1,1290,-0.009272403100775208,0.0,-0.002582470302277565,-0.6135999999999999,-0.0011751396875582458,1040.4759000000001,94,39,6413,1884,5.684341886080802e-14,0.279813349536171,0.95
unseen,mixed,4,seasonal_weekly,unseen_test,median,0.05,2,1290,-0.013686395348837213,0.0,-0.0032965228971475447,-1.3082000000000003,-0.0014704106091848411,1206.5978499999999,94,39,7244,1053,5.684341886080802e-14,0.279813349536171,0.95
unseen,mixed,4,seasonal_weekly,unseen_test,median,0.05,3,1290,-0.019985155038759722,0.0,-0.004646224997115033,-1.6128,-0.0019607471593426173,1244.5780000000002,94,39,7433,864,5.684341886080802e-14,0.279813349536171,0.95
unseen,mixed,4,seasonal_weekly,unseen_test,median,0.1,1,1290,-0.03263635658914729,0.0,-0.008615048920010323,-1.0175999999999998,-0.0035111189582265126,1835.9074999999998,94,39,6027,2270,5.684341886080802e-14,0.279813349536171,0.95
unseen,mixed,4,seasonal_weekly,unseen_test,median,0.1,2,1290,-0.05300976744186045,0.0,-0.013205014718855407,-2.3149999999999995,-0.005096820169505865,2111.1482,94,39,6644,1653,5.684341886080802e-14,0.279813349536171,0.95
unseen,mixed,4,seasonal_weekly,unseen_test,median,0.1,3,1290,-0.06922488372093022,0.0,-0.01738544262547704,-2.3149999999999995,-0.006559001697932501,2146.1928000000003,94,39,6660,1637,5.684341886080802e-14,0.279813349536171,0.95
unseen,mixed,4,seasonal_weekly,unseen_test,median,0.15,1,1290,-0.06368112403100772,0.0,-0.01657483472900599,-1.5263999999999998,-0.006430412065825239,2460.6813500000007,94,39,5709,2588,5.684341886080802e-14,0.279813349536171,0.95
unseen,mixed,4,seasonal_weekly,unseen_test,median,0.15,2,1290,-0.09233108527131785,0.0,-0.02415934140318458,-2.3149999999999995,-0.008776770966202172,2798.6796500000046,94,39,6146,2151,5.684341886080802e-14,0.279813349536171,0.95
unseen,mixed,4,seasonal_weekly,unseen_test,median,0.15,3,1290,-0.0987799612403101,0.0,-0.025682016176521997,-2.3149999999999995,-0.009399122655688229,2774.049250000004,94,39,6003,2294,5.684341886080802e-14,0.279813349536171,0.95
unseen,mixed,4,seasonal_weekly,unseen_test,median,0.2,1,1290,-0.09297488372093017,0.0,-0.02404448285691526,-2.0352000000000006,-0.00896444258040978,2969.3660000000013,94,39,5444,2853,5.684341886080802e-14,0.279813349536171,0.95
unseen,mixed,4,seasonal_weekly,unseen_test,median,0.2,2,1290,-0.12424806201550383,0.0,-0.03302567805025738,-2.3149999999999995,-0.011682127186883755,3311.8808000000013,94,39,5715,2582,5.684341886080802e-14,0.279813349536171,0.95
unseen,mixed,4,seasonal_weekly,unseen_test,median,0.2,3,1290,-0.12137193798449622,0.0,-0.03198378726523419,-2.4830000000000005,-0.011591961587258934,3239.5591999999997,94,39,5491,2806,5.684341886080802e-14,0.279813349536171,0.95
unseen,mixed,4,seasonal_weekly,unseen_test,conformal_upper_bound,0.05,1,1290,-0.012698914728682167,0.0,-0.0033015050372744268,-0.7036499999999997,-0.0017663038200019193,2232.99345,3,483,13729,10555,5.684341886080802e-14,0.279813349536171,0.95
unseen,mixed,4,seasonal_weekly,unseen_test,conformal_upper_bound,0.05,2,1290,-0.037920620155038776,0.0,-0.010530285978756732,-1.6166,-0.004404989135407161,2827.8303999999976,3,483,16701,7583,5.684341886080802e-14,0.279813349536171,0.95
unseen,mixed,4,seasonal_weekly,unseen_test,conformal_upper_bound,0.05,3,1290,-0.036446782945736445,0.0,-0.009811559540278496,-1.741999999999999,-0.004107316826291163,3001.8781999999983,3,483,17507,6777,5.684341886080802e-14,0.279813349536171,0.95
unseen,mixed,4,seasonal_weekly,unseen_test,conformal_upper_bound,0.1,1,1290,-0.05151387596899228,0.0,-0.014977572003019114,-1.4073000000000002,-0.005881893578477534,3815.8979,3,483,12874,11410,5.684341886080802e-14,0.279813349536171,0.95
unseen,mixed,4,seasonal_weekly,unseen_test,conformal_upper_bound,0.1,2,1290,-0.09014271317829463,0.0,-0.0269192447512295,-1.7420000000000009,-0.0096224964481362,4415.192900000001,3,483,14266,10018,5.684341886080802e-14,0.279813349536171,0.95
unseen,mixed,4,seasonal_weekly,unseen_test,conformal_upper_bound,0.1,3,1290,-0.08778077519379841,0.0,-0.026269522837380547,-1.7420000000000009,-0.009218242350932462,4495.665900000001,3,483,14269,10015,5.684341886080802e-14,0.279813349536171,0.95
unseen,mixed,4,seasonal_weekly,unseen_test,conformal_upper_bound,0.15,1,1290,-0.08169155038759687,0.0,-0.02514615869503118,-1.7420000000000009,-0.008940407415969482,4827.307450000008,3,483,11989,12295,5.684341886080802e-14,0.279813349536171,0.95
unseen,mixed,4,seasonal_weekly,unseen_test,conformal_upper_bound,0.15,2,1290,-0.11741895348837207,0.0,-0.03643078801894948,-1.742,-0.012071845640116012,5258.254250000004,3,483,12400,11884,5.684341886080802e-14,0.279813349536171,0.95
unseen,mixed,4,seasonal_weekly,unseen_test,conformal_upper_bound,0.15,3,1290,-0.11911546511627912,0.0,-0.03744893912572831,-1.742,-0.012089643251489063,5251.877450000008,3,483,12116,12168,5.684341886080802e-14,0.279813349536171,0.95
unseen,mixed,4,seasonal_weekly,unseen_test,conformal_upper_bound,0.2,1,1290,-0.10269131782945737,0.0,-0.032718030476172756,-1.741999999999999,-0.010986661412719879,5458.465200000003,3,483,11296,12988,1.1368683772161603e-13,0.279813349536171,0.95
unseen,mixed,4,seasonal_weekly,unseen_test,conformal_upper_bound,0.2,2,1290,-0.13346232558139529,0.0,-0.04223437102074598,-1.7889999999999997,-0.013465862938050768,5722.096400000002,3,483,11200,13084,5.684341886080802e-14,0.279813349536171,0.95
unseen,mixed,4,seasonal_weekly,unseen_test,conformal_upper_bound,0.2,3,1290,-0.13337193798449612,0.0,-0.042889002768557415,-1.7889999999999997,-0.013286032493238495,5662.514600000006,3,483,10757,13527,5.684341886080802e-14,0.279813349536171,0.95
unseen,mixed,4,elastic_net,unseen_test,reference_no_forecast,0.0,0,1290,0.0,0.0,0.0,0.0,0.0,0.0,652,0,0,0,0.0,0.279813349536171,0.95
unseen,mixed,4,elastic_net,unseen_test,median,0.05,1,1290,0.0,0.0,0.0,0.0,0.0,0.6236387231877236,643,0,32,175,2.842170943040401e-14,0.279813349536171,0.95
unseen,mixed,4,elastic_net,unseen_test,median,0.05,2,1290,0.0,0.0,0.0,0.0,0.0,2.5504135418055425,643,0,58,149,2.842170943040401e-14,0.279813349536171,0.95
unseen,mixed,4,elastic_net,unseen_test,median,0.05,3,1290,0.0,0.0,0.0,0.0,0.0,5.696235481566978,643,0,78,129,0.0,0.279813349536171,0.95
unseen,mixed,4,elastic_net,unseen_test,median,0.1,1,1290,0.0,0.0,0.0,0.0,0.0,0.6236387231877236,643,0,32,175,2.842170943040401e-14,0.279813349536171,0.95
unseen,mixed,4,elastic_net,unseen_test,median,0.1,2,1290,0.0,0.0,0.0,0.0,0.0,2.5504135418055425,643,0,58,149,2.842170943040401e-14,0.279813349536171,0.95
unseen,mixed,4,elastic_net,unseen_test,median,0.1,3,1290,0.0,0.0,0.0,0.0,0.0,5.886190749317776,643,0,78,129,5.684341886080802e-14,0.279813349536171,0.95
unseen,mixed,4,elastic_net,unseen_test,median,0.15,1,1290,0.0,0.0,0.0,0.0,0.0,0.6236387231877236,643,0,32,175,2.842170943040401e-14,0.279813349536171,0.95
unseen,mixed,4,elastic_net,unseen_test,median,0.15,2,1290,0.0,0.0,0.0,0.0,0.0,2.5504135418055425,643,0,58,149,2.842170943040401e-14,0.279813349536171,0.95
unseen,mixed,4,elastic_net,unseen_test,median,0.15,3,1290,0.0,0.0,0.0,0.0,0.0,5.886190749317776,643,0,78,129,5.684341886080802e-14,0.279813349536171,0.95
unseen,mixed,4,elastic_net,unseen_test,median,0.2,1,1290,0.0,0.0,0.0,0.0,0.0,0.6236387231877236,643,0,32,175,2.842170943040401e-14,0.279813349536171,0.95
unseen,mixed,4,elastic_net,unseen_test,median,0.2,2,1290,0.0,0.0,0.0,0.0,0.0,2.5504135418055425,643,0,58,149,2.842170943040401e-14,0.279813349536171,0.95
unseen,mixed,4,elastic_net,unseen_test,median,0.2,3,1290,0.0,0.0,0.0,0.0,0.0,5.886190749317776,643,0,78,129,5.684341886080802e-14,0.279813349536171,0.95
unseen,mixed,4,elastic_net,unseen_test,conformal_upper_bound,0.05,1,1290,-0.0015000884880472618,0.0,-0.00041467867014810604,-0.29170351385096094,-0.00017682302298210341,373.29127808687014,204,12,3519,10235,5.684341886080802e-14,0.279813349536171,0.95
unseen,mixed,4,elastic_net,unseen_test,conformal_upper_bound,0.05,2,1290,-0.0010435721085383883,0.0,-0.0003410677440427671,-0.29170351385096094,-0.00015806547657550162,474.38342785463806,204,12,4156,9598,5.684341886080802e-14,0.279813349536171,0.95
unseen,mixed,4,elastic_net,unseen_test,conformal_upper_bound,0.05,3,1290,0.0015085048343769206,0.0,0.00023571618373744954,-0.2859011885072329,6.38698567556272e-05,604.050815283351,204,12,4864,8890,5.684341886080802e-14,0.279813349536171,0.95
unseen,mixed,4,elastic_net,unseen_test,conformal_upper_bound,0.1,1,1290,-0.00395266734653947,0.0,-0.001095956146974388,-0.4064321878291186,-0.00048009548580266745,493.349594306471,204,12,3131,10623,5.684341886080802e-14,0.279813349536171,0.95
unseen,mixed,4,elastic_net,unseen_test,conformal_upper_bound,0.1,2,1290,-0.0033316465484662244,0.0,-0.0009685936144900863,-0.48448400700195915,-0.0004188709774783007,621.8563019546319,204,12,3473,10281,5.684341886080802e-14,0.279813349536171,0.95
unseen,mixed,4,elastic_net,unseen_test,conformal_upper_bound,0.1,3,1290,-0.000829079012997948,0.0,-0.0004610061361987652,-0.5718023770144662,-0.0002603366649954606,836.7960982175777,204,12,4105,9649,5.684341886080802e-14,0.279813349536171,0.95
unseen,mixed,4,elastic_net,unseen_test,conformal_upper_bound,0.15,1,1290,-0.0048986070664982775,0.0,-0.00138200160503063,-0.42495512592565454,-0.0005958823783933267,537.4479936789528,204,12,3055,10699,5.684341886080802e-14,0.279813349536171,0.95
unseen,mixed,4,elastic_net,unseen_test,conformal_upper_bound,0.15,2,1290,-0.004606541647093572,0.0,-0.001344668451983121,-0.4231975134896331,-0.0005796993334667671,684.584266723176,204,12,3205,10549,5.684341886080802e-14,0.279813349536171,0.95
unseen,mixed,4,elastic_net,unseen_test,conformal_upper_bound,0.15,3,1290,-0.002645025287683936,0.0,-0.0009989319260870118,-0.5862872372927126,-0.000501241831680249,956.3521134191615,204,12,3747,10007,5.684341886080802e-14,0.279813349536171,0.95
unseen,mixed,4,elastic_net,unseen_test,conformal_upper_bound,0.2,1,1290,-0.004968554086860174,0.0,-0.0013996523288112592,-0.4740000000000002,-0.0006012421195947801,543.5484032341409,204,12,3054,10700,5.684341886080802e-14,0.279813349536171,0.95
unseen,mixed,4,elastic_net,unseen_test,conformal_upper_bound,0.2,2,1290,-0.005265289247361519,0.0,-0.0015394777158086717,-0.4530702879785755,-0.0006616327875143489,702.5523675228212,204,12,3164,10590,5.684341886080802e-14,0.279813349536171,0.95
unseen,mixed,4,elastic_net,unseen_test,conformal_upper_bound,0.2,3,1290,-0.0035340280171418854,0.0,-0.001268993958694193,-0.5862872372927126,-0.0006213273961668443,1010.1870029458263,204,12,3580,10174,5.684341886080802e-14,0.279813349536171,0.95
unseen,mixed,4,lightgbm,unseen_test,reference_no_forecast,0.0,0,1290,0.0,0.0,0.0,0.0,0.0,0.0,652,0,0,0,0.0,0.279813349536171,0.95
unseen,mixed,4,lightgbm,unseen_test,median,0.05,1,1290,0.0,0.0,0.0,0.0,0.0,0.0,652,0,0,0,0.0,0.279813349536171,0.95
unseen,mixed,4,lightgbm,unseen_test,median,0.05,2,1290,0.0,0.0,0.0,0.0,0.0,0.0,652,0,0,0,0.0,0.279813349536171,0.95
unseen,mixed,4,lightgbm,unseen_test,median,0.05,3,1290,0.0,0.0,0.0,0.0,0.0,0.0,652,0,0,0,0.0,0.279813349536171,0.95
unseen,mixed,4,lightgbm,unseen_test,median,0.1,1,1290,0.0,0.0,0.0,0.0,0.0,0.0,652,0,0,0,0.0,0.279813349536171,0.95
unseen,mixed,4,lightgbm,unseen_test,median,0.1,2,1290,0.0,0.0,0.0,0.0,0.0,0.0,652,0,0,0,0.0,0.279813349536171,0.95
unseen,mixed,4,lightgbm,unseen_test,median,0.1,3,1290,0.0,0.0,0.0,0.0,0.0,0.0,652,0,0,0,0.0,0.279813349536171,0.95
unseen,mixed,4,lightgbm,unseen_test,median,0.15,1,1290,0.0,0.0,0.0,0.0,0.0,0.0,652,0,0,0,0.0,0.279813349536171,0.95
unseen,mixed,4,lightgbm,unseen_test,median,0.15,2,1290,0.0,0.0,0.0,0.0,0.0,0.0,652,0,0,0,0.0,0.279813349536171,0.95
unseen,mixed,4,lightgbm,unseen_test,median,0.15,3,1290,0.0,0.0,0.0,0.0,0.0,0.0,652,0,0,0,0.0,0.279813349536171,0.95
unseen,mixed,4,lightgbm,unseen_test,median,0.2,1,1290,0.0,0.0,0.0,0.0,0.0,0.0,652,0,0,0,0.0,0.279813349536171,0.95
unseen,mixed,4,lightgbm,unseen_test,median,0.2,2,1290,0.0,0.0,0.0,0.0,0.0,0.0,652,0,0,0,0.0,0.279813349536171,0.95
unseen,mixed,4,lightgbm,unseen_test,median,0.2,3,1290,0.0,0.0,0.0,0.0,0.0,0.0,652,0,0,0,0.0,0.279813349536171,0.95
unseen,mixed,4,lightgbm,unseen_test,conformal_upper_bound,0.05,1,1290,-0.0014719207898624758,0.0,-0.00041925396097168387,-0.28794989441078256,-0.00015995592060765257,407.20929367732174,164,13,3699,12064,5.684341886080802e-14,0.279813349536171,0.95
unseen,mixed,4,lightgbm,unseen_test,conformal_upper_bound,0.05,2,1290,-0.0024317427142034904,0.0,-0.0007054229254149636,-0.4515296996097167,-0.00023672573610429378,561.8759731570694,164,13,4572,11191,5.684341886080802e-14,0.279813349536171,0.95
unseen,mixed,4,lightgbm,unseen_test,conformal_upper_bound,0.05,3,1290,0.0005462064178017551,0.0,6.688119316849167e-05,-0.4515296996097167,4.628026836263247e-05,686.7087724677042,164,13,5204,10559,5.684341886080802e-14,0.279813349536171,0.95
unseen,mixed,4,lightgbm,unseen_test,conformal_upper_bound,0.1,1,1290,-0.004365877264674121,0.0,-0.001201015437922724,-0.33032081541024993,-0.0004939443051931667,549.2519632696601,164,13,3331,12432,5.684341886080802e-14,0.279813349536171,0.95
unseen,mixed,4,lightgbm,unseen_test,conformal_upper_bound,0.1,2,1290,-0.006915526160220059,0.0,-0.0019247929926982695,-0.5840588923280494,-0.000731458830635712,776.8919312441502,164,13,3933,11830,5.684341886080802e-14,0.279813349536171,0.95
unseen,mixed,4,lightgbm,unseen_test,conformal_upper_bound,0.1,3,1290,-0.0028503421608704928,0.0,-0.0009136320497525193,-0.5840588923280494,-0.0003915561049194461,1009.0881079781572,164,13,4508,11255,5.684341886080802e-14,0.279813349536171,0.95
unseen,mixed,4,lightgbm,unseen_test,conformal_upper_bound,0.15,1,1290,-0.005722936344372014,0.0,-0.0015685244266975663,-0.45263339534186553,-0.0006432194519673928,609.0641044559914,164,13,3190,12573,5.684341886080802e-14,0.279813349536171,0.95
unseen,mixed,4,lightgbm,unseen_test,conformal_upper_bound,0.15,2,1290,-0.009236200794741176,0.0,-0.002573018815760027,-0.5495118345186567,-0.0009752038411601577,883.6117592374525,164,13,3576,12187,5.684341886080802e-14,0.279813349536171,0.95
unseen,mixed,4,lightgbm,unseen_test,conformal_upper_bound,0.15,3,1290,-0.004924081627268626,0.0,-0.001532006217811083,-0.5495118345186567,-0.000671908636332657,1187.8839453648552,164,13,4093,11670,5.684341886080802e-14,0.279813349536171,0.95
unseen,mixed,4,lightgbm,unseen_test,conformal_upper_bound,0.2,1,1290,-0.006101171329246413,0.0,-0.0016629808754164677,-0.5765863192810059,-0.0006793416046145622,623.7732924887332,164,13,3182,12581,5.684341886080802e-14,0.279813349536171,0.95
unseen,mixed,4,lightgbm,unseen_test,conformal_upper_bound,0.2,2,1290,-0.010787180265562458,0.0,-0.0029828847220089993,-0.5612319974992745,-0.001129320295946093,935.2880603277306,164,13,3447,12316,5.684341886080802e-14,0.279813349536171,0.95
unseen,mixed,4,lightgbm,unseen_test,conformal_upper_bound,0.2,3,1290,-0.005751515323985307,0.0,-0.0017458096337864347,-0.5638896994600291,-0.0007728975008154352,1280.0549565682793,164,13,3907,11856,5.684341886080802e-14,0.279813349536171,0.95
unseen,mixed,5,persistence,unseen_test,reference_no_forecast,0.0,0,578,0.0,0.0,0.0,0.0,0.0,0.0,209,0,0,0,0.0,0.28641329423382655,0.95
unseen,mixed,5,persistence,unseen_test,median,0.05,1,578,0.0,0.0,0.0,0.0,0.0,0.0,196,0,0,1235,0.0,0.28641329423382655,0.95
unseen,mixed,5,persistence,unseen_test,median,0.05,2,578,0.0,0.0,0.0,0.0,0.0,0.0,196,0,0,1235,0.0,0.28641329423382655,0.95
unseen,mixed,5,persistence,unseen_test,median,0.05,3,578,0.0,0.0,0.0,0.0,0.0,0.0,196,0,0,1235,0.0,0.28641329423382655,0.95
unseen,mixed,5,persistence,unseen_test,median,0.1,1,578,0.0,0.0,0.0,0.0,0.0,0.0,196,0,0,1235,0.0,0.28641329423382655,0.95
unseen,mixed,5,persistence,unseen_test,median,0.1,2,578,0.0,0.0,0.0,0.0,0.0,0.0,196,0,0,1235,0.0,0.28641329423382655,0.95
unseen,mixed,5,persistence,unseen_test,median,0.1,3,578,0.0,0.0,0.0,0.0,0.0,0.0,196,0,0,1235,0.0,0.28641329423382655,0.95
unseen,mixed,5,persistence,unseen_test,median,0.15,1,578,0.0,0.0,0.0,0.0,0.0,0.0,196,0,0,1235,0.0,0.28641329423382655,0.95
unseen,mixed,5,persistence,unseen_test,median,0.15,2,578,0.0,0.0,0.0,0.0,0.0,0.0,196,0,0,1235,0.0,0.28641329423382655,0.95
unseen,mixed,5,persistence,unseen_test,median,0.15,3,578,0.0,0.0,0.0,0.0,0.0,0.0,196,0,0,1235,0.0,0.28641329423382655,0.95
unseen,mixed,5,persistence,unseen_test,median,0.2,1,578,0.0,0.0,0.0,0.0,0.0,0.0,196,0,0,1235,0.0,0.28641329423382655,0.95
unseen,mixed,5,persistence,unseen_test,median,0.2,2,578,0.0,0.0,0.0,0.0,0.0,0.0,196,0,0,1235,0.0,0.28641329423382655,0.95
unseen,mixed,5,persistence,unseen_test,median,0.2,3,578,0.0,0.0,0.0,0.0,0.0,0.0,196,0,0,1235,0.0,0.28641329423382655,0.95
unseen,mixed,5,persistence,unseen_test,conformal_upper_bound,0.05,1,578,-0.0012611591695501695,0.0,-0.0005364484158436336,-0.27199999999999935,-0.00013712964824820327,74.4765999999999,107,28,641,6603,5.684341886080802e-14,0.28641329423382655,0.95
unseen,mixed,5,persistence,unseen_test,conformal_upper_bound,0.05,2,578,-0.001139100346020759,0.0,-0.00038959025963034006,-0.3250000000000002,-0.00013674098770776762,88.93739999999991,107,28,690,6554,5.684341886080802e-14,0.28641329423382655,0.95
unseen,mixed,5,persistence,unseen_test,conformal_upper_bound,0.05,3,578,-0.0023318339100346004,0.0,-0.0013355063574477482,-0.38244999999999996,-0.00023413335868710354,103.66489999999989,107,28,752,6492,5.684341886080802e-14,0.28641329423382655,0.95
unseen,mixed,5,persistence,unseen_test,conformal_upper_bound,0.1,1,578,-0.001712110726643596,0.0,-0.0006441571349165927,-0.3250000000000002,-0.00018101237137210723,88.87929999999992,107,28,583,6661,5.684341886080802e-14,0.28641329423382655,0.95
unseen,mixed,5,persistence,unseen_test,conformal_upper_bound,0.1,2,578,-0.0022307958477508637,0.0,-0.0009576089762419145,-0.37060000000000004,-0.0002567706183350321,106.03319999999985,107,28,575,6669,5.684341886080802e-14,0.28641329423382655,0.95
unseen,mixed,5,persistence,unseen_test,conformal_upper_bound,0.1,3,578,-0.004063840830449823,0.0,-0.0020459568030087114,-0.5139999999999996,-0.0003919537457411035,125.62919999999988,107,28,617,6627,5.684341886080802e-14,0.28641329423382655,0.95
unseen,mixed,5,persistence,unseen_test,conformal_upper_bound,0.15,1,578,-0.001993079584775084,0.0,-0.0007118767922150953,-0.47999999999999954,-0.00020876435228471877,91.49599999999992,107,28,579,6665,5.684341886080802e-14,0.28641329423382655,0.95
unseen,mixed,5,persistence,unseen_test,conformal_upper_bound,0.15,2,578,-0.0025984429065743953,0.0,-0.0011261860134373905,-0.5558999999999998,-0.000296876388342678,110.0560999999999,107,28,552,6692,5.684341886080802e-14,0.28641329423382655,0.95
unseen,mixed,5,persistence,unseen_test,conformal_upper_bound,0.15,3,578,-0.00442889273356401,0.0,-0.0021986244771733483,-0.5558999999999998,-0.00043074963342997917,135.30039999999988,107,28,563,6681,2.842170943040401e-14,0.28641329423382655,0.95
unseen,mixed,5,persistence,unseen_test,conformal_upper_bound,0.2,1,578,-0.001993079584775084,0.0,-0.0007118767922150953,-0.47999999999999954,-0.00020876435228471877,91.49599999999992,107,28,579,6665,5.684341886080802e-14,0.28641329423382655,0.95
unseen,mixed,5,persistence,unseen_test,conformal_upper_bound,0.2,2,578,-0.002600346020761247,0.0,-0.0011269151759610882,-0.5569999999999999,-0.00029706277604628833,110.11799999999991,107,28,552,6692,5.684341886080802e-14,0.28641329423382655,0.95
unseen,mixed,5,persistence,unseen_test,conformal_upper_bound,0.2,3,578,-0.004430795847750861,0.0,-0.002199353639697046,-0.5569999999999999,-0.0004309360211335895,137.1325999999999,107,28,562,6682,5.684341886080802e-14,0.28641329423382655,0.95
unseen,mixed,5,seasonal_daily,unseen_test,reference_no_forecast,0.0,0,578,0.0,0.0,0.0,0.0,0.0,0.0,209,0,0,0,0.0,0.28641329423382655,0.95
unseen,mixed,5,seasonal_daily,unseen_test,median,0.05,1,578,0.011595069204152245,0.0,0.0020862703105690786,-0.5924,0.0009900527224162763,379.6611499999999,16,11,1842,367,5.684341886080802e-14,0.28641329423382655,0.95
unseen,mixed,5,seasonal_daily,unseen_test,median,0.05,2,578,-0.0002775086505190129,0.0,-0.0003622367440548434,-1.0655999999999999,0.00018921303400015686,440.93674999999996,16,11,2068,141,5.684341886080802e-14,0.28641329423382655,0.95
unseen,mixed,5,seasonal_daily,unseen_test,median,0.05,3,578,-0.00036055363321799947,0.0,-0.00013085458536812438,-1.3465499999999997,0.0002753847930951787,450.54734999999994,16,11,2095,114,5.684341886080802e-14,0.28641329423382655,0.95
unseen,mixed,5,seasonal_daily,unseen_test,median,0.1,1,578,0.0017664359861591617,0.0,-0.0001530002457761615,-0.9283000000000001,8.899062428442006e-05,678.4953999999998,16,11,1743,466,1.1368683772161603e-13,0.28641329423382655,0.95
unseen,mixed,5,seasonal_daily,unseen_test,median,0.1,2,578,-0.02536089965397923,0.0,-0.006072959839667067,-1.9709999999999992,-0.0016584357988775988,774.9119000000001,16,11,1888,321,5.684341886080802e-14,0.28641329423382655,0.95
unseen,mixed,5,seasonal_daily,unseen_test,median,0.1,3,578,-0.025957439446366786,0.0,-0.005876521328501703,-2.0687000000000006,-0.0016807083981278093,792.9297999999998,16,11,1897,312,5.684341886080802e-14,0.28641329423382655,0.95
unseen,mixed,5,seasonal_daily,unseen_test,median,0.15,1,578,-0.01885224913494809,0.0,-0.004811139385970706,-1.34415,-0.0017799663243754146,913.8120499999992,16,11,1652,557,5.684341886080802e-14,0.28641329423382655,0.95
unseen,mixed,5,seasonal_daily,unseen_test,median,0.15,2,578,-0.06182188581314878,0.0,-0.014054772148565523,-2.6572500000000003,-0.004499904314243422,1035.9350999999995,16,11,1742,467,5.684341886080802e-14,0.28641329423382655,0.95
unseen,mixed,5,seasonal_daily,unseen_test,median,0.15,3,578,-0.06329679930795849,0.0,-0.014090480739767184,-2.237,-0.004911178044558958,1046.9579499999988,16,11,1734,475,5.684341886080802e-14,0.28641329423382655,0.95
unseen,mixed,5,seasonal_daily,unseen_test,median,0.2,1,578,-0.04157647058823531,0.0,-0.009805734126342561,-1.7922000000000002,-0.003675633619358707,1110.3379999999995,16,11,1584,625,5.684341886080802e-14,0.28641329423382655,0.95
unseen,mixed,5,seasonal_daily,unseen_test,median,0.2,2,578,-0.0846903114186851,0.0,-0.018972056653688552,-3.0392,-0.006284097198520189,1245.9731999999995,16,11,1644,565,5.684341886080802e-14,0.28641329423382655,0.95
unseen,mixed,5,seasonal_daily,unseen_test,median,0.2,3,578,-0.09527543252595153,0.0,-0.020868622539780574,-2.237,-0.00747948027040676,1229.7967999999998,16,11,1605,604,5.684341886080802e-14,0.28641329423382655,0.95
unseen,mixed,5,seasonal_daily,unseen_test,conformal_upper_bound,0.05,1,578,0.006109429065743948,0.0,0.001126790607144118,-0.5759999999999987,0.0004237700775791828,994.8077499999997,2,113,4841,2831,1.1368683772161603e-13,0.28641329423382655,0.95
unseen,mixed,5,seasonal_daily,unseen_test,conformal_upper_bound,0.05,2,578,0.011370934256055367,0.0,0.00246127297719135,-1.3432499999999994,0.001177930803532001,1217.6106500000008,2,113,5700,1972,1.1368683772161603e-13,0.28641329423382655,0.95
unseen,mixed,5,seasonal_daily,unseen_test,conformal_upper_bound,0.05,3,578,0.006477681660899647,0.0,0.0016567134172349913,-1.3016000000000005,0.0008674464819054223,1248.5029500000019,2,113,5754,1918,1.1368683772161603e-13,0.28641329423382655,0.95
unseen,mixed,5,seasonal_daily,unseen_test,conformal_upper_bound,0.1,1,578,-0.011432179930795839,0.0,-0.0037920966164789655,-1.024,-0.0011393831971931328,1650.5139000000008,2,113,4402,3270,1.1368683772161603e-13,0.28641329423382655,0.95
unseen,mixed,5,seasonal_daily,unseen_test,conformal_upper_bound,0.1,2,578,-0.012380622837370226,0.0,-0.0033952780193614073,-1.9109999999999996,-0.000613345445387086,1942.6477000000007,2,113,4866,2806,1.1368683772161603e-13,0.28641329423382655,0.95
unseen,mixed,5,seasonal_daily,unseen_test,conformal_upper_bound,0.1,3,578,-0.023519031141868513,0.0,-0.0059807387381040624,-2.114,-0.0016103426174956985,1904.8658999999998,2,113,4668,3004,1.1368683772161603e-13,0.28641329423382655,0.95
unseen,mixed,5,seasonal_daily,unseen_test,conformal_upper_bound,0.15,1,578,-0.03725839100346021,0.0,-0.010752078100111131,-1.5244000000000004,-0.0033607735991974972,2083.407999999999,2,113,4053,3619,5.684341886080802e-14,0.28641329423382655,0.95
unseen,mixed,5,seasonal_daily,unseen_test,conformal_upper_bound,0.15,2,578,-0.04225735294117649,0.0,-0.011003897133001608,-2.0853,-0.0032806558572815447,2389.4005500000003,2,113,4289,3383,5.684341886080802e-14,0.28641329423382655,0.95
unseen,mixed,5,seasonal_daily,unseen_test,conformal_upper_bound,0.15,3,578,-0.05751885813148789,0.0,-0.015623107331830602,-2.114,-0.004588174398743007,2279.93545,2,113,3983,3689,1.1368683772161603e-13,0.28641329423382655,0.95
unseen,mixed,5,seasonal_daily,unseen_test,conformal_upper_bound,0.2,1,578,-0.057371626297577846,0.0,-0.016132707317560595,-1.3636,-0.005012137336142336,2363.3513999999986,2,113,3769,3903,5.684341886080802e-14,0.28641329423382655,0.95
unseen,mixed,5,seasonal_daily,unseen_test,conformal_upper_bound,0.2,2,578,-0.06707681660899659,0.0,-0.017754975122105984,-2.1140000000000008,-0.005619724520354947,2664.1451999999986,2,113,3847,3825,1.1368683772161603e-13,0.28641329423382655,0.95
unseen,mixed,5,seasonal_daily,unseen_test,conformal_upper_bound,0.2,3,578,-0.08220103806228371,0.0,-0.023050981150012532,-2.1140000000000008,-0.006747984206055363,2509.3138000000004,2,113,3484,4188,5.684341886080802e-14,0.28641329423382655,0.95
unseen,mixed,5,seasonal_weekly,unseen_test,reference_no_forecast,0.0,0,578,0.0,0.0,0.0,0.0,0.0,0.0,209,0,0,0,0.0,0.28641329423382655,0.95
unseen,mixed,5,seasonal_weekly,unseen_test,median,0.05,1,578,-0.006553633217993074,0.0,-0.0019883163042664705,-0.4457499999999994,-0.0007737917339379884,279.9732,56,13,1350,178,5.684341886080802e-14,0.28641329423382655,0.95
unseen,mixed,5,seasonal_weekly,unseen_test,median,0.05,2,578,-0.005155968858131476,0.0,-0.0014220490613059775,-1.0921499999999993,-0.00046885501935916754,301.78544999999997,56,13,1417,111,5.684341886080802e-14,0.28641329423382655,0.95
unseen,mixed,5,seasonal_weekly,unseen_test,median,0.05,3,578,-0.004339965397923875,0.0,-0.0009515265037830297,-0.7800000000000002,-0.0003986791244508474,306.95804999999996,56,13,1437,91,5.684341886080802e-14,0.28641329423382655,0.95
unseen,mixed,5,seasonal_weekly,unseen_test,median,0.1,1,578,-0.02169429065743944,0.0,-0.005672901354529195,-0.9245000000000001,-0.0021380455033282925,507.8694000000002,56,13,1261,267,5.684341886080802e-14,0.28641329423382655,0.95
unseen,mixed,5,seasonal_weekly,unseen_test,median,0.1,2,578,-0.025965051903114166,0.0,-0.005614121078300784,-1.2269999999999994,-0.0021905624846850894,551.2001,56,13,1339,189,5.684341886080802e-14,0.28641329423382655,0.95
unseen,mixed,5,seasonal_weekly,unseen_test,median,0.1,3,578,-0.029374740484429066,0.0,-0.005910501544678059,-2.0920000000000005,-0.0022459116304342475,548.7384000000001,56,13,1321,207,5.684341886080802e-14,0.28641329423382655,0.95
unseen,mixed,5,seasonal_weekly,unseen_test,median,0.15,1,578,-0.0370166089965398,0.0,-0.009313734609841565,-1.2050999999999998,-0.003346486739493111,689.3323500000002,56,13,1205,323,5.684341886080802e-14,0.28641329423382655,0.95
unseen,mixed,5,seasonal_weekly,unseen_test,median,0.15,2,578,-0.05487378892733564,0.0,-0.011933979268052125,-2.1065000000000005,-0.004308865399048714,744.9507500000002,56,13,1244,284,5.684341886080802e-14,0.28641329423382655,0.95
unseen,mixed,5,seasonal_weekly,unseen_test,median,0.15,3,578,-0.06507975778546714,0.0,-0.013739919759065066,-2.516,-0.004880753128533502,740.2554500000008,56,13,1228,300,5.684341886080802e-14,0.28641329423382655,0.95
unseen,mixed,5,seasonal_weekly,unseen_test,median,0.2,1,578,-0.05789100346020761,0.0,-0.013857843572124724,-1.6176000000000004,-0.004900477298514586,838.8504000000004,56,13,1145,383,1.1368683772161603e-13,0.28641329423382655,0.95
unseen,mixed,5,seasonal_weekly,unseen_test,median,0.2,2,578,-0.09032906574394459,0.0,-0.019915252662747098,-2.516,-0.006627755409060807,902.3112000000003,56,13,1172,356,1.1368683772161603e-13,0.28641329423382655,0.95
unseen,mixed,5,seasonal_weekly,unseen_test,median,0.2,3,578,-0.09568996539792385,0.0,-0.02091271888421439,-2.516,-0.0070705609154675325,889.6642000000003,56,13,1133,395,1.1368683772161603e-13,0.28641329423382655,0.95
unseen,mixed,5,seasonal_weekly,unseen_test,conformal_upper_bound,0.05,1,578,-0.013914446366782008,0.0,-0.0038210096629734715,-0.8240000000000007,-0.0013396539622498303,831.8847999999992,3,94,3956,1902,1.1368683772161603e-13,0.28641329423382655,0.95
unseen,mixed,5,seasonal_weekly,unseen_test,conformal_upper_bound,0.05,2,578,-0.020488927335640145,0.0,-0.004411624582603919,-1.4649999999999999,-0.0017882995595460214,984.9312499999993,3,94,4552,1306,1.1368683772161603e-13,0.28641329423382655,0.95
unseen,mixed,5,seasonal_weekly,unseen_test,conformal_upper_bound,0.05,3,578,-0.029121885813148778,0.0,-0.005715448425189492,-1.464999999999998,-0.002222062280042814,1015.7455999999996,3,94,4652,1206,1.1368683772161603e-13,0.28641329423382655,0.95
unseen,mixed,5,seasonal_weekly,unseen_test,conformal_upper_bound,0.1,1,578,-0.05990951557093429,0.0,-0.014864158547396615,-1.4649999999999999,-0.005288377685552274,1446.1642,3,94,3705,2153,5.684341886080802e-14,0.28641329423382655,0.95
unseen,mixed,5,seasonal_weekly,unseen_test,conformal_upper_bound,0.1,2,578,-0.0797069204152249,0.0,-0.018381631385573118,-1.8150000000000013,-0.006640007625437881,1633.189299999999,3,94,4013,1845,1.1368683772161603e-13,0.28641329423382655,0.95
unseen,mixed,5,seasonal_weekly,unseen_test,conformal_upper_bound,0.1,3,578,-0.07958615916955014,0.0,-0.01730394140471693,-1.9459999999999997,-0.00623679307859064,1621.6053999999995,3,94,3899,1959,1.1368683772161603e-13,0.28641329423382655,0.95
unseen,mixed,5,seasonal_weekly,unseen_test,conformal_upper_bound,0.15,1,578,-0.10659602076124566,0.0,-0.025837934194737556,-1.7177499999999997,-0.009109573469391305,1860.825599999998,3,94,3444,2414,5.684341886080802e-14,0.28641329423382655,0.95
unseen,mixed,5,seasonal_weekly,unseen_test,conformal_upper_bound,0.15,2,578,-0.12213157439446357,0.0,-0.028336807216323343,-1.8335999999999988,-0.010022919060275835,2021.6336,3,94,3541,2317,5.684341886080802e-14,0.28641329423382655,0.95
unseen,mixed,5,seasonal_weekly,unseen_test,conformal_upper_bound,0.15,3,578,-0.11778174740484422,0.0,-0.02623463709226569,-1.9460000000000006,-0.009399866471418846,1973.8776999999989,3,94,3366,2492,1.1368683772161603e-13,0.28641329423382655,0.95
unseen,mixed,5,seasonal_weekly,unseen_test,conformal_upper_bound,0.2,1,578,-0.1377743944636679,0.0,-0.033085635781578616,-1.8149999999999995,-0.011595499969756118,2141.0820000000012,3,94,3230,2628,5.684341886080802e-14,0.28641329423382655,0.95
unseen,mixed,5,seasonal_weekly,unseen_test,conformal_upper_bound,0.2,2,578,-0.15169446366782013,0.0,-0.03543037812363265,-1.9459999999999988,-0.012379157522192015,2265.1307999999995,3,94,3190,2668,1.1368683772161603e-13,0.28641329423382655,0.95
unseen,mixed,5,seasonal_weekly,unseen_test,conformal_upper_bound,0.2,3,578,-0.14398166089965397,0.0,-0.03245192463337649,-2.218,-0.011471316266828093,2184.1289999999995,3,94,2997,2861,1.1368683772161603e-13,0.28641329423382655,0.95
unseen,mixed,5,elastic_net,unseen_test,reference_no_forecast,0.0,0,578,0.0,0.0,0.0,0.0,0.0,0.0,209,0,0,0,0.0,0.28641329423382655,0.95
unseen,mixed,5,elastic_net,unseen_test,median,0.05,1,578,0.0,0.0,0.0,0.0,0.0,0.0,209,0,0,0,0.0,0.28641329423382655,0.95
unseen,mixed,5,elastic_net,unseen_test,median,0.05,2,578,0.0,0.0,0.0,0.0,0.0,0.0,209,0,0,0,0.0,0.28641329423382655,0.95
unseen,mixed,5,elastic_net,unseen_test,median,0.05,3,578,0.0,0.0,0.0,0.0,0.0,0.0,209,0,0,0,0.0,0.28641329423382655,0.95
unseen,mixed,5,elastic_net,unseen_test,median,0.1,1,578,0.0,0.0,0.0,0.0,0.0,0.0,209,0,0,0,0.0,0.28641329423382655,0.95
unseen,mixed,5,elastic_net,unseen_test,median,0.1,2,578,0.0,0.0,0.0,0.0,0.0,0.0,209,0,0,0,0.0,0.28641329423382655,0.95
unseen,mixed,5,elastic_net,unseen_test,median,0.1,3,578,0.0,0.0,0.0,0.0,0.0,0.0,209,0,0,0,0.0,0.28641329423382655,0.95
unseen,mixed,5,elastic_net,unseen_test,median,0.15,1,578,0.0,0.0,0.0,0.0,0.0,0.0,209,0,0,0,0.0,0.28641329423382655,0.95
unseen,mixed,5,elastic_net,unseen_test,median,0.15,2,578,0.0,0.0,0.0,0.0,0.0,0.0,209,0,0,0,0.0,0.28641329423382655,0.95
unseen,mixed,5,elastic_net,unseen_test,median,0.15,3,578,0.0,0.0,0.0,0.0,0.0,0.0,209,0,0,0,0.0,0.28641329423382655,0.95
unseen,mixed,5,elastic_net,unseen_test,median,0.2,1,578,0.0,0.0,0.0,0.0,0.0,0.0,209,0,0,0,0.0,0.28641329423382655,0.95
unseen,mixed,5,elastic_net,unseen_test,median,0.2,2,578,0.0,0.0,0.0,0.0,0.0,0.0,209,0,0,0,0.0,0.28641329423382655,0.95
unseen,mixed,5,elastic_net,unseen_test,median,0.2,3,578,0.0,0.0,0.0,0.0,0.0,0.0,209,0,0,0,0.0,0.28641329423382655,0.95
unseen,mixed,5,elastic_net,unseen_test,conformal_upper_bound,0.05,1,578,-0.0009635581560687791,0.0,-0.00020985110861195436,-0.1949770393189425,-7.885047942412417e-05,98.27010916060837,105,2,795,2522,5.684341886080802e-14,0.28641329423382655,0.95
unseen,mixed,5,elastic_net,unseen_test,conformal_upper_bound,0.05,2,578,-0.0004965040597933477,0.0,-8.631371065098401e-05,-0.3731867417900485,-2.520477649563896e-05,109.81878134043977,105,2,834,2483,5.684341886080802e-14,0.28641329423382655,0.95
unseen,mixed,5,elastic_net,unseen_test,conformal_upper_bound,0.05,3,578,0.0005482363452355684,0.0,0.00011178092304632964,-0.19029216181267028,5.514142674604354e-05,151.8642418261918,105,2,1024,2293,1.1368683772161603e-13,0.28641329423382655,0.95
unseen,mixed,5,elastic_net,unseen_test,conformal_upper_bound,0.1,1,578,-0.0013033409688054227,0.0,-0.00027170786675958586,-0.37106066514548086,-9.972216511976781e-05,120.55905453685897,105,2,719,2598,5.684341886080802e-14,0.28641329423382655,0.95
unseen,mixed,5,elastic_net,unseen_test,conformal_upper_bound,0.1,2,578,-0.00033629827988335446,0.0,-3.9095562667980626e-05,-0.4091150396055738,-2.4424832024260154e-06,128.1080448602552,105,2,673,2644,5.684341886080802e-14,0.28641329423382655,0.95
unseen,mixed,5,elastic_net,unseen_test,conformal_upper_bound,0.1,3,578,0.0009845485905506917,0.0,0.00020976097580439423,-0.20941406842696608,0.00010168930967600106,191.8211406129934,105,2,827,2490,5.684341886080802e-14,0.28641329423382655,0.95
unseen,mixed,5,elastic_net,unseen_test,conformal_upper_bound,0.15,1,578,-0.001435753597183769,0.0,-0.00030004787969255703,-0.4091150396055747,-0.0001112996038136889,122.60500486662303,105,2,718,2599,5.684341886080802e-14,0.28641329423382655,0.95
unseen,mixed,5,elastic_net,unseen_test,conformal_upper_bound,0.15,2,578,-0.00046411525297726877,0.0,-6.0141757898373474e-05,-0.4091150396055747,-1.2846274027414214e-05,131.52579375647446,105,2,634,2683,5.684341886080802e-14,0.28641329423382655,0.95
unseen,mixed,5,elastic_net,unseen_test,conformal_upper_bound,0.15,3,578,0.0011777494680724086,0.0,0.00025285731252572296,-0.20941406842696608,0.00012353470336598935,207.51882841396645,105,2,756,2561,5.684341886080802e-14,0.28641329423382655,0.95
unseen,mixed,5,elastic_net,unseen_test,conformal_upper_bound,0.2,1,578,-0.001435753597183769,0.0,-0.00030004787969255703,-0.4091150396055747,-0.0001112996038136889,122.60500486662303,105,2,718,2599,5.684341886080802e-14,0.28641329423382655,0.95
unseen,mixed,5,elastic_net,unseen_test,conformal_upper_bound,0.2,2,578,-0.00046411525297726877,0.0,-6.0141757898373474e-05,-0.4091150396055747,-1.2846274027414214e-05,131.5655494333393,105,2,633,2684,5.684341886080802e-14,0.28641329423382655,0.95
unseen,mixed,5,elastic_net,unseen_test,conformal_upper_bound,0.2,3,578,0.0011777494680724086,0.0,0.00025285731252572296,-0.20941406842696608,0.00012353470336598935,211.87430364945956,105,2,745,2572,5.684341886080802e-14,0.28641329423382655,0.95
unseen,mixed,5,lightgbm,unseen_test,reference_no_forecast,0.0,0,578,0.0,0.0,0.0,0.0,0.0,0.0,209,0,0,0,0.0,0.28641329423382655,0.95
unseen,mixed,5,lightgbm,unseen_test,median,0.05,1,578,0.0,0.0,0.0,0.0,0.0,0.0,209,0,0,0,0.0,0.28641329423382655,0.95
unseen,mixed,5,lightgbm,unseen_test,median,0.05,2,578,0.0,0.0,0.0,0.0,0.0,0.0,209,0,0,0,0.0,0.28641329423382655,0.95
unseen,mixed,5,lightgbm,unseen_test,median,0.05,3,578,0.0,0.0,0.0,0.0,0.0,0.0,209,0,0,0,0.0,0.28641329423382655,0.95
unseen,mixed,5,lightgbm,unseen_test,median,0.1,1,578,0.0,0.0,0.0,0.0,0.0,0.0,209,0,0,0,0.0,0.28641329423382655,0.95
unseen,mixed,5,lightgbm,unseen_test,median,0.1,2,578,0.0,0.0,0.0,0.0,0.0,0.0,209,0,0,0,0.0,0.28641329423382655,0.95
unseen,mixed,5,lightgbm,unseen_test,median,0.1,3,578,0.0,0.0,0.0,0.0,0.0,0.0,209,0,0,0,0.0,0.28641329423382655,0.95
unseen,mixed,5,lightgbm,unseen_test,median,0.15,1,578,0.0,0.0,0.0,0.0,0.0,0.0,209,0,0,0,0.0,0.28641329423382655,0.95
unseen,mixed,5,lightgbm,unseen_test,median,0.15,2,578,0.0,0.0,0.0,0.0,0.0,0.0,209,0,0,0,0.0,0.28641329423382655,0.95
unseen,mixed,5,lightgbm,unseen_test,median,0.15,3,578,0.0,0.0,0.0,0.0,0.0,0.0,209,0,0,0,0.0,0.28641329423382655,0.95
unseen,mixed,5,lightgbm,unseen_test,median,0.2,1,578,0.0,0.0,0.0,0.0,0.0,0.0,209,0,0,0,0.0,0.28641329423382655,0.95
unseen,mixed,5,lightgbm,unseen_test,median,0.2,2,578,0.0,0.0,0.0,0.0,0.0,0.0,209,0,0,0,0.0,0.28641329423382655,0.95
unseen,mixed,5,lightgbm,unseen_test,median,0.2,3,578,0.0,0.0,0.0,0.0,0.0,0.0,209,0,0,0,0.0,0.28641329423382655,0.95
unseen,mixed,5,lightgbm,unseen_test,conformal_upper_bound,0.05,1,578,0.0009023539270566086,0.0,0.00013136843528814763,-0.18777182956043204,4.5805645603912574e-05,105.71362329267524,72,13,847,4628,5.684341886080802e-14,0.28641329423382655,0.95
unseen,mixed,5,lightgbm,unseen_test,conformal_upper_bound,0.05,2,578,0.0016153806427887264,0.0,0.00030854210918785724,-0.2694168706247355,0.00012557176305427474,153.01338039843748,72,13,1040,4435,5.684341886080802e-14,0.28641329423382655,0.95
unseen,mixed,5,lightgbm,unseen_test,conformal_upper_bound,0.05,3,578,0.004886702005772008,0.0,0.0009463369906151702,-0.19150902275787907,0.00039949444681002883,187.86918164138615,72,13,1176,4299,5.684341886080802e-14,0.28641329423382655,0.95
unseen,mixed,5,lightgbm,unseen_test,conformal_upper_bound,0.1,1,578,0.000576881563403034,0.0,6.213032602412589e-05,-0.2694168706247355,1.882979980283344e-05,124.06009977742514,72,13,746,4729,5.684341886080802e-14,0.28641329423382655,0.95
unseen,mixed,5,lightgbm,unseen_test,conformal_upper_bound,0.1,2,578,0.0018047595270346522,0.0,0.0003235014009805314,-0.2694168706247355,0.00013153980368847237,192.14307409509252,72,13,859,4616,5.684341886080802e-14,0.28641329423382655,0.95
unseen,mixed,5,lightgbm,unseen_test,conformal_upper_bound,0.1,3,578,0.006175415440738557,0.0,0.0011964993775101158,-0.2351072560454428,0.0005071178316403257,247.88060218407168,72,13,955,4520,5.684341886080802e-14,0.28641329423382655,0.95
unseen,mixed,5,lightgbm,unseen_test,conformal_upper_bound,0.15,1,578,0.000576881563403034,0.0,6.213032602412589e-05,-0.2694168706247355,1.882979980283344e-05,128.9910364203146,72,13,728,4747,5.684341886080802e-14,0.28641329423382655,0.95
unseen,mixed,5,lightgbm,unseen_test,conformal_upper_bound,0.15,2,578,0.0016084282918305784,0.0,0.0002823418128874342,-0.2694168706247355,0.00011441039939951731,205.5577404629575,72,13,804,4671,5.684341886080802e-14,0.28641329423382655,0.95
unseen,mixed,5,lightgbm,unseen_test,conformal_upper_bound,0.15,3,578,0.006740079893168382,0.0,0.001312298567845332,-0.2351072560454428,0.0005592636478007054,275.84060053158663,72,13,875,4600,5.684341886080802e-14,0.28641329423382655,0.95
unseen,mixed,5,lightgbm,unseen_test,conformal_upper_bound,0.2,1,578,0.000576881563403034,0.0,6.213032602412589e-05,-0.2694168706247355,1.882979980283344e-05,130.4856237801662,72,13,723,4752,5.684341886080802e-14,0.28641329423382655,0.95
unseen,mixed,5,lightgbm,unseen_test,conformal_upper_bound,0.2,2,578,0.0016084282918305784,0.0,0.0002823418128874342,-0.2694168706247355,0.00011441039939951731,207.85889074996777,72,13,777,4698,5.684341886080802e-14,0.28641329423382655,0.95
unseen,mixed,5,lightgbm,unseen_test,conformal_upper_bound,0.2,3,578,0.006585595418417465,0.0,0.0012621888291211802,-0.2351072560454428,0.0005329584107185333,287.05589537404705,72,13,829,4646,5.684341886080802e-14,0.28641329423382655,0.95
seen,ASHP,4,perfect_foresight,seen_test,perfect_foresight,0.05,1,2312,0.07922999567474048,0.0,0.019182465050829753,0.0,0.005957085657436512,1013.5257999999982,0,0,5581,1604,5.684341886080802e-14,0.25485450897454653,0.95
seen,ASHP,4,perfect_foresight,seen_test,perfect_foresight,0.05,2,2312,0.08400166522491347,0.0,0.020081918613553396,0.0,0.0063493531501874175,1121.6504999999995,0,0,6035,1150,5.684341886080802e-14,0.25485450897454653,0.95
seen,ASHP,4,perfect_foresight,seen_test,perfect_foresight,0.05,3,2312,0.08475248702422146,0.0,0.020196730246266205,0.0,0.006406037279542909,1149.8037999999992,0,0,6147,1038,1.1368683772161603e-13,0.25485450897454653,0.95
seen,ASHP,4,perfect_foresight,seen_test,perfect_foresight,0.1,1,2312,0.15218105536332177,0.0,0.036779748499367756,0.0,0.011788961050103818,1885.8586999999986,0,0,5379,1806,5.684341886080802e-14,0.25485450897454653,0.95
seen,ASHP,4,perfect_foresight,seen_test,perfect_foresight,0.1,2,2312,0.1633568771626296,0.0,0.038983617847498805,0.0,0.012814046713411823,2049.2041999999965,0,0,5644,1541,1.1368683772161603e-13,0.25485450897454653,0.95
seen,ASHP,4,perfect_foresight,seen_test,perfect_foresight,0.1,3,2312,0.16642664359861595,0.0,0.03954381066983437,0.0,0.01313261740512483,2058.037599999997,0,0,5611,1574,5.684341886080802e-14,0.25485450897454653,0.95
seen,ASHP,4,perfect_foresight,seen_test,perfect_foresight,0.15,1,2312,0.2114290441176472,0.0,0.05090391352001498,0.0,0.01665516984862348,2621.1725500000016,0,0,5175,2010,1.1368683772161603e-13,0.25485450897454653,0.95
seen,ASHP,4,perfect_foresight,seen_test,perfect_foresight,0.15,2,2312,0.23088386678200676,0.0,0.054864270020207204,0.0,0.018514086368446345,2804.9493500000017,0,0,5281,1904,5.684341886080802e-14,0.25485450897454653,0.95
seen,ASHP,4,perfect_foresight,seen_test,perfect_foresight,0.15,3,2312,0.23706124567474005,0.0,0.056086209943483005,0.0,0.01923217900978134,2822.936749999998,0,0,5236,1949,1.1368683772161603e-13,0.25485450897454653,0.95
seen,ASHP,4,perfect_foresight,seen_test,perfect_foresight,0.2,1,2312,0.2556626297577853,0.0,0.061431790476474964,0.0,0.020333682311278904,3247.2771999999954,0,0,4990,2195,5.684341886080802e-14,0.25485450897454653,0.95
seen,ASHP,4,perfect_foresight,seen_test,perfect_foresight,0.2,2,2312,0.2829565743944635,0.0,0.06689996222129048,0.0,0.022857804883336972,3446.2963999999956,0,0,5023,2162,1.1368683772161603e-13,0.25485450897454653,0.95
seen,ASHP,4,perfect_foresight,seen_test,perfect_foresight,0.2,3,2312,0.2918498269896192,0.0,0.06870261484493072,0.0,0.02395961828436545,3457.6569999999983,0,0,4952,2233,5.684341886080802e-14,0.25485450897454653,0.95
seen,ASHP,10,perfect_foresight,seen_test,perfect_foresight,0.05,1,2400,0.10690710416666664,0.0,0.013699486676706878,0.0,0.007198740297988498,2623.4359,0,0,7691,5072,2.2737367544323206e-13,0.35804533222723206,0.95
seen,ASHP,10,perfect_foresight,seen_test,perfect_foresight,0.05,2,2400,0.12295614583333322,0.0,0.015338239532159226,0.0,0.008197731510737232,3054.9074500000033,0,0,8720,4043,2.2737367544323206e-13,0.35804533222723206,0.95
seen,ASHP,10,perfect_foresight,seen_test,perfect_foresight,0.05,3,2400,0.1270916249999999,0.0,0.015748754286665913,0.0,0.008454939703018739,3176.9027000000015,0,0,8896,3867,2.2737367544323206e-13,0.35804533222723206,0.95
seen,ASHP,10,perfect_foresight,seen_test,perfect_foresight,0.1,1,2400,0.19088824999999995,0.0,0.024569557288878895,0.0,0.01342006465098521,4492.080199999996,0,0,7077,5686,2.2737367544323206e-13,0.35804533222723206,0.95
seen,ASHP,10,perfect_foresight,seen_test,perfect_foresight,0.1,2,2400,0.22251916666666663,0.0,0.02783883054839779,0.0,0.015447322379388737,4989.2336000000005,0,0,7507,5256,2.2737367544323206e-13,0.35804533222723206,0.95
seen,ASHP,10,perfect_foresight,seen_test,perfect_foresight,0.1,3,2400,0.23344224999999993,0.0,0.02896528323248513,0.0,0.0162134386515775,5177.1595000000025,0,0,7581,5182,2.2737367544323206e-13,0.35804533222723206,0.95
seen,ASHP,10,perfect_foresight,seen_test,perfect_foresight,0.15,1,2400,0.2437110833333335,0.0,0.031242076219029212,0.0,0.0175177051535501,5867.672900000006,0,0,6632,6131,2.2737367544323206e-13,0.35804533222723206,0.95
seen,ASHP,10,perfect_foresight,seen_test,perfect_foresight,0.15,2,2400,0.2872422500000003,0.0,0.035951310106053916,0.0,0.02048759898204608,6399.092600000008,0,0,6769,5994,1.1368683772161603e-13,0.35804533222723206,0.95
seen,ASHP,10,perfect_foresight,seen_test,perfect_foresight,0.15,3,2400,0.3055698958333339,0.0,0.037941537254656856,0.0,0.021857277367363395,6614.289150000008,0,0,6745,6018,2.2737367544323206e-13,0.35804533222723206,0.95
seen,ASHP,10,perfect_foresight,seen_test,perfect_foresight,0.2,1,2400,0.2624264166666669,0.0,0.033452648231251804,0.0,0.018941828744829695,6902.335600000021,0,0,6276,6487,2.2737367544323206e-13,0.35804533222723206,0.95
seen,ASHP,10,perfect_foresight,seen_test,perfect_foresight,0.2,2,2400,0.3117504166666673,0.0,0.038883672934982044,0.0,0.02237594393962283,7493.475000000012,0,0,6286,6477,2.2737367544323206e-13,0.35804533222723206,0.95
seen,ASHP,10,perfect_foresight,seen_test,perfect_foresight,0.2,3,2400,0.3320876666666669,0.0,0.041164542902500385,0.0,0.023955446536172834,7716.744800000023,0,0,6161,6602,2.2737367544323206e-13,0.35804533222723206,0.95
seen,GSHP,4,perfect_foresight,seen_test,perfect_foresight,0.05,1,1150,0.06082121739130446,0.0,0.018608714253840378,0.0,0.007605295147120911,436.3753999999989,0,0,2870,203,5.684341886080802e-14,0.26255564077566856,0.95
seen,GSHP,4,perfect_foresight,seen_test,perfect_foresight,0.05,2,1150,0.06195747826086967,0.0,0.01891481786201816,0.0,0.007793962171814082,459.48739999999907,0,0,2992,81,5.684341886080802e-14,0.26255564077566856,0.95
seen,GSHP,4,perfect_foresight,seen_test,perfect_foresight,0.05,3,1150,0.0618558695652175,0.0,0.018885442697042107,0.0,0.007774755427563022,464.38189999999906,0,0,3020,53,5.684341886080802e-14,0.26255564077566856,0.95
seen,GSHP,4,perfect_foresight,seen_test,perfect_foresight,0.1,1,1150,0.11360543478260877,0.0,0.03462650870548685,0.0,0.014692825707969336,841.3858499999983,0,0,2820,253,5.684341886080802e-14,0.26255564077566856,0.95
seen,GSHP,4,perfect_foresight,seen_test,perfect_foresight,0.1,2,1150,0.11705543478260878,0.0,0.03552581539904741,0.0,0.01525224634818365,883.1791499999981,0,0,2910,163,5.684341886080802e-14,0.26255564077566856,0.95
seen,GSHP,4,perfect_foresight,seen_test,perfect_foresight,0.1,3,1150,0.11724208695652186,0.0,0.03557720641609395,0.0,0.015287661638333594,887.837899999998,0,0,2914,159,5.684341886080802e-14,0.26255564077566856,0.95
seen,GSHP,4,perfect_foresight,seen_test,perfect_foresight,0.15,1,1150,0.15336921739130424,0.0,0.046459288588265715,0.0,0.020292728188150515,1205.7251,0,0,2759,314,5.684341886080802e-14,0.26255564077566856,0.95
seen,GSHP,4,perfect_foresight,seen_test,perfect_foresight,0.15,2,1150,0.158957304347826,0.0,0.04796814220489878,0.0,0.021250351981096163,1265.7601500000003,0,0,2811,262,5.684341886080802e-14,0.26255564077566856,0.95
seen,GSHP,4,perfect_foresight,seen_test,perfect_foresight,0.15,3,1150,0.15989830434782604,0.0,0.048209213215984106,0.0,0.02141238345029582,1271.5403500000002,0,0,2809,264,5.684341886080802e-14,0.26255564077566856,0.95
seen,GSHP,4,perfect_foresight,seen_test,perfect_foresight,0.2,1,1150,0.17786613043478214,0.0,0.05361817879086455,0.0,0.023932032631905416,1535.5472499999962,0,0,2711,362,5.684341886080802e-14,0.26255564077566856,0.95
seen,GSHP,4,perfect_foresight,seen_test,perfect_foresight,0.2,2,1150,0.18591543478260839,0.0,0.05578629549539167,0.0,0.025264725291852638,1617.3633999999972,0,0,2751,322,2.842170943040401e-14,0.26255564077566856,0.95
seen,GSHP,4,perfect_foresight,seen_test,perfect_foresight,0.2,3,1150,0.18694204347826066,0.0,0.05602394780546446,0.0,0.02539725676168809,1617.029199999997,0,0,2711,362,5.684341886080802e-14,0.26255564077566856,0.95
seen,GSHP,5,perfect_foresight,seen_test,perfect_foresight,0.05,1,284,0.07491373239436622,0.0,0.021538647161181448,0.0,0.007049539129357601,103.13809999999997,0,0,655,113,5.684341886080802e-14,0.22193947902327368,0.95
seen,GSHP,5,perfect_foresight,seen_test,perfect_foresight,0.05,2,284,0.07767288732394365,0.0,0.022235403456529287,0.0,0.007494934796791807,111.42334999999996,0,0,702,66,2.842170943040401e-14,0.22193947902327368,0.95
seen,GSHP,5,perfect_foresight,seen_test,perfect_foresight,0.05,3,284,0.0777024647887324,0.0,0.02224287251329412,0.0,0.007499935692905074,114.40629999999994,0,0,720,48,2.842170943040401e-14,0.22193947902327368,0.95
seen,GSHP,5,perfect_foresight,seen_test,perfect_foresight,0.1,1,284,0.14632288732394375,0.0,0.04205278383149004,0.0,0.014371170734548204,196.95779999999993,0,0,638,130,2.842170943040401e-14,0.22193947902327368,0.95
seen,GSHP,5,perfect_foresight,seen_test,perfect_foresight,0.1,2,284,0.14914964788732407,0.0,0.04276074928935269,0.0,0.014822903616058704,211.68089999999987,0,0,678,90,5.684341886080802e-14,0.22193947902327368,0.95
seen,GSHP,5,perfect_foresight,seen_test,perfect_foresight,0.1,3,284,0.14937570422535223,0.0,0.04281783422319818,0.0,0.014859936789040218,216.2989999999999,0,0,690,78,2.842170943040401e-14,0.22193947902327368,0.95
seen,GSHP,5,perfect_foresight,seen_test,perfect_foresight,0.15,1,284,0.20285404929577455,0.0,0.05834422710266878,0.0,0.02018975961002657,281.24049999999994,0,0,619,149,2.842170943040401e-14,0.22193947902327368,0.95
seen,GSHP,5,perfect_foresight,seen_test,perfect_foresight,0.15,2,284,0.2088408450704225,0.0,0.05989478812541879,0.0,0.021101762347729095,294.6036,0,0,642,126,2.842170943040401e-14,0.22193947902327368,0.95
seen,GSHP,5,perfect_foresight,seen_test,perfect_foresight,0.15,3,284,0.2081552816901408,0.0,0.05978812215179485,0.0,0.02105079315497589,300.9438999999999,0,0,653,115,2.842170943040401e-14,0.22193947902327368,0.95
seen,GSHP,5,perfect_foresight,seen_test,perfect_foresight,0.2,1,284,0.23506760563380275,0.0,0.06761261343892339,0.0,0.023240597853019882,352.9604000000001,0,0,611,157,2.842170943040401e-14,0.22193947902327368,0.95
seen,GSHP,5,perfect_foresight,seen_test,perfect_foresight,0.2,2,284,0.2429147887323943,0.0,0.0695047448047392,0.0,0.023964219074361637,359.6274000000001,0,0,609,159,2.842170943040401e-14,0.22193947902327368,0.95
seen,GSHP,5,perfect_foresight,seen_test,perfect_foresight,0.2,3,284,0.2488429577464788,0.0,0.07137246432407904,0.0,0.02509123651155911,367.8778000000002,0,0,613,155,2.842170943040401e-14,0.22193947902327368,0.95
seen,mixed,4,perfect_foresight,seen_test,perfect_foresight,0.05,1,1288,0.06083431677018634,0.0,0.017688264541733324,0.0,0.006593009485817985,389.19899999999996,0,0,2495,247,5.684341886080802e-14,0.26130325287621625,0.95
seen,mixed,4,perfect_foresight,seen_test,perfect_foresight,0.05,2,1288,0.06159972826086959,0.0,0.017890361717392965,0.0,0.006706182268060573,414.02075,0,0,2628,114,5.684341886080802e-14,0.26130325287621625,0.95
seen,mixed,4,perfect_foresight,seen_test,perfect_foresight,0.05,3,1288,0.06173059006211183,0.0,0.017921715108005977,0.0,0.0067290623766563164,417.19765,0,0,2634,108,5.684341886080802e-14,0.26130325287621625,0.95
seen,mixed,4,perfect_foresight,seen_test,perfect_foresight,0.1,1,1288,0.11545295031055906,0.0,0.033435910992392896,0.0,0.012884104671746907,735.9052000000003,0,0,2423,319,5.684341886080802e-14,0.26130325287621625,0.95
seen,mixed,4,perfect_foresight,seen_test,perfect_foresight,0.1,2,1288,0.11802445652173925,0.0,0.03410501883096492,0.0,0.013291424897374914,780.1985999999998,0,0,2529,213,5.684341886080802e-14,0.26130325287621625,0.95
seen,mixed,4,perfect_foresight,seen_test,perfect_foresight,0.1,3,1288,0.11884549689440997,0.0,0.03433246389851447,0.0,0.013417093228274463,779.7940000000003,0,0,2499,243,5.684341886080802e-14,0.26130325287621625,0.95
seen,mixed,4,perfect_foresight,seen_test,perfect_foresight,0.15,1,1288,0.15743447204968922,0.0,0.045224296863639865,0.0,0.017813586454162807,1049.816499999999,0,0,2341,401,5.684341886080802e-14,0.26130325287621625,0.95
seen,mixed,4,perfect_foresight,seen_test,perfect_foresight,0.15,2,1288,0.1637336180124221,0.0,0.046882267477174035,0.0,0.018811461701468607,1104.511149999999,0,0,2408,334,5.684341886080802e-14,0.26130325287621625,0.95
seen,mixed,4,perfect_foresight,seen_test,perfect_foresight,0.15,3,1288,0.16545442546583825,0.0,0.0473618340806099,0.0,0.0190722531130686,1100.762899999999,0,0,2380,362,5.684341886080802e-14,0.26130325287621625,0.95
seen,mixed,4,perfect_foresight,seen_test,perfect_foresight,0.2,1,1288,0.1867611801242235,0.0,0.05326449003128964,0.0,0.021083133845298606,1326.5336,0,0,2307,435,5.684341886080802e-14,0.26130325287621625,0.95
seen,mixed,4,perfect_foresight,seen_test,perfect_foresight,0.2,2,1288,0.1982692546583848,0.0,0.056258887763184134,0.0,0.022916319798385477,1395.3200000000008,0,0,2329,413,5.684341886080802e-14,0.26130325287621625,0.95
seen,mixed,4,perfect_foresight,seen_test,perfect_foresight,0.2,3,1288,0.1993695652173911,0.0,0.05660795204346547,0.0,0.023067809652500562,1382.5876000000019,0,0,2286,456,5.684341886080802e-14,0.26130325287621625,0.95
seen,mixed,5,perfect_foresight,seen_test,perfect_foresight,0.05,1,1234,0.06260591572123174,0.0,0.013807487094281375,0.0,0.006561885551246961,612.5002999999998,0,0,2974,1127,1.1368683772161603e-13,0.2969708251748879,0.95
seen,mixed,5,perfect_foresight,seen_test,perfect_foresight,0.05,2,1234,0.06636260129659641,0.0,0.014455151581358381,0.0,0.0069078767342427025,673.4794499999998,0,0,3222,879,1.1368683772161603e-13,0.2969708251748879,0.95
seen,mixed,5,perfect_foresight,seen_test,perfect_foresight,0.05,3,1234,0.06829335494327389,0.0,0.01475618145810498,0.0,0.00708951621005513,695.3635499999997,0,0,3301,800,1.1368683772161603e-13,0.2969708251748879,0.95
seen,mixed,5,perfect_foresight,seen_test,perfect_foresight,0.1,1,1234,0.11732090761750408,0.0,0.025873089146529093,0.0,0.012851239723951094,1098.3806999999993,0,0,2800,1301,5.684341886080802e-14,0.2969708251748879,0.95
seen,mixed,5,perfect_foresight,seen_test,perfect_foresight,0.1,2,1234,0.1238782820097245,0.0,0.027018494172142932,0.0,0.013468607397277246,1163.3620999999994,0,0,2903,1198,5.684341886080802e-14,0.2969708251748879,0.95
seen,mixed,5,perfect_foresight,seen_test,perfect_foresight,0.1,3,1234,0.12702544570502425,0.0,0.02755171508516349,0.0,0.013814563977176135,1193.3884999999998,0,0,2937,1164,1.1368683772161603e-13,0.2969708251748879,0.95
seen,mixed,5,perfect_foresight,seen_test,perfect_foresight,0.15,1,1234,0.15549501620745543,0.0,0.03412399921414889,0.0,0.017604965612370824,1495.4427000000003,0,0,2643,1458,5.684341886080802e-14,0.2969708251748879,0.95
seen,mixed,5,perfect_foresight,seen_test,perfect_foresight,0.15,2,1234,0.16674821717990262,0.0,0.03619376155313761,0.0,0.018771536493716857,1560.4413999999995,0,0,2682,1419,5.684341886080802e-14,0.2969708251748879,0.95
seen,mixed,5,perfect_foresight,seen_test,perfect_foresight,0.15,3,1234,0.1705048622366287,0.0,0.03690719842823664,0.0,0.019220379999478666,1595.1992999999989,0,0,2694,1407,5.684341886080802e-14,0.2969708251748879,0.95
seen,mixed,5,perfect_foresight,seen_test,perfect_foresight,0.2,1,1234,0.17455721231766608,0.0,0.038138505484398524,0.0,0.02014908376610674,1826.3428000000001,0,0,2549,1552,1.1368683772161603e-13,0.2969708251748879,0.95
seen,mixed,5,perfect_foresight,seen_test,perfect_foresight,0.2,2,1234,0.18745445705024313,0.0,0.04053120285848343,0.0,0.021404589943018262,1896.8024,0,0,2536,1565,5.684341886080802e-14,0.2969708251748879,0.95
seen,mixed,5,perfect_foresight,seen_test,perfect_foresight,0.2,3,1234,0.19411701782820098,0.0,0.04181059472609911,0.0,0.022184220874374966,1933.7399999999998,0,0,2526,1575,5.684341886080802e-14,0.2969708251748879,0.95
seen,mixed,10,perfect_foresight,seen_test,perfect_foresight,0.05,1,1620,0.08795182098765435,0.0,0.013249599199836915,0.0,0.006854664439258136,1387.381500000001,0,0,4656,2231,2.2737367544323206e-13,0.3463316087510941,0.95
seen,mixed,10,perfect_foresight,seen_test,perfect_foresight,0.05,2,1620,0.09655774691358017,0.0,0.014301765484019088,0.0,0.007495137204503697,1575.0985500000018,0,0,5150,1737,1.1368683772161603e-13,0.3463316087510941,0.95
seen,mixed,10,perfect_foresight,seen_test,perfect_foresight,0.05,3,1620,0.10125499999999993,0.0,0.014827423239957569,0.0,0.007823032779396114,1620.2700000000018,0,0,5245,1642,1.1368683772161603e-13,0.3463316087510941,0.95
seen,mixed,10,perfect_foresight,seen_test,perfect_foresight,0.1,1,1620,0.1573311111111111,0.0,0.023676011210330656,0.0,0.012760850271042923,2441.058200000003,0,0,4348,2539,1.1368683772161603e-13,0.3463316087510941,0.95
seen,mixed,10,perfect_foresight,seen_test,perfect_foresight,0.1,2,1620,0.17601462962962974,0.0,0.025984333085530255,0.0,0.01420820350094274,2710.7756000000036,0,0,4626,2261,1.1368683772161603e-13,0.3463316087510941,0.95
seen,mixed,10,perfect_foresight,seen_test,perfect_foresight,0.1,3,1620,0.184015987654321,0.0,0.026910582656295146,0.0,0.014806265163929872,2713.967300000002,0,0,4550,2337,1.1368683772161603e-13,0.3463316087510941,0.95
seen,mixed,10,perfect_foresight,seen_test,perfect_foresight,0.15,1,1620,0.2003603086419753,0.0,0.030009655275871155,0.0,0.016621997995365533,3269.2068000000013,0,0,4113,2774,1.1368683772161603e-13,0.3463316087510941,0.95
seen,mixed,10,perfect_foresight,seen_test,perfect_foresight,0.15,2,1620,0.22901123456790115,0.0,0.03364528098798999,0.0,0.018952808287834112,3587.7981999999997,0,0,4269,2618,2.2737367544323206e-13,0.3463316087510941,0.95
seen,mixed,10,perfect_foresight,seen_test,perfect_foresight,0.15,3,1620,0.23835280864197525,0.0,0.03481652952536233,0.0,0.01967541143090289,3553.832349999999,0,0,4136,2751,1.1368683772161603e-13,0.3463316087510941,0.95
seen,mixed,10,perfect_foresight,seen_test,perfect_foresight,0.2,1,1620,0.21673666666666683,0.0,0.03236753411349419,0.0,0.018090539332547662,3934.7491999999984,0,0,3906,2981,2.2737367544323206e-13,0.3463316087510941,0.95
seen,mixed,10,perfect_foresight,seen_test,perfect_foresight,0.2,2,1620,0.25032469135802476,0.0,0.03664439978759399,0.0,0.02087312910399694,4284.666399999999,0,0,4016,2871,1.1368683772161603e-13,0.3463316087510941,0.95
seen,mixed,10,perfect_foresight,seen_test,perfect_foresight,0.2,3,1620,0.2623851851851855,0.0,0.038217921546474715,0.0,0.02186045927785296,4216.101800000003,0,0,3816,3071,1.1368683772161603e-13,0.3463316087510941,0.95
unseen,ASHP,4,perfect_foresight,unseen_test,perfect_foresight,0.05,1,1028,0.03743764591439687,0.0,0.010195063167702757,0.0,0.00474437765551532,187.958,0,0,1087,21,5.684341886080802e-14,0.29562868267857434,0.95
unseen,ASHP,4,perfect_foresight,unseen_test,perfect_foresight,0.05,2,1028,0.03794936770428012,0.0,0.010328776726595695,0.0,0.0048277125416702985,190.51755000000003,0,0,1090,18,5.684341886080802e-14,0.29562868267857434,0.95
unseen,ASHP,4,perfect_foresight,unseen_test,perfect_foresight,0.05,3,1028,0.03794936770428012,0.0,0.010328776726595695,0.0,0.0048277125416702985,191.0088,0,0,1096,12,5.684341886080802e-14,0.29562868267857434,0.95
unseen,ASHP,4,perfect_foresight,unseen_test,perfect_foresight,0.1,1,1028,0.06909649805447461,0.0,0.018752411097951394,0.0,0.009109932758298389,364.5907000000001,0,0,1071,37,5.684341886080802e-14,0.29562868267857434,0.95
unseen,ASHP,4,perfect_foresight,unseen_test,perfect_foresight,0.1,2,1028,0.07126848249027228,0.0,0.019275665833358158,0.0,0.00943899845392838,374.32480000000004,0,0,1077,31,5.684341886080802e-14,0.29562868267857434,0.95
unseen,ASHP,4,perfect_foresight,unseen_test,perfect_foresight,0.1,3,1028,0.07061157587548629,0.0,0.019134215034492235,0.0,0.009359943002444221,373.13800000000015,0,0,1077,31,5.684341886080802e-14,0.29562868267857434,0.95
unseen,ASHP,4,perfect_foresight,unseen_test,perfect_foresight,0.15,1,1028,0.09103881322957205,0.0,0.024638789173173376,0.0,0.012381542997740594,529.6311500000002,0,0,1060,48,5.684341886080802e-14,0.29562868267857434,0.95
unseen,ASHP,4,perfect_foresight,unseen_test,perfect_foresight,0.15,2,1028,0.095898346303502,0.0,0.025797761287288973,0.0,0.013127457402143846,547.3792000000003,0,0,1069,39,2.842170943040401e-14,0.29562868267857434,0.95
unseen,ASHP,4,perfect_foresight,unseen_test,perfect_foresight,0.15,3,1028,0.09565077821011679,0.0,0.0257328464965401,0.0,0.013088125715875722,539.5505499999999,0,0,1055,53,5.684341886080802e-14,0.29562868267857434,0.95
unseen,ASHP,4,perfect_foresight,unseen_test,perfect_foresight,0.2,1,1028,0.10448035019455248,0.0,0.02813814927643744,0.0,0.014529357202928264,674.3328000000001,0,0,1047,61,5.684341886080802e-14,0.29562868267857434,0.95
unseen,ASHP,4,perfect_foresight,unseen_test,perfect_foresight,0.2,2,1028,0.11178112840466922,0.0,0.02988356515728557,0.0,0.015680623817299746,696.1116000000002,0,0,1030,78,5.684341886080802e-14,0.29562868267857434,0.95
unseen,ASHP,4,perfect_foresight,unseen_test,perfect_foresight,0.2,3,1028,0.11107684824902721,0.0,0.029697937623816926,0.0,0.015505816035624299,673.0864,0,0,1003,105,5.684341886080802e-14,0.29562868267857434,0.95
unseen,GSHP,4,perfect_foresight,unseen_test,perfect_foresight,0.05,1,360,0.0817055555555556,0.0,0.01896640826873383,0.0,0.007567879223488047,295.26699999999977,0,0,1780,380,2.842170943040401e-14,0.26496513643952635,0.95
unseen,GSHP,4,perfect_foresight,unseen_test,perfect_foresight,0.05,2,360,0.09274166666666675,0.0,0.021744186046511595,0.0,0.008641340977265778,322.8489999999993,0,0,1920,240,2.842170943040401e-14,0.26496513643952635,0.95
unseen,GSHP,4,perfect_foresight,unseen_test,perfect_foresight,0.05,3,360,0.09274166666666675,0.0,0.021744186046511595,0.0,0.008641340977265778,367.49699999999996,0,0,2140,20,2.842170943040401e-14,0.26496513643952635,0.95
unseen,GSHP,4,perfect_foresight,unseen_test,perfect_foresight,0.1,1,360,0.15305277777777745,0.0,0.035537678787372656,0.0,0.014832955953006217,548.4659999999986,0,0,1740,420,0.0,0.26496513643952635,0.95
unseen,GSHP,4,perfect_foresight,unseen_test,perfect_foresight,0.1,2,360,0.17292777777777793,0.0,0.04056847545219633,0.0,0.01684161285825196,568.3029999999987,0,0,1760,400,2.842170943040401e-14,0.26496513643952635,0.95
unseen,GSHP,4,perfect_foresight,unseen_test,perfect_foresight,0.1,3,360,0.17559444444444458,0.0,0.04118863049095599,0.0,0.01714378242773671,662.8299999999991,0,0,2000,160,0.0,0.26496513643952635,0.95
unseen,GSHP,4,perfect_foresight,unseen_test,perfect_foresight,0.15,1,360,0.17698888888888745,0.0,0.0411574263718391,0.0,0.01746256249322633,737.0739999999963,0,0,1660,500,2.842170943040401e-14,0.26496513643952635,0.95
unseen,GSHP,4,perfect_foresight,unseen_test,perfect_foresight,0.15,2,360,0.22064444444444428,0.0,0.0520102368992798,0.0,0.022329972409769045,765.3299999999975,0,0,1560,600,2.842170943040401e-14,0.26496513643952635,0.95
unseen,GSHP,4,perfect_foresight,unseen_test,perfect_foresight,0.15,3,360,0.24889444444444442,0.0,0.05822865062687348,0.0,0.025483945605319785,906.6629999999984,0,0,1820,340,2.842170943040401e-14,0.26496513643952635,0.95
unseen,GSHP,4,perfect_foresight,unseen_test,perfect_foresight,0.2,1,360,0.14445555555555414,0.0,0.03282409303850574,0.0,0.013705454695610244,867.1439999999953,0,0,1620,540,2.842170943040401e-14,0.26496513643952635,0.95
unseen,GSHP,4,perfect_foresight,unseen_test,perfect_foresight,0.2,2,360,0.2578361111111107,0.0,0.06088343110239829,0.0,0.027333299945557363,928.0709999999985,0,0,1540,620,2.842170943040401e-14,0.26496513643952635,0.95
unseen,GSHP,4,perfect_foresight,unseen_test,perfect_foresight,0.2,3,360,0.30771111111111094,0.0,0.07171149119606424,0.0,0.03308929469084498,1091.616999999997,0,0,1760,400,0.0,0.26496513643952635,0.95
unseen,mixed,4,perfect_foresight,unseen_test,perfect_foresight,0.05,1,1290,0.07583306201550379,0.0,0.020238274166911197,0.0,0.007880096382949694,1071.7852999999989,0,0,6602,1758,5.684341886080802e-14,0.279813349536171,0.95
unseen,mixed,4,perfect_foresight,unseen_test,perfect_foresight,0.05,2,1290,0.09100426356589139,0.0,0.023514421698724548,0.0,0.009379527258965011,1233.0632500000002,0,0,7400,960,5.684341886080802e-14,0.279813349536171,0.95
unseen,mixed,4,perfect_foresight,unseen_test,perfect_foresight,0.05,3,1290,0.0926531782945735,0.0,0.023912266064890143,0.0,0.009607091301370474,1276.4574999999998,0,0,7614,746,5.684341886080802e-14,0.279813349536171,0.95
unseen,mixed,4,perfect_foresight,unseen_test,perfect_foresight,0.1,1,1290,0.13388255813953473,0.0,0.03584424433030899,0.0,0.01431534741228684,1933.7478999999996,0,0,6233,2127,1.1368683772161603e-13,0.279813349536171,0.95
unseen,mixed,4,perfect_foresight,unseen_test,perfect_foresight,0.1,2,1290,0.16639077519379813,0.0,0.04304247531962229,0.0,0.01773675608458688,2219.814699999999,0,0,6859,1501,5.684341886080802e-14,0.279813349536171,0.95
unseen,mixed,4,perfect_foresight,unseen_test,perfect_foresight,0.1,3,1290,0.17464310077519368,0.0,0.045143832383534685,0.0,0.018873845485906524,2299.351100000001,0,0,7008,1352,5.684341886080802e-14,0.279813349536171,0.95
unseen,mixed,4,perfect_foresight,unseen_test,perfect_foresight,0.15,1,1290,0.17022313953488347,0.0,0.04550630397428283,0.0,0.01851971131014494,2645.600400000002,0,0,5917,2443,5.684341886080802e-14,0.279813349536171,0.95
unseen,mixed,4,perfect_foresight,unseen_test,perfect_foresight,0.15,2,1290,0.22050503875968963,0.0,0.05695536728845376,0.0,0.02404673173979859,3010.6100499999984,0,0,6410,1950,5.684341886080802e-14,0.279813349536171,0.95
unseen,mixed,4,perfect_foresight,unseen_test,perfect_foresight,0.15,3,1290,0.2399583720930232,0.0,0.06197583257071995,0.0,0.02676940430079005,3056.2851000000005,0,0,6415,1945,5.684341886080802e-14,0.279813349536171,0.95
unseen,mixed,4,perfect_foresight,unseen_test,perfect_foresight,0.2,1,1290,0.1872220155038757,0.0,0.0500315288148777,0.0,0.0205084109597058,3241.029800000003,0,0,5698,2662,5.684341886080802e-14,0.279813349536171,0.95
unseen,mixed,4,perfect_foresight,unseen_test,perfect_foresight,0.2,2,1290,0.2574638759689918,0.0,0.06638441930690643,0.0,0.02862339873461453,3628.8975999999993,0,0,5989,2371,5.684341886080802e-14,0.279813349536171,0.95
unseen,mixed,4,perfect_foresight,unseen_test,perfect_foresight,0.2,3,1290,0.28349054263565876,0.0,0.07306716598077223,0.0,0.03227131564468289,3628.922000000002,0,0,5884,2476,5.684341886080802e-14,0.279813349536171,0.95
unseen,mixed,5,perfect_foresight,unseen_test,perfect_foresight,0.05,1,578,0.07896807958477507,0.0,0.016826991649915548,0.0,0.007273394206840615,313.5009499999998,0,0,1506,170,5.684341886080802e-14,0.28641329423382655,0.95
unseen,mixed,5,perfect_foresight,unseen_test,perfect_foresight,0.05,2,578,0.08304506920415224,0.0,0.017549033966463193,0.0,0.007631122914387409,336.9452999999997,0,0,1577,99,5.684341886080802e-14,0.28641329423382655,0.95
unseen,mixed,5,perfect_foresight,unseen_test,perfect_foresight,0.05,3,578,0.08304506920415224,0.0,0.017549033966463193,0.0,0.007631122914387409,340.4800999999997,0,0,1585,91,5.684341886080802e-14,0.28641329423382655,0.95
unseen,mixed,5,perfect_foresight,unseen_test,perfect_foresight,0.1,1,578,0.14506643598615912,0.0,0.030866093034169578,0.0,0.013830030085273294,564.2829999999994,0,0,1408,268,5.684341886080802e-14,0.28641329423382655,0.95
unseen,mixed,5,perfect_foresight,unseen_test,perfect_foresight,0.1,2,578,0.16022577854671274,0.0,0.03371023908834884,0.0,0.015378064449394229,616.8761999999994,0,0,1482,194,5.684341886080802e-14,0.28641329423382655,0.95
unseen,mixed,5,perfect_foresight,unseen_test,perfect_foresight,0.1,3,578,0.16066245674740484,0.0,0.03378316821058382,0.0,0.015425354653817091,618.1629999999997,0,0,1472,204,5.684341886080802e-14,0.28641329423382655,0.95
unseen,mixed,5,perfect_foresight,unseen_test,perfect_foresight,0.15,1,578,0.1925109861591695,0.0,0.040872358410100236,0.0,0.018850951841279093,762.8286500000003,0,0,1325,351,1.1368683772161603e-13,0.28641329423382655,0.95
unseen,mixed,5,perfect_foresight,unseen_test,perfect_foresight,0.15,2,578,0.220579757785467,0.0,0.0461485466271827,0.0,0.021920955819994765,850.90635,0,0,1404,272,5.684341886080802e-14,0.28641329423382655,0.95
unseen,mixed,5,perfect_foresight,unseen_test,perfect_foresight,0.15,3,578,0.22560717993079585,0.0,0.047130070184951495,0.0,0.022514825490460726,843.6611999999999,0,0,1373,303,5.684341886080802e-14,0.28641329423382655,0.95
unseen,mixed,5,perfect_foresight,unseen_test,perfect_foresight,0.2,1,578,0.21642283737024218,0.0,0.04575536124208776,0.0,0.02153283655936547,929.7218000000007,0,0,1256,420,5.684341886080802e-14,0.28641329423382655,0.95
unseen,mixed,5,perfect_foresight,unseen_test,perfect_foresight,0.2,2,578,0.2558238754325259,0.0,0.0532326808963797,0.0,0.0259554322729595,1039.7114000000001,0,0,1323,353,1.1368683772161603e-13,0.28641329423382655,0.95
unseen,mixed,5,perfect_foresight,unseen_test,perfect_foresight,0.2,3,578,0.261856401384083,0.0,0.054430317266179605,0.0,0.026680912300438845,1020.0796000000005,0,0,1273,403,5.684341886080802e-14,0.28641329423382655,0.95
seen,ASHP,4,persistence,seen_test,reference_no_forecast,0.0,0,2312,0.0,0.0,0.0,0.0,0.0,0.0,1272,0,0,0,0.0,0.25485450897454653,0.9
seen,ASHP,4,persistence,seen_test,median,0.05,1,2312,0.0,0.0,0.0,0.0,0.0,0.0,1131,2,0,13585,0.0,0.25485450897454653,0.9
seen,ASHP,4,persistence,seen_test,median,0.05,2,2312,0.0,0.0,0.0,0.0,0.0,0.0,1131,2,0,13585,0.0,0.25485450897454653,0.9
seen,ASHP,4,persistence,seen_test,median,0.05,3,2312,0.0,0.0,0.0,0.0,0.0,0.0,1131,2,0,13585,0.0,0.25485450897454653,0.9
seen,ASHP,4,persistence,seen_test,median,0.1,1,2312,0.0,0.0,0.0,0.0,0.0,0.0,1131,2,0,13585,0.0,0.25485450897454653,0.9
seen,ASHP,4,persistence,seen_test,median,0.1,2,2312,0.0,0.0,0.0,0.0,0.0,0.0,1131,2,0,13585,0.0,0.25485450897454653,0.9
seen,ASHP,4,persistence,seen_test,median,0.1,3,2312,0.0,0.0,0.0,0.0,0.0,0.0,1131,2,0,13585,0.0,0.25485450897454653,0.9
seen,ASHP,4,persistence,seen_test,median,0.15,1,2312,0.0,0.0,0.0,0.0,0.0,0.0,1131,2,0,13585,0.0,0.25485450897454653,0.9
seen,ASHP,4,persistence,seen_test,median,0.15,2,2312,0.0,0.0,0.0,0.0,0.0,0.0,1131,2,0,13585,0.0,0.25485450897454653,0.9
seen,ASHP,4,persistence,seen_test,median,0.15,3,2312,0.0,0.0,0.0,0.0,0.0,0.0,1131,2,0,13585,0.0,0.25485450897454653,0.9
seen,ASHP,4,persistence,seen_test,median,0.2,1,2312,0.0,0.0,0.0,0.0,0.0,0.0,1131,2,0,13585,0.0,0.25485450897454653,0.9
seen,ASHP,4,persistence,seen_test,median,0.2,2,2312,0.0,0.0,0.0,0.0,0.0,0.0,1131,2,0,13585,0.0,0.25485450897454653,0.9
seen,ASHP,4,persistence,seen_test,median,0.2,3,2312,0.0,0.0,0.0,0.0,0.0,0.0,1131,2,0,13585,0.0,0.25485450897454653,0.9
seen,ASHP,4,persistence,seen_test,conformal_upper_bound,0.05,1,2312,0.005635921280276818,0.0,0.001556112714174664,-0.18199999999999994,0.00036005685138057025,757.9573,417,288,7095,45985,5.684341886080802e-14,0.25485450897454653,0.9
seen,ASHP,4,persistence,seen_test,conformal_upper_bound,0.05,2,2312,0.007729930795847754,0.0,0.0021615938728595696,-0.2923,0.000520190290857687,904.6280500000004,417,288,7931,45149,5.684341886080802e-14,0.25485450897454653,0.9
seen,ASHP,4,persistence,seen_test,conformal_upper_bound,0.05,3,2312,0.006866976643598612,0.0,0.0018568968211284287,-0.49899999999999967,0.000441448123321784,844.6428499999994,417,288,7507,45573,1.1368683772161603e-13,0.25485450897454653,0.9
seen,ASHP,4,persistence,seen_test,conformal_upper_bound,0.1,1,2312,0.008360899653979242,0.0,0.0022144606506891095,-0.3027000000000002,0.0004603316133261831,1111.9345999999996,417,288,6572,46508,5.684341886080802e-14,0.25485450897454653,0.9
seen,ASHP,4,persistence,seen_test,conformal_upper_bound,0.1,2,2312,0.01024182525951557,0.0,0.002647096228002811,-0.5474000000000001,0.0005364317038734248,1333.129099999999,417,288,7088,45992,5.684341886080802e-14,0.25485450897454653,0.9
seen,ASHP,4,persistence,seen_test,conformal_upper_bound,0.1,3,2312,0.008214230103806232,0.0,0.0021755174918462856,-0.5364,0.0004193491530918161,1080.8024999999993,417,288,5988,47092,1.1368683772161603e-13,0.25485450897454653,0.9
seen,ASHP,4,persistence,seen_test,conformal_upper_bound,0.15,1,2312,0.009400324394463666,0.0,0.002351811602694482,-0.4294500000000001,0.0004293176124405191,1330.1013499999985,417,288,6391,46689,5.684341886080802e-14,0.25485450897454653,0.9
seen,ASHP,4,persistence,seen_test,conformal_upper_bound,0.15,2,2312,0.011266414359861589,0.0,0.0027491185723057614,-0.629,0.00047673780926402875,1584.8651499999996,417,288,6556,46524,5.684341886080802e-14,0.25485450897454653,0.9
seen,ASHP,4,persistence,seen_test,conformal_upper_bound,0.15,3,2312,0.009923637543252596,0.0,0.0025220253739906473,-0.8045999999999998,0.0004369748187001757,1194.8633999999995,417,288,5221,47859,1.1368683772161603e-13,0.25485450897454653,0.9
seen,ASHP,4,persistence,seen_test,conformal_upper_bound,0.2,1,2312,0.009453979238754327,0.0,0.002165682615152397,-0.5726,0.0003470438467595031,1457.8835999999994,417,288,6382,46698,5.684341886080802e-14,0.25485450897454653,0.9
seen,ASHP,4,persistence,seen_test,conformal_upper_bound,0.2,2,2312,0.011285380622837366,0.0,0.0025008443749595932,-0.6289999999999996,0.00034530380536142364,1754.915199999998,417,288,6246,46834,5.684341886080802e-14,0.25485450897454653,0.9
seen,ASHP,4,persistence,seen_test,conformal_upper_bound,0.2,3,2312,0.010854930795847748,0.0,0.00268913819152797,-0.9269999999999996,0.0004495889535350032,1241.125400000001,417,288,4878,48202,1.1368683772161603e-13,0.25485450897454653,0.9
seen,ASHP,4,seasonal_daily,seen_test,reference_no_forecast,0.0,0,2312,0.0,0.0,0.0,0.0,0.0,0.0,1272,0,0,0,0.0,0.25485450897454653,0.9
seen,ASHP,4,seasonal_daily,seen_test,median,0.05,1,2312,0.037415311418685065,0.0,0.009394081832654751,-0.7081499999999998,0.0020499480400729612,1607.4689499999997,196,185,10327,3157,1.1368683772161603e-13,0.25485450897454653,0.9
seen,ASHP,4,seasonal_daily,seen_test,median,0.05,2,2312,0.04354950259515568,0.0,0.010676815180165982,-1.06365,0.0025775508280166024,1841.7404499999989,196,185,11484,2000,1.1368683772161603e-13,0.25485450897454653,0.9
seen,ASHP,4,seasonal_daily,seen_test,median,0.05,3,2312,0.04576297577854672,0.0,0.011196887057653952,-1.06365,0.0027823701484721375,1901.805599999999,196,185,11758,1726,1.1368683772161603e-13,0.25485450897454653,0.9
seen,ASHP,4,seasonal_daily,seen_test,median,0.1,1,2312,0.05276877162629758,0.0,0.0130114022422389,-1.0870000000000006,0.0020833257940206743,2935.4415999999974,196,185,9838,3646,1.1368683772161603e-13,0.25485450897454653,0.9
seen,ASHP,4,seasonal_daily,seen_test,median,0.1,2,2312,0.0689016003460207,0.0,0.016338922457740858,-1.5646000000000013,0.0034261270266602436,3305.606299999995,196,185,10639,2845,5.684341886080802e-14,0.25485450897454653,0.9
seen,ASHP,4,seasonal_daily,seen_test,median,0.1,3,2312,0.07276167820069199,0.0,0.01734471669815024,-1.5646000000000013,0.0038561142079943673,3343.5202999999974,196,185,10641,2843,1.1368683772161603e-13,0.25485450897454653,0.9
seen,ASHP,4,seasonal_daily,seen_test,median,0.15,1,2312,0.06095237889273345,0.0,0.014721009185071977,-1.5126,0.0017458079012146813,4021.591349999997,196,185,9472,4012,5.684341886080802e-14,0.25485450897454653,0.9
seen,ASHP,4,seasonal_daily,seen_test,median,0.15,2,2312,0.07585105968858141,0.0,0.017189958898715944,-2.3468999999999998,0.002736419236294215,4448.800249999995,196,185,9935,3549,1.1368683772161603e-13,0.25485450897454653,0.9
seen,ASHP,4,seasonal_daily,seen_test,median,0.15,3,2312,0.07853948961937725,0.0,0.017737287286332646,-2.3468999999999998,0.0031069827606809235,4452.7648999999965,196,185,9746,3738,1.1368683772161603e-13,0.25485450897454653,0.9
seen,ASHP,4,seasonal_daily,seen_test,median,0.2,1,2312,0.06340666089965398,0.0,0.014738988461249963,-2.016800000000001,0.0011294303498027287,4903.476800000004,196,185,9029,4455,5.684341886080802e-14,0.25485450897454653,0.9
seen,ASHP,4,seasonal_daily,seen_test,median,0.2,2,2312,0.0765164359861593,0.0,0.016266149991714586,-2.4730000000000008,0.0016580398935106637,5360.830599999997,196,185,9319,4165,1.1368683772161603e-13,0.25485450897454653,0.9
seen,ASHP,4,seasonal_daily,seen_test,median,0.2,3,2312,0.07894852941176478,0.0,0.016311573392210323,-2.4730000000000008,0.002070149813095936,5289.757000000001,196,185,8995,4489,1.1368683772161603e-13,0.25485450897454653,0.9
seen,ASHP,4,seasonal_daily,seen_test,conformal_upper_bound,0.05,1,2312,0.04398479671280277,0.0,0.013237630720339037,-0.7878999999999996,0.0019103852522246406,3766.188349999999,13,529,24807,14030,5.684341886080802e-14,0.25485450897454653,0.9
seen,ASHP,4,seasonal_daily,seen_test,conformal_upper_bound,0.05,2,2312,0.061612781141868606,0.0,0.01734779718754222,-1.3153999999999995,0.002925598877460972,4527.787250000009,13,529,28654,10183,5.684341886080802e-14,0.25485450897454653,0.9
seen,ASHP,4,seasonal_daily,seen_test,conformal_upper_bound,0.05,3,2312,0.06259558823529417,0.0,0.017006442863559405,-1.3153999999999995,0.0028834894149502572,4738.461250000002,13,529,29556,9281,1.1368683772161603e-13,0.25485450897454653,0.9
seen,ASHP,4,seasonal_daily,seen_test,conformal_upper_bound,0.1,1,2312,0.05871730103806231,0.0,0.016888217592018476,-1.575800000000001,0.0010131938389555408,6440.643099999995,13,529,22889,15948,5.684341886080802e-14,0.25485450897454653,0.9
seen,ASHP,4,seasonal_daily,seen_test,conformal_upper_bound,0.1,2,2312,0.08418144463667811,0.0,0.022661292060001757,-1.633000000000001,0.0022562147148067545,7343.335100000002,13,529,24873,13964,5.684341886080802e-14,0.25485450897454653,0.9
seen,ASHP,4,seasonal_daily,seen_test,conformal_upper_bound,0.1,3,2312,0.08752690311418673,0.0,0.022322136596274078,-1.633000000000001,0.0024073838265400442,7255.8514999999925,13,529,24045,14792,5.684341886080802e-14,0.25485450897454653,0.9
seen,ASHP,4,seasonal_daily,seen_test,conformal_upper_bound,0.15,1,2312,0.0594130406574395,0.0,0.01562687876303194,-1.6329999999999991,-0.0007712167885911858,8333.576550000007,13,529,21416,17421,5.684341886080802e-14,0.25485450897454653,0.9
seen,ASHP,4,seasonal_daily,seen_test,conformal_upper_bound,0.15,2,2312,0.09823866782006922,0.0,0.02510487694139351,-1.6329999999999991,0.0012565079964078794,9038.848999999997,13,529,21886,16951,5.684341886080802e-14,0.25485450897454653,0.9
seen,ASHP,4,seasonal_daily,seen_test,conformal_upper_bound,0.15,3,2312,0.09815813148788922,0.0,0.02307194195116172,-1.6329999999999991,0.0012187664899911228,8700.604500000007,13,529,20505,18332,5.684341886080802e-14,0.25485450897454653,0.9
seen,ASHP,4,seasonal_daily,seen_test,conformal_upper_bound,0.2,1,2312,0.0572210207612457,0.0,0.01341677040517954,-1.633,-0.002092865214861201,9594.144199999982,13,529,20243,18594,5.684341886080802e-14,0.25485450897454653,0.9
seen,ASHP,4,seasonal_daily,seen_test,conformal_upper_bound,0.2,2,2312,0.10295198961937731,0.0,0.02488118492726858,-1.6700000000000008,0.0001474442470752995,10114.150199999991,13,529,19821,19016,5.684341886080802e-14,0.25485450897454653,0.9
seen,ASHP,4,seasonal_daily,seen_test,conformal_upper_bound,0.2,3,2312,0.09819844290657441,0.0,0.020963774128810536,-1.6700000000000008,-5.991287887671373e-05,9593.47499999999,13,529,18249,20588,5.684341886080802e-14,0.25485450897454653,0.9
seen,ASHP,4,seasonal_weekly,seen_test,reference_no_forecast,0.0,0,2312,0.0,0.0,0.0,0.0,0.0,0.0,1272,0,0,0,0.0,0.25485450897454653,0.9
seen,ASHP,4,seasonal_weekly,seen_test,median,0.05,1,2312,0.03695060553633213,0.0,0.009278325867202774,-0.5008499999999989,0.0018848052011279479,1548.8933499999998,208,184,10049,4129,1.1368683772161603e-13,0.25485450897454653,0.9
seen,ASHP,4,seasonal_weekly,seen_test,median,0.05,2,2312,0.04592666522491345,0.0,0.01123734706802994,-0.71,0.0025991546605968548,1755.0612499999988,208,184,11014,3164,1.1368683772161603e-13,0.25485450897454653,0.9
seen,ASHP,4,seasonal_weekly,seen_test,median,0.05,3,2312,0.045601557093425546,0.0,0.010909059950837501,-0.71,0.002494353819021224,1808.0159999999994,208,184,11235,2943,1.1368683772161603e-13,0.25485450897454653,0.9
seen,ASHP,4,seasonal_weekly,seen_test,median,0.1,1,2312,0.05735445501730092,0.0,0.014150058014061054,-0.7850000000000001,0.0023669715568397824,2812.531399999998,208,184,9561,4617,1.1368683772161603e-13,0.25485450897454653,0.9
seen,ASHP,4,seasonal_weekly,seen_test,median,0.1,2,2312,0.06766076989619361,0.0,0.01601270418153608,-1.3508000000000004,0.0030438989756273486,3118.535699999994,208,184,10169,4009,1.1368683772161603e-13,0.25485450897454653,0.9
seen,ASHP,4,seasonal_weekly,seen_test,median,0.1,3,2312,0.0661262975778545,0.0,0.01545805817540967,-1.0635999999999992,0.002758931313842944,3140.0127999999927,208,184,10108,4070,5.684341886080802e-14,0.25485450897454653,0.9
seen,ASHP,4,seasonal_weekly,seen_test,median,0.15,1,2312,0.06535410899653978,0.0,0.01585230703339128,-1.1790499999999997,0.002012127433428783,3847.9793499999923,208,184,9195,4983,1.1368683772161603e-13,0.25485450897454653,0.9
seen,ASHP,4,seasonal_weekly,seen_test,median,0.15,2,2312,0.07333674307958477,0.0,0.01631555417295476,-1.851,0.00225240505434344,4190.33485,208,184,9447,4731,1.1368683772161603e-13,0.25485450897454653,0.9
seen,ASHP,4,seasonal_weekly,seen_test,median,0.15,3,2312,0.06659894031141876,0.0,0.014329981782294754,-1.5953999999999997,0.0014070972527943473,4159.015549999999,208,184,9246,4932,1.1368683772161603e-13,0.25485450897454653,0.9
seen,ASHP,4,seasonal_weekly,seen_test,median,0.2,1,2312,0.06557923875432524,0.0,0.015326552307042336,-1.3514,0.001150868164885691,4693.541199999996,208,184,8875,5303,1.1368683772161603e-13,0.25485450897454653,0.9
seen,ASHP,4,seasonal_weekly,seen_test,median,0.2,2,2312,0.07172404844290652,0.0,0.014871724246475383,-1.851,0.000996797983786828,5031.9667999999965,208,184,8899,5279,5.684341886080802e-14,0.25485450897454653,0.9
seen,ASHP,4,seasonal_weekly,seen_test,median,0.2,3,2312,0.057335207612456744,0.0,0.010236810346328,-1.851,-0.0005370275049798689,4945.393799999997,208,184,8604,5574,1.1368683772161603e-13,0.25485450897454653,0.9
seen,ASHP,4,seasonal_weekly,seen_test,conformal_upper_bound,0.05,1,2312,0.05039080882352936,0.0,0.01592172284731359,-0.7770000000000001,0.0025685236329433107,4047.6748000000007,9,604,27001,17453,1.1368683772161603e-13,0.25485450897454653,0.9
seen,ASHP,4,seasonal_weekly,seen_test,conformal_upper_bound,0.05,2,2312,0.06823012543252589,0.0,0.01982050577251503,-0.9140000000000006,0.0035189062083835305,4802.8,9,604,30655,13799,1.1368683772161603e-13,0.25485450897454653,0.9
seen,ASHP,4,seasonal_weekly,seen_test,conformal_upper_bound,0.05,3,2312,0.06532951989619373,0.0,0.018285761712947903,-0.9139999999999988,0.0031018154136843532,4940.120850000005,9,604,31011,13443,1.1368683772161603e-13,0.25485450897454653,0.9
seen,ASHP,4,seasonal_weekly,seen_test,conformal_upper_bound,0.1,1,2312,0.06923200692041516,0.0,0.020952574900649015,-1.0120000000000005,0.0024366927469884263,6822.81979999999,9,604,24894,19560,1.1368683772161603e-13,0.25485450897454653,0.9
seen,ASHP,4,seasonal_weekly,seen_test,conformal_upper_bound,0.1,2,2312,0.09488442906574374,0.0,0.026178046571450873,-1.2379,0.003127142290744201,7632.581499999999,9,604,26296,18158,1.1368683772161603e-13,0.25485450897454653,0.9
seen,ASHP,4,seasonal_weekly,seen_test,conformal_upper_bound,0.1,3,2312,0.09075181660899649,0.0,0.02366100141334028,-1.2379,0.002466194918674935,7487.1825999999965,9,604,25254,19200,5.684341886080802e-14,0.25485450897454653,0.9
seen,ASHP,4,seasonal_weekly,seen_test,conformal_upper_bound,0.15,1,2312,0.0720316392733564,0.0,0.020187812381942585,-1.2499999999999996,0.0011817887031416148,8657.969650000014,9,604,23148,21306,1.1368683772161603e-13,0.25485450897454653,0.9
seen,ASHP,4,seasonal_weekly,seen_test,conformal_upper_bound,0.15,2,2312,0.11112718425605535,0.0,0.028661142695055167,-1.4039999999999997,0.0022753842791677415,9289.46299999998,9,604,23076,21378,1.1368683772161603e-13,0.25485450897454653,0.9
seen,ASHP,4,seasonal_weekly,seen_test,conformal_upper_bound,0.15,3,2312,0.10200622837370239,0.0,0.023526867966593947,-1.6342499999999998,0.0012637603530143112,8863.040399999993,9,604,21368,23086,1.1368683772161603e-13,0.25485450897454653,0.9
seen,ASHP,4,seasonal_weekly,seen_test,conformal_upper_bound,0.2,1,2312,0.06695752595155709,0.0,0.016905006007285523,-1.4700000000000006,-0.00022271143675441982,9843.602399999998,9,604,21764,22690,1.1368683772161603e-13,0.25485450897454653,0.9
seen,ASHP,4,seasonal_weekly,seen_test,conformal_upper_bound,0.2,2,2312,0.11555415224913512,0.0,0.0277012978520176,-1.4700000000000006,0.0014644960240037892,10311.62059999998,9,604,20906,23548,1.1368683772161603e-13,0.25485450897454653,0.9
seen,ASHP,4,seasonal_weekly,seen_test,conformal_upper_bound,0.2,3,2312,0.09972517301038067,0.0,0.01944935828415357,-1.6840000000000002,3.033644868118572e-06,9635.898599999984,9,604,18914,25540,1.1368683772161603e-13,0.25485450897454653,0.9
seen,ASHP,4,elastic_net,seen_test,reference_no_forecast,0.0,0,2312,0.0,0.0,0.0,0.0,0.0,0.0,1272,0,0,0,0.0,0.25485450897454653,0.9
seen,ASHP,4,elastic_net,seen_test,median,0.05,1,2312,-1.8888200028718567e-05,0.0,-3.331239732995636e-06,-0.03002030118228749,-1.4634420632766901e-06,3.5198620038515167,1212,0,147,3483,5.684341886080802e-14,0.25485450897454653,0.9
seen,ASHP,4,elastic_net,seen_test,median,0.05,2,2312,2.3453641082352027e-06,0.0,3.1108365796475754e-07,-0.03002030118228749,2.224840330728798e-07,13.106500788221895,1212,0,266,3364,5.684341886080802e-14,0.25485450897454653,0.9
seen,ASHP,4,elastic_net,seen_test,median,0.05,3,2312,1.4588455966345918e-05,0.0,9.843239653464014e-07,-0.12893071647783216,-7.080133778881614e-07,25.654987346844024,1212,0,363,3267,5.684341886080802e-14,0.25485450897454653,0.9
seen,ASHP,4,elastic_net,seen_test,median,0.1,1,2312,-1.8888200028718567e-05,0.0,-3.331239732995636e-06,-0.03002030118228749,-1.4634420632766901e-06,3.5198620038515167,1212,0,147,3483,5.684341886080802e-14,0.25485450897454653,0.9
seen,ASHP,4,elastic_net,seen_test,median,0.1,2,2312,2.3453641082352027e-06,0.0,3.1108365796475754e-07,-0.03002030118228749,2.224840330728798e-07,13.270878868780269,1212,0,266,3364,5.684341886080802e-14,0.25485450897454653,0.9
seen,ASHP,4,elastic_net,seen_test,median,0.1,3,2312,-3.3206951020394083e-06,0.0,-2.6758336206714454e-06,-0.17033667374793904,-2.714051722703368e-06,27.865501184248338,1212,0,363,3267,5.684341886080802e-14,0.25485450897454653,0.9
seen,ASHP,4,elastic_net,seen_test,median,0.15,1,2312,-1.8888200028718567e-05,0.0,-3.331239732995636e-06,-0.03002030118228749,-1.4634420632766901e-06,3.5198620038515167,1212,0,147,3483,5.684341886080802e-14,0.25485450897454653,0.9
seen,ASHP,4,elastic_net,seen_test,median,0.15,2,2312,2.3453641082352027e-06,0.0,3.1108365796475754e-07,-0.03002030118228749,2.224840330728798e-07,13.270878868780269,1212,0,266,3364,5.684341886080802e-14,0.25485450897454653,0.9
seen,ASHP,4,elastic_net,seen_test,median,0.15,3,2312,-3.3206951020394083e-06,0.0,-2.6758336206714454e-06,-0.17033667374793904,-2.714051722703368e-06,27.865501184248338,1212,0,363,3267,5.684341886080802e-14,0.25485450897454653,0.9
seen,ASHP,4,elastic_net,seen_test,median,0.2,1,2312,-1.8888200028718567e-05,0.0,-3.331239732995636e-06,-0.03002030118228749,-1.4634420632766901e-06,3.5198620038515167,1212,0,147,3483,5.684341886080802e-14,0.25485450897454653,0.9
seen,ASHP,4,elastic_net,seen_test,median,0.2,2,2312,2.3453641082352027e-06,0.0,3.1108365796475754e-07,-0.03002030118228749,2.224840330728798e-07,13.270878868780269,1212,0,266,3364,5.684341886080802e-14,0.25485450897454653,0.9
seen,ASHP,4,elastic_net,seen_test,median,0.2,3,2312,-3.3206951020394083e-06,0.0,-2.6758336206714454e-06,-0.17033667374793904,-2.714051722703368e-06,27.865501184248338,1212,0,363,3267,5.684341886080802e-14,0.25485450897454653,0.9
seen,ASHP,4,elastic_net,seen_test,conformal_upper_bound,0.05,1,2312,0.006420522705923507,0.0,0.001602758345936052,-0.2829838743693087,0.0005134020121143846,915.8023263738845,354,127,8068,21776,5.684341886080802e-14,0.25485450897454653,0.9
seen,ASHP,4,elastic_net,seen_test,conformal_upper_bound,0.05,2,2312,0.010759758049896255,0.0,0.002569872234278216,-0.3605257696439206,0.0008277572105327205,1100.9876261397117,354,127,9192,20652,5.684341886080802e-14,0.25485450897454653,0.9
seen,ASHP,4,elastic_net,seen_test,conformal_upper_bound,0.05,3,2312,0.009707631274509895,0.0,0.002397758425561233,-0.5344190515483169,0.000822659106021292,1105.3048573091855,354,127,9233,20611,5.684341886080802e-14,0.25485450897454653,0.9
seen,ASHP,4,elastic_net,seen_test,conformal_upper_bound,0.1,1,2312,0.007592717587005098,0.0,0.0017360486587355073,-0.30412405703992285,0.0005275362566624015,1440.992537941366,354,127,7715,22129,5.684341886080802e-14,0.25485450897454653,0.9
seen,ASHP,4,elastic_net,seen_test,conformal_upper_bound,0.1,2,2312,0.014212184435742932,0.0,0.003193249552307149,-0.5562872846012126,0.0010219289383169392,1653.1748642345822,354,127,8047,21797,5.684341886080802e-14,0.25485450897454653,0.9
seen,ASHP,4,elastic_net,seen_test,conformal_upper_bound,0.1,3,2312,0.008846314670843451,0.0,0.002016274995041749,-0.5529583782916747,0.000657998566951942,1481.8340919163238,354,127,7385,22459,5.684341886080802e-14,0.25485450897454653,0.9
seen,ASHP,4,elastic_net,seen_test,conformal_upper_bound,0.15,1,2312,0.006760228705171364,0.0,0.001264616370232951,-0.43217734414450026,0.00032744319638503255,1771.2590986520509,354,127,7616,22228,5.684341886080802e-14,0.25485450897454653,0.9
seen,ASHP,4,elastic_net,seen_test,conformal_upper_bound,0.15,2,2312,0.013755108317600547,0.0,0.002831033711679999,-0.6357489404153838,0.0008632242820159986,1975.4396046996205,354,127,7520,22324,5.684341886080802e-14,0.25485450897454653,0.9
seen,ASHP,4,elastic_net,seen_test,conformal_upper_bound,0.15,3,2312,0.007624736250709796,0.0,0.0014266814116372917,-0.6534003246088651,0.0004453058949350655,1641.0086856270266,354,127,6514,23330,5.684341886080802e-14,0.25485450897454653,0.9
seen,ASHP,4,elastic_net,seen_test,conformal_upper_bound,0.2,1,2312,0.005703380884690262,0.0,0.0007391004756155217,-0.5425419753620733,0.00011658391752013347,1954.916461772365,354,127,7615,22229,5.684341886080802e-14,0.25485450897454653,0.9
seen,ASHP,4,elastic_net,seen_test,conformal_upper_bound,0.2,2,2312,0.012380683604093098,0.0,0.0022546922179151794,-0.6357489404153838,0.0006449326349732027,2150.187500344155,354,127,7184,22660,5.684341886080802e-14,0.25485450897454653,0.9
seen,ASHP,4,elastic_net,seen_test,conformal_upper_bound,0.2,3,2312,0.006874453905049758,0.0,0.0011294987048812294,-0.5624419388215784,0.00033901089850112587,1699.4142796995568,354,127,6050,23794,5.684341886080802e-14,0.25485450897454653,0.9
seen,ASHP,4,lightgbm,seen_test,reference_no_forecast,0.0,0,2312,0.0,0.0,0.0,0.0,0.0,0.0,1272,0,0,0,0.0,0.25485450897454653,0.9
seen,ASHP,4,lightgbm,seen_test,median,0.05,1,2312,0.0,0.0,0.0,0.0,0.0,0.8208204928393428,1269,0,10,73,5.684341886080802e-14,0.25485450897454653,0.9
seen,ASHP,4,lightgbm,seen_test,median,0.05,2,2312,0.0,0.0,0.0,0.0,0.0,2.387147872215262,1269,0,22,61,5.684341886080802e-14,0.25485450897454653,0.9
seen,ASHP,4,lightgbm,seen_test,median,0.05,3,2312,0.0,0.0,0.0,0.0,0.0,3.675085404937769,1269,0,31,52,0.0,0.25485450897454653,0.9
seen,ASHP,4,lightgbm,seen_test,median,0.1,1,2312,0.0,0.0,0.0,0.0,0.0,1.0565270498777477,1269,0,10,73,5.684341886080802e-14,0.25485450897454653,0.9
seen,ASHP,4,lightgbm,seen_test,median,0.1,2,2312,0.0,0.0,0.0,0.0,0.0,3.8660607343449227,1269,0,22,61,5.684341886080802e-14,0.25485450897454653,0.9
seen,ASHP,4,lightgbm,seen_test,median,0.1,3,2312,0.0,0.0,0.0,0.0,0.0,5.6232179200054375,1269,0,28,55,0.0,0.25485450897454653,0.9
seen,ASHP,4,lightgbm,seen_test,median,0.15,1,2312,0.0,0.0,0.0,0.0,0.0,1.060540099034645,1269,0,10,73,5.684341886080802e-14,0.25485450897454653,0.9
seen,ASHP,4,lightgbm,seen_test,median,0.15,2,2312,0.0,0.0,0.0,0.0,0.0,4.486745404166031,1269,0,21,62,0.0,0.25485450897454653,0.9
seen,ASHP,4,lightgbm,seen_test,median,0.15,3,2312,0.0,0.0,0.0,0.0,0.0,6.373382362191663,1269,0,25,58,0.0,0.25485450897454653,0.9
seen,ASHP,4,lightgbm,seen_test,median,0.2,1,2312,0.0,0.0,0.0,0.0,0.0,1.060540099034645,1269,0,10,73,5.684341886080802e-14,0.25485450897454653,0.9
seen,ASHP,4,lightgbm,seen_test,median,0.2,2,2312,0.0,0.0,0.0,0.0,0.0,4.778120919527732,1269,0,21,62,0.0,0.25485450897454653,0.9
seen,ASHP,4,lightgbm,seen_test,median,0.2,3,2312,0.0,0.0,0.0,0.0,0.0,6.774430401427198,1269,0,25,58,5.684341886080802e-14,0.25485450897454653,0.9
seen,ASHP,4,lightgbm,seen_test,conformal_upper_bound,0.05,1,2312,0.004884468704261552,0.0,0.0011136704358088874,-0.16656012636651507,0.00034900968944768206,952.7427100784079,464,134,8217,21968,5.684341886080802e-14,0.25485450897454653,0.9
seen,ASHP,4,lightgbm,seen_test,conformal_upper_bound,0.05,2,2312,0.007243695648246023,0.0,0.00169823448387697,-0.42529631427413284,0.0005813691393821167,1193.0750542256174,464,134,9649,20536,5.684341886080802e-14,0.25485450897454653,0.9
seen,ASHP,4,lightgbm,seen_test,conformal_upper_bound,0.05,3,2312,0.008247846218388907,0.0,0.002116131632698635,-0.5630513302493112,0.0007567128753557201,1296.1828225306328,464,134,10252,19933,5.684341886080802e-14,0.25485450897454653,0.9
seen,ASHP,4,lightgbm,seen_test,conformal_upper_bound,0.1,1,2312,0.005375896962384236,0.0,0.0009019587794679768,-0.30224349073807266,0.00022095193197445837,1504.1298370865532,464,134,7770,22415,5.684341886080802e-14,0.25485450897454653,0.9
seen,ASHP,4,lightgbm,seen_test,conformal_upper_bound,0.1,2,2312,0.006362227914838695,0.0,0.0011653862921291562,-0.5485126479683404,0.00034469338014796993,1811.7910149302859,464,134,8383,21802,5.684341886080802e-14,0.25485450897454653,0.9
seen,ASHP,4,lightgbm,seen_test,conformal_upper_bound,0.1,3,2312,0.005915985452954689,0.0,0.0012340959056340518,-0.7692940449546515,0.0003839090919398875,1823.059429944325,464,134,8377,21808,5.684341886080802e-14,0.25485450897454653,0.9
seen,ASHP,4,lightgbm,seen_test,conformal_upper_bound,0.15,1,2312,0.004404751514404422,0.0,0.00030449642493243003,-0.4212834710712796,-1.6744270300850622e-05,1851.6950751689656,464,134,7565,22620,5.684341886080802e-14,0.25485450897454653,0.9
seen,ASHP,4,lightgbm,seen_test,conformal_upper_bound,0.15,2,2312,0.005905989309084141,0.0,0.000771173689737021,-0.8114814289650756,0.0001472226511137453,2169.9455141927333,464,134,7779,22406,5.684341886080802e-14,0.25485450897454653,0.9
seen,ASHP,4,lightgbm,seen_test,conformal_upper_bound,0.15,3,2312,0.005344796974809248,0.0,0.0008249435401100408,-0.717538243412037,0.00018972068007679373,2059.472547138211,464,134,7321,22864,5.684341886080802e-14,0.25485450897454653,0.9
seen,ASHP,4,lightgbm,seen_test,conformal_upper_bound,0.2,1,2312,0.0029475069323079916,0.0,-0.00040225121227402665,-0.5525096579150159,-0.0002701834254002913,2051.874912265597,464,134,7513,22672,5.684341886080802e-14,0.25485450897454653,0.9
seen,ASHP,4,lightgbm,seen_test,conformal_upper_bound,0.2,2,2312,0.004817625573939056,0.0,0.00024026011178052628,-0.9059181039220405,-8.667759521942451e-05,2385.9848329896054,464,134,7314,22871,5.684341886080802e-14,0.25485450897454653,0.9
seen,ASHP,4,lightgbm,seen_test,conformal_upper_bound,0.2,3,2312,0.005152749399510589,0.0,0.0006104796561709245,-0.6748933839790476,8.325543007141627e-05,2171.300439055086,464,134,6685,23500,5.684341886080802e-14,0.25485450897454653,0.9
seen,ASHP,10,persistence,seen_test,reference_no_forecast,0.0,0,2400,0.0,0.0,0.0,0.0,0.0,0.0,1195,0,0,0,0.0,0.35804533222723206,0.9
seen,ASHP,10,persistence,seen_test,median,0.05,1,2400,0.0,0.0,0.0,0.0,0.0,0.0,971,3,0,21565,0.0,0.35804533222723206,0.9
seen,ASHP,10,persistence,seen_test,median,0.05,2,2400,0.0,0.0,0.0,0.0,0.0,0.0,971,3,0,21565,0.0,0.35804533222723206,0.9
seen,ASHP,10,persistence,seen_test,median,0.05,3,2400,0.0,0.0,0.0,0.0,0.0,0.0,971,3,0,21565,0.0,0.35804533222723206,0.9
seen,ASHP,10,persistence,seen_test,median,0.1,1,2400,0.0,0.0,0.0,0.0,0.0,0.0,971,3,0,21565,0.0,0.35804533222723206,0.9
seen,ASHP,10,persistence,seen_test,median,0.1,2,2400,0.0,0.0,0.0,0.0,0.0,0.0,971,3,0,21565,0.0,0.35804533222723206,0.9
seen,ASHP,10,persistence,seen_test,median,0.1,3,2400,0.0,0.0,0.0,0.0,0.0,0.0,971,3,0,21565,0.0,0.35804533222723206,0.9
seen,ASHP,10,persistence,seen_test,median,0.15,1,2400,0.0,0.0,0.0,0.0,0.0,0.0,971,3,0,21565,0.0,0.35804533222723206,0.9
seen,ASHP,10,persistence,seen_test,median,0.15,2,2400,0.0,0.0,0.0,0.0,0.0,0.0,971,3,0,21565,0.0,0.35804533222723206,0.9
seen,ASHP,10,persistence,seen_test,median,0.15,3,2400,0.0,0.0,0.0,0.0,0.0,0.0,971,3,0,21565,0.0,0.35804533222723206,0.9
seen,ASHP,10,persistence,seen_test,median,0.2,1,2400,0.0,0.0,0.0,0.0,0.0,0.0,971,3,0,21565,0.0,0.35804533222723206,0.9
seen,ASHP,10,persistence,seen_test,median,0.2,2,2400,0.0,0.0,0.0,0.0,0.0,0.0,971,3,0,21565,0.0,0.35804533222723206,0.9
seen,ASHP,10,persistence,seen_test,median,0.2,3,2400,0.0,0.0,0.0,0.0,0.0,0.0,971,3,0,21565,0.0,0.35804533222723206,0.9
seen,ASHP,10,persistence,seen_test,conformal_upper_bound,0.05,1,2400,0.0030097083333333356,0.0,0.00044749017069740346,-0.3260000000000005,0.00019527977533077964,1113.6402000000005,405,96,5176,49265,1.1368683772161603e-13,0.35804533222723206,0.9
seen,ASHP,10,persistence,seen_test,conformal_upper_bound,0.05,2,2400,0.0056253958333333355,0.0,0.0007935155514469147,-0.43400000000000016,0.0003673104672788933,1246.3911500000008,405,96,5457,48984,1.1368683772161603e-13,0.35804533222723206,0.9
seen,ASHP,10,persistence,seen_test,conformal_upper_bound,0.05,3,2400,0.005400104166666669,0.0,0.0007660612068187446,-0.43400000000000016,0.00034862598910033666,1161.9239000000002,405,96,4969,49472,1.1368683772161603e-13,0.35804533222723206,0.9
seen,ASHP,10,persistence,seen_test,conformal_upper_bound,0.1,1,2400,0.0015624583333333337,0.0,0.00020890230901227553,-0.5999999999999996,8.204401397331177e-05,1571.4591,405,96,4685,49756,1.1368683772161603e-13,0.35804533222723206,0.9
seen,ASHP,10,persistence,seen_test,conformal_upper_bound,0.1,2,2400,0.007029541666666672,0.0,0.0009729560549332372,-0.9110000000000005,0.00044813455137798997,1666.9787999999999,405,96,4633,49808,1.1368683772161603e-13,0.35804533222723206,0.9
seen,ASHP,10,persistence,seen_test,conformal_upper_bound,0.1,3,2400,0.005209416666666668,0.0,0.0007214814802658545,-0.9110000000000005,0.0003087125441395718,1533.6422999999993,405,96,4015,50426,1.1368683772161603e-13,0.35804533222723206,0.9
seen,ASHP,10,persistence,seen_test,conformal_upper_bound,0.15,1,2400,0.0003430416666666665,0.0,-7.693759071108032e-06,-0.8662499999999991,-1.8192940642525932e-05,1799.6846000000007,405,96,4547,49894,1.1368683772161603e-13,0.35804533222723206,0.9
seen,ASHP,10,persistence,seen_test,conformal_upper_bound,0.15,2,2400,0.006037937500000004,0.0,0.000808463551011909,-0.9499999999999993,0.0003727338647321214,1796.0246000000002,405,96,4147,50294,1.1368683772161603e-13,0.35804533222723206,0.9
seen,ASHP,10,persistence,seen_test,conformal_upper_bound,0.15,3,2400,0.0040888125,0.0,0.0005451160554795298,-0.9499999999999993,0.00022021219662311372,1652.240100000001,405,96,3638,50803,1.1368683772161603e-13,0.35804533222723206,0.9
seen,ASHP,10,persistence,seen_test,conformal_upper_bound,0.2,1,2400,-0.00015533333333333398,0.0,-0.00011416608161342952,-0.8989999999999991,-6.267331368789542e-05,1868.0306000000012,405,96,4547,49894,1.1368683772161603e-13,0.35804533222723206,0.9
seen,ASHP,10,persistence,seen_test,conformal_upper_bound,0.2,2,2400,0.005440083333333336,0.0,0.0007022102811780344,-0.9499999999999993,0.00031947634307542214,1872.7573999999995,405,96,3862,50579,1.1368683772161603e-13,0.35804533222723206,0.9
seen,ASHP,10,persistence,seen_test,conformal_upper_bound,0.2,3,2400,0.0033598333333333323,0.0,0.0004273237211503597,-1.1044,0.00016690999174509596,1697.5602000000006,405,96,3350,51091,1.1368683772161603e-13,0.35804533222723206,0.9
seen,ASHP,10,seasonal_daily,seen_test,reference_no_forecast,0.0,0,2400,0.0,0.0,0.0,0.0,0.0,0.0,1195,0,0,0,0.0,0.35804533222723206,0.9
seen,ASHP,10,seasonal_daily,seen_test,median,0.05,1,2400,0.02270729166666667,0.0,0.0036487596629355976,-1.3272499999999994,0.001197250213536402,3893.914299999998,159,121,12781,9958,2.2737367544323206e-13,0.35804533222723206,0.9
seen,ASHP,10,seasonal_daily,seen_test,median,0.05,2,2400,0.033043083333333334,0.0,0.004670451514429117,-1.4969000000000001,0.001804328474053231,4761.336400000001,159,121,14971,7768,2.2737367544323206e-13,0.35804533222723206,0.9
seen,ASHP,10,seasonal_daily,seen_test,median,0.05,3,2400,0.03020497916666665,0.0,0.004218082440423169,-1.9810000000000016,0.0016123854326006892,5078.868050000003,159,121,15640,7099,2.2737367544323206e-13,0.35804533222723206,0.9
seen,ASHP,10,seasonal_daily,seen_test,median,0.1,1,2400,0.010086083333333325,0.0,0.00232684970153251,-2.6545000000000023,0.0001404204865267881,6579.7165000000105,159,121,11607,11132,2.2737367544323206e-13,0.35804533222723206,0.9
seen,ASHP,10,seasonal_daily,seen_test,median,0.1,2,2400,-0.0010473333333333131,0.0,0.0007101158760437913,-2.6545000000000023,-0.000530109052603412,7766.132999999999,159,121,12957,9782,2.2737367544323206e-13,0.35804533222723206,0.9
seen,ASHP,10,seasonal_daily,seen_test,median,0.1,3,2400,0.005842166666666637,0.0,0.0015171174537500342,-2.602400000000001,-4.044079483856914e-05,7967.857300000014,159,121,12883,9856,2.2737367544323206e-13,0.35804533222723206,0.9
seen,ASHP,10,seasonal_daily,seen_test,median,0.15,1,2400,-0.01815122916666671,0.0,-0.0014082173524407491,-2.936,-0.001852878571719856,8560.079100000003,159,121,10782,11957,2.2737367544323206e-13,0.35804533222723206,0.9
seen,ASHP,10,seasonal_daily,seen_test,median,0.15,2,2400,-0.03404256250000004,0.0,-0.003598496332207374,-2.936,-0.0026358541983762035,9809.339500000013,159,121,11539,11200,2.2737367544323206e-13,0.35804533222723206,0.9
seen,ASHP,10,seasonal_daily,seen_test,median,0.15,3,2400,-0.025721416666666694,0.0,-0.002883776482202434,-3.873000000000001,-0.002247559231956776,9829.84000000002,159,121,11113,11626,1.1368683772161603e-13,0.35804533222723206,0.9
seen,ASHP,10,seasonal_daily,seen_test,median,0.2,1,2400,-0.05422208333333336,0.0,-0.006322275646840889,-2.935999999999998,-0.004255241309543863,10087.638600000018,159,121,10188,12551,2.2737367544323206e-13,0.35804533222723206,0.9
seen,ASHP,10,seasonal_daily,seen_test,median,0.2,2,2400,-0.06933166666666667,0.0,-0.008570582056452374,-3.639800000000003,-0.0050031152793062,11282.12480000001,159,121,10514,12225,2.2737367544323206e-13,0.35804533222723206,0.9
seen,ASHP,10,seasonal_daily,seen_test,median,0.2,3,2400,-0.07080474999999996,0.0,-0.009234273372014011,-3.873000000000003,-0.005254849605534986,11191.170400000017,159,121,10013,12726,2.2737367544323206e-13,0.35804533222723206,0.9
seen,ASHP,10,seasonal_daily,seen_test,conformal_upper_bound,0.05,1,2400,0.047180520833333295,0.0,0.008583582927316575,-1.4939999999999998,0.0019216044879283819,6472.295549999986,19,412,21306,26100,1.1368683772161603e-13,0.35804533222723206,0.9
seen,ASHP,10,seasonal_daily,seen_test,conformal_upper_bound,0.05,2,2400,0.05829708333333329,0.0,0.010376600606826256,-1.7036500000000032,0.0027271312821152095,7819.129649999991,19,412,24664,22742,2.2737367544323206e-13,0.35804533222723206,0.9
seen,ASHP,10,seasonal_daily,seen_test,conformal_upper_bound,0.05,3,2400,0.05477362499999992,0.0,0.009667566714111763,-2.6050000000000004,0.002452303088526738,8219.192649999983,19,412,25346,22060,2.2737367544323206e-13,0.35804533222723206,0.9
seen,ASHP,10,seasonal_daily,seen_test,conformal_upper_bound,0.1,1,2400,0.05666300000000003,0.0,0.010943842275698532,-1.8110000000000008,0.0015500462747609826,10667.427199999993,19,412,19159,28247,2.2737367544323206e-13,0.35804533222723206,0.9
seen,ASHP,10,seasonal_daily,seen_test,conformal_upper_bound,0.1,2,2400,0.04889958333333334,0.0,0.009516362747505079,-2.7199999999999998,0.000934865494028448,11924.424599999993,19,412,20287,27119,2.2737367544323206e-13,0.35804533222723206,0.9
seen,ASHP,10,seasonal_daily,seen_test,conformal_upper_bound,0.1,3,2400,0.03646691666666668,0.0,0.007046770389407765,-2.705000000000002,-1.6545160718379748e-05,11882.276199999986,19,412,19631,27775,2.2737367544323206e-13,0.35804533222723206,0.9
seen,ASHP,10,seasonal_daily,seen_test,conformal_upper_bound,0.15,1,2400,0.04004733333333332,0.0,0.008858195962661401,-2.6221500000000004,-0.0003821797424753015,13460.569949999994,19,412,17595,29811,2.2737367544323206e-13,0.35804533222723206,0.9
seen,ASHP,10,seasonal_daily,seen_test,conformal_upper_bound,0.15,2,2400,0.028714666666666666,0.0,0.00666001788428237,-2.7199999999999998,-0.0012841102939912237,14379.26879999999,19,412,17607,29799,2.2737367544323206e-13,0.35804533222723206,0.9
seen,ASHP,10,seasonal_daily,seen_test,conformal_upper_bound,0.15,3,2400,0.020422958333333376,0.0,0.004353045859740514,-2.705,-0.0018963468123942562,14117.1186,19,412,16643,30763,2.2737367544323206e-13,0.35804533222723206,0.9
seen,ASHP,10,seasonal_daily,seen_test,conformal_upper_bound,0.2,1,2400,0.017372749999999996,0.0,0.005338516469154703,-2.7199999999999998,-0.0023327266593584756,15384.399200000013,19,412,16493,30913,1.1368683772161603e-13,0.35804533222723206,0.9
seen,ASHP,10,seasonal_daily,seen_test,conformal_upper_bound,0.2,2,2400,0.009631166666666538,0.0,0.0036764883970160584,-2.7199999999999998,-0.0029373149667699275,16045.643399999994,19,412,15912,31494,2.2737367544323206e-13,0.35804533222723206,0.9
seen,ASHP,10,seasonal_daily,seen_test,conformal_upper_bound,0.2,3,2400,-0.0034082500000001837,0.0,0.0004413194449999556,-2.705,-0.003800006209417243,15681.750399999984,19,412,14820,32586,2.2737367544323206e-13,0.35804533222723206,0.9
seen,ASHP,10,seasonal_weekly,seen_test,reference_no_forecast,0.0,0,2400,0.0,0.0,0.0,0.0,0.0,0.0,1195,0,0,0,0.0,0.35804533222723206,0.9
seen,ASHP,10,seasonal_weekly,seen_test,median,0.05,1,2400,0.012412624999999988,0.0,0.002128447808094481,-1.2758000000000003,0.0006284602509074944,3613.106750000006,174,108,11908,10590,2.2737367544323206e-13,0.35804533222723206,0.9
seen,ASHP,10,seasonal_weekly,seen_test,median,0.05,2,2400,0.021245979166666647,0.0,0.0031874343310901937,-1.7810000000000024,0.0012002185605803105,4142.163950000005,174,108,13217,9281,2.2737367544323206e-13,0.35804533222723206,0.9
seen,ASHP,10,seasonal_weekly,seen_test,median,0.05,3,2400,0.01961143749999998,0.0,0.002869135080352993,-3.05795,0.0010995941157883257,4326.946250000001,174,108,13632,8866,1.1368683772161603e-13,0.35804533222723206,0.9
seen,ASHP,10,seasonal_weekly,seen_test,median,0.1,1,2400,-0.007525458333333368,0.0,-0.00044680623662515903,-1.7810000000000006,-0.0008810202526972925,6150.036700000015,174,108,10878,11620,2.2737367544323206e-13,0.35804533222723206,0.9
seen,ASHP,10,seasonal_weekly,seen_test,median,0.1,2,2400,-0.0017021249999999795,0.0,1.166845157708963e-05,-3.6190999999999995,-0.0004312016819018538,6849.03940000001,174,108,11552,10946,2.2737367544323206e-13,0.35804533222723206,0.9
seen,ASHP,10,seasonal_weekly,seen_test,median,0.1,3,2400,-0.005776291666666669,0.0,-0.0006235257820404861,-3.6380000000000017,-0.0007164547469223711,7038.811000000015,174,108,11578,10920,2.2737367544323206e-13,0.35804533222723206,0.9
seen,ASHP,10,seasonal_weekly,seen_test,median,0.15,1,2400,-0.04078770833333332,0.0,-0.004976898128085289,-2.5031,-0.0031575532449107393,8067.478499999994,174,108,10170,12328,2.2737367544323206e-13,0.35804533222723206,0.9
seen,ASHP,10,seasonal_weekly,seen_test,median,0.15,2,2400,-0.027894333333333333,0.0,-0.0033551573248080677,-3.6380000000000035,-0.0021258470050801274,8772.493950000004,174,108,10417,12081,2.2737367544323206e-13,0.35804533222723206,0.9
seen,ASHP,10,seasonal_weekly,seen_test,median,0.15,3,2400,-0.0374709583333334,0.0,-0.004857240937858219,-3.638,-0.0027847628404008636,8934.664900000007,174,108,10281,12217,2.2737367544323206e-13,0.35804533222723206,0.9
seen,ASHP,10,seasonal_weekly,seen_test,median,0.2,1,2400,-0.07073275000000016,0.0,-0.009289898529194198,-3.402800000000001,-0.0051317327797816385,9529.515200000013,174,108,9629,12869,2.2737367544323206e-13,0.35804533222723206,0.9
seen,ASHP,10,seasonal_weekly,seen_test,median,0.2,2,2400,-0.0657329166666666,0.0,-0.008698741307838383,-3.638,-0.004771121793383202,10216.599000000024,174,108,9597,12901,2.2737367544323206e-13,0.35804533222723206,0.9
seen,ASHP,10,seasonal_weekly,seen_test,median,0.2,3,2400,-0.08115000000000001,0.0,-0.010869771772125723,-3.637999999999998,-0.005648812254353857,10329.576000000032,174,108,9335,13163,2.2737367544323206e-13,0.35804533222723206,0.9
seen,ASHP,10,seasonal_weekly,seen_test,conformal_upper_bound,0.05,1,2400,0.05341195833333337,0.0,0.010907236371989155,-1.4029499999999988,0.0017864737948462069,7561.059100000004,6,546,25454,36912,2.2737367544323206e-13,0.35804533222723206,0.9
seen,ASHP,10,seasonal_weekly,seen_test,conformal_upper_bound,0.05,2,2400,0.06808325000000005,0.0,0.012506491538522051,-1.5660000000000007,0.002690038537783863,8969.14985000002,6,546,28891,33475,1.1368683772161603e-13,0.35804533222723206,0.9
seen,ASHP,10,seasonal_weekly,seen_test,conformal_upper_bound,0.05,3,2400,0.07113029166666657,0.0,0.012708223499345826,-1.6730000000000018,0.0028670622422595216,9385.567650000005,6,546,29489,32877,2.2737367544323206e-13,0.35804533222723206,0.9
seen,ASHP,10,seasonal_weekly,seen_test,conformal_upper_bound,0.1,1,2400,0.07365283333333339,0.0,0.015969534299639907,-1.5758999999999999,0.0016291717878516938,11826.221500000012,6,546,22126,40240,2.2737367544323206e-13,0.35804533222723206,0.9
seen,ASHP,10,seasonal_weekly,seen_test,conformal_upper_bound,0.1,2,2400,0.08413233333333334,0.0,0.015970872342878594,-2.0569999999999995,0.0020913076994078022,13056.027099999992,6,546,22969,39397,1.1368683772161603e-13,0.35804533222723206,0.9
seen,ASHP,10,seasonal_weekly,seen_test,conformal_upper_bound,0.1,3,2400,0.08775270833333333,0.0,0.015514386678761302,-2.0569999999999995,0.0024596079848681995,12898.8812,6,546,21862,40504,1.1368683772161603e-13,0.35804533222723206,0.9
seen,ASHP,10,seasonal_weekly,seen_test,conformal_upper_bound,0.15,1,2400,0.07452270833333328,0.0,0.016521420177963375,-2.0569999999999995,0.0006193708056911381,14460.401349999978,6,546,20048,42318,2.2737367544323206e-13,0.35804533222723206,0.9
seen,ASHP,10,seasonal_weekly,seen_test,conformal_upper_bound,0.15,2,2400,0.08506416666666664,0.0,0.015939596604592824,-2.256,0.0009758396774760077,15274.539099999978,6,546,19589,42777,2.2737367544323206e-13,0.35804533222723206,0.9
seen,ASHP,10,seasonal_weekly,seen_test,conformal_upper_bound,0.15,3,2400,0.0822764583333333,0.0,0.013586944936829012,-2.5523,0.0012133194748139905,14859.541899999962,6,546,18156,44210,2.2737367544323206e-13,0.35804533222723206,0.9
seen,ASHP,10,seasonal_weekly,seen_test,conformal_upper_bound,0.2,1,2400,0.06031266666666668,0.0,0.013309459254731211,-2.4029999999999996,-0.0007084778522793538,16094.268799999982,6,546,18650,43716,1.1368683772161603e-13,0.35804533222723206,0.9
seen,ASHP,10,seasonal_weekly,seen_test,conformal_upper_bound,0.2,2,2400,0.06338249999999998,0.0,0.010544047976775639,-2.969,-0.0008087240705987616,16680.789799999995,6,546,17545,44821,2.2737367544323206e-13,0.35804533222723206,0.9
seen,ASHP,10,seasonal_weekly,seen_test,conformal_upper_bound,0.2,3,2400,0.057361499999999975,0.0,0.007130377935724151,-2.969,-0.00040929344499630817,16127.034599999986,6,546,16038,46328,2.2737367544323206e-13,0.35804533222723206,0.9
seen,ASHP,10,elastic_net,seen_test,reference_no_forecast,0.0,0,2400,0.0,0.0,0.0,0.0,0.0,0.0,1195,0,0,0,0.0,0.35804533222723206,0.9
seen,ASHP,10,elastic_net,seen_test,median,0.05,1,2400,0.00012755350087520823,0.0,1.3892670940172478e-05,-0.12196248414729816,9.376171716155568e-06,35.353746473918214,990,0,533,12055,1.1368683772161603e-13,0.35804533222723206,0.9
seen,ASHP,10,elastic_net,seen_test,median,0.05,2,2400,0.0005457701062231146,0.0,6.100658446332554e-05,-0.20421685478391893,3.9554090990066015e-05,131.11473785104877,990,0,985,11603,1.1368683772161603e-13,0.35804533222723206,0.9
seen,ASHP,10,elastic_net,seen_test,median,0.05,3,2400,0.0013808048577642266,0.0,0.00014934431347076086,-0.28090208328777777,9.206573827540864e-05,242.00738732931964,990,0,1368,11220,1.1368683772161603e-13,0.35804533222723206,0.9
seen,ASHP,10,elastic_net,seen_test,median,0.1,1,2400,0.00012755350087520823,0.0,1.3892670940172478e-05,-0.12196248414729816,9.376171716155568e-06,35.407475443574846,990,0,533,12055,1.1368683772161603e-13,0.35804533222723206,0.9
seen,ASHP,10,elastic_net,seen_test,median,0.1,2,2400,0.0005657750740377003,0.0,6.303795812443294e-05,-0.20421685478391893,4.111913443608728e-05,135.983644038329,990,0,985,11603,1.1368683772161603e-13,0.35804533222723206,0.9
seen,ASHP,10,elastic_net,seen_test,median,0.1,3,2400,0.0015794865216884441,0.0,0.00017147344265694195,-0.32574880009914153,0.00010779382432180758,284.56292950333153,990,0,1362,11226,2.2737367544323206e-13,0.35804533222723206,0.9
seen,ASHP,10,elastic_net,seen_test,median,0.15,1,2400,0.00012755350087520823,0.0,1.3892670940172478e-05,-0.12196248414729816,9.376171716155568e-06,35.407475443574846,990,0,533,12055,1.1368683772161603e-13,0.35804533222723206,0.9
seen,ASHP,10,elastic_net,seen_test,median,0.15,2,2400,0.0005657750740377003,0.0,6.303795812443294e-05,-0.20421685478391893,4.111913443608728e-05,135.983644038329,990,0,985,11603,1.1368683772161603e-13,0.35804533222723206,0.9
seen,ASHP,10,elastic_net,seen_test,median,0.15,3,2400,0.0015794865216884441,0.0,0.00017147344265694195,-0.32574880009914153,0.00010779382432180758,285.9332801509186,990,0,1362,11226,2.2737367544323206e-13,0.35804533222723206,0.9
seen,ASHP,10,elastic_net,seen_test,median,0.2,1,2400,0.00012755350087520823,0.0,1.3892670940172478e-05,-0.12196248414729816,9.376171716155568e-06,35.407475443574846,990,0,533,12055,1.1368683772161603e-13,0.35804533222723206,0.9
seen,ASHP,10,elastic_net,seen_test,median,0.2,2,2400,0.0005657750740377003,0.0,6.303795812443294e-05,-0.20421685478391893,4.111913443608728e-05,135.983644038329,990,0,985,11603,1.1368683772161603e-13,0.35804533222723206,0.9
seen,ASHP,10,elastic_net,seen_test,median,0.2,3,2400,0.0015794865216884441,0.0,0.00017147344265694195,-0.32574880009914153,0.00010779382432180758,285.9332801509186,990,0,1362,11226,2.2737367544323206e-13,0.35804533222723206,0.9
seen,ASHP,10,elastic_net,seen_test,conformal_upper_bound,0.05,1,2400,0.0029049709898445798,0.0,0.000371935941108993,-0.40157612722254754,0.00019876816906863343,911.5406017345466,372,30,4409,33977,2.2737367544323206e-13,0.35804533222723206,0.9
seen,ASHP,10,elastic_net,seen_test,conformal_upper_bound,0.05,2,2400,0.005577722097386833,0.0,0.0007530163094623228,-0.49038610380771974,0.0003854040165220359,1069.194146182969,372,30,4785,33601,2.2737367544323206e-13,0.35804533222723206,0.9
seen,ASHP,10,elastic_net,seen_test,conformal_upper_bound,0.05,3,2400,0.006417394547466011,0.0,0.0008316281746277533,-0.6101487653960813,0.0004480069218267128,1243.364833935591,372,30,5380,33006,1.1368683772161603e-13,0.35804533222723206,0.9
seen,ASHP,10,elastic_net,seen_test,conformal_upper_bound,0.1,1,2400,0.0026446496072832872,0.0,0.00031096809710327107,-0.5636000159613097,0.00017681948686814052,1269.2196906348076,372,30,4123,34263,2.2737367544323206e-13,0.35804533222723206,0.9
seen,ASHP,10,elastic_net,seen_test,conformal_upper_bound,0.1,2,2400,0.005644189232854629,0.0,0.0007635415856620763,-0.5900516385431755,0.00039319431476045,1418.1664442502238,372,30,4067,34319,2.2737367544323206e-13,0.35804533222723206,0.9
seen,ASHP,10,elastic_net,seen_test,conformal_upper_bound,0.1,3,2400,0.006672547916191706,0.0,0.000828956141242006,-0.8417980159781102,0.00044675538107261066,1619.1395862726188,372,30,4372,34014,1.1368683772161603e-13,0.35804533222723206,0.9
seen,ASHP,10,elastic_net,seen_test,conformal_upper_bound,0.15,1,2400,0.00213853091064582,0.0,0.0002241971631402072,-0.8329308647016251,0.00014062613562960754,1401.1229867906654,372,30,4086,34300,2.2737367544323206e-13,0.35804533222723206,0.9
seen,ASHP,10,elastic_net,seen_test,conformal_upper_bound,0.15,2,2400,0.005588459963844185,0.0,0.0007443826677848871,-0.8258254732951391,0.00038965676157204143,1574.5136634783364,372,30,3748,34638,2.2737367544323206e-13,0.35804533222723206,0.9
seen,ASHP,10,elastic_net,seen_test,conformal_upper_bound,0.15,3,2400,0.006441375256554299,0.0,0.0007808345728209686,-0.8417980159781102,0.00042523524031940006,1770.1764182765744,372,30,3980,34406,1.1368683772161603e-13,0.35804533222723206,0.9
seen,ASHP,10,elastic_net,seen_test,conformal_upper_bound,0.2,1,2400,0.0020773144758928206,0.0,0.00021522477484028246,-0.8445079007558469,0.0001360320274896291,1418.048840089988,372,30,4086,34300,2.2737367544323206e-13,0.35804533222723206,0.9
seen,ASHP,10,elastic_net,seen_test,conformal_upper_bound,0.2,2,2400,0.005485813924040362,0.0,0.0007166883122930327,-0.8258254732951391,0.00037593266723301135,1632.875166283509,372,30,3654,34732,2.2737367544323206e-13,0.35804533222723206,0.9
seen,ASHP,10,elastic_net,seen_test,conformal_upper_bound,0.2,3,2400,0.00605696775256165,0.0,0.0007096282102889026,-0.9413930105178645,0.0003944765919726952,1835.109145784339,372,30,3783,34603,2.2737367544323206e-13,0.35804533222723206,0.9
seen,ASHP,10,lightgbm,seen_test,reference_no_forecast,0.0,0,2400,0.0,0.0,0.0,0.0,0.0,0.0,1195,0,0,0,0.0,0.35804533222723206,0.9
seen,ASHP,10,lightgbm,seen_test,median,0.05,1,2400,0.0,0.0,0.0,0.0,0.0,0.678651706698834,1191,0,12,74,1.1368683772161603e-13,0.35804533222723206,0.9
seen,ASHP,10,lightgbm,seen_test,median,0.05,2,2400,0.0,0.0,0.0,0.0,0.0,3.8015528924106543,1191,0,25,61,1.1368683772161603e-13,0.35804533222723206,0.9
seen,ASHP,10,lightgbm,seen_test,median,0.05,3,2400,0.0,0.0,0.0,0.0,0.0,7.979555269343559,1191,0,39,47,1.1368683772161603e-13,0.35804533222723206,0.9
seen,ASHP,10,lightgbm,seen_test,median,0.1,1,2400,0.0,0.0,0.0,0.0,0.0,0.678651706698834,1191,0,12,74,1.1368683772161603e-13,0.35804533222723206,0.9
seen,ASHP,10,lightgbm,seen_test,median,0.1,2,2400,0.0,0.0,0.0,0.0,0.0,5.381384508681167,1191,0,25,61,1.1368683772161603e-13,0.35804533222723206,0.9
seen,ASHP,10,lightgbm,seen_test,median,0.1,3,2400,0.0,0.0,0.0,0.0,0.0,13.540062067200044,1191,0,39,47,1.1368683772161603e-13,0.35804533222723206,0.9
seen,ASHP,10,lightgbm,seen_test,median,0.15,1,2400,0.0,0.0,0.0,0.0,0.0,0.678651706698834,1191,0,12,74,1.1368683772161603e-13,0.35804533222723206,0.9
seen,ASHP,10,lightgbm,seen_test,median,0.15,2,2400,0.0,0.0,0.0,0.0,0.0,6.117919671996902,1191,0,25,61,1.1368683772161603e-13,0.35804533222723206,0.9
seen,ASHP,10,lightgbm,seen_test,median,0.15,3,2400,0.0,0.0,0.0,0.0,0.0,17.771833038476373,1191,0,39,47,0.0,0.35804533222723206,0.9
seen,ASHP,10,lightgbm,seen_test,median,0.2,1,2400,0.0,0.0,0.0,0.0,0.0,0.678651706698834,1191,0,12,74,1.1368683772161603e-13,0.35804533222723206,0.9
seen,ASHP,10,lightgbm,seen_test,median,0.2,2,2400,0.0,0.0,0.0,0.0,0.0,6.180629179974943,1191,0,25,61,1.1368683772161603e-13,0.35804533222723206,0.9
seen,ASHP,10,lightgbm,seen_test,median,0.2,3,2400,0.0,0.0,0.0,0.0,0.0,20.04674592758921,1191,0,39,47,1.1368683772161603e-13,0.35804533222723206,0.9
seen,ASHP,10,lightgbm,seen_test,conformal_upper_bound,0.05,1,2400,0.0034603951659714764,0.0,0.0004514686546863949,-0.29393286680481356,0.00024403990174396502,1094.7549854953445,469,31,5150,28466,2.2737367544323206e-13,0.35804533222723206,0.9
seen,ASHP,10,lightgbm,seen_test,conformal_upper_bound,0.05,2,2400,0.00566198670660156,0.0,0.000738957908966158,-0.5581847821615762,0.00040276564429395496,1486.5841921392687,469,31,6214,27402,2.2737367544323206e-13,0.35804533222723206,0.9
seen,ASHP,10,lightgbm,seen_test,conformal_upper_bound,0.05,3,2400,0.007401869013248308,0.0,0.0009796339120048461,-0.37023237315588364,0.0005190642446742781,1729.4341461971062,469,31,6882,26734,2.2737367544323206e-13,0.35804533222723206,0.9
seen,ASHP,10,lightgbm,seen_test,conformal_upper_bound,0.1,1,2400,0.002286575772242527,0.0,0.0002544156616223432,-0.5624711978347081,0.000155404541372377,1492.1357591029564,469,31,4720,28896,2.2737367544323206e-13,0.35804533222723206,0.9
seen,ASHP,10,lightgbm,seen_test,conformal_upper_bound,0.1,2,2400,0.004472398229073338,0.0,0.0005133998590167321,-0.6776226473785156,0.0002828676721055956,1994.9597558381427,469,31,5176,28440,2.2737367544323206e-13,0.35804533222723206,0.9
seen,ASHP,10,lightgbm,seen_test,conformal_upper_bound,0.1,3,2400,0.004938623369436634,0.0,0.0006045053919207462,-0.6527563341538682,0.0003262807658529236,2307.4227549705774,469,31,5558,28058,1.1368683772161603e-13,0.35804533222723206,0.9
seen,ASHP,10,lightgbm,seen_test,conformal_upper_bound,0.15,1,2400,0.0015789103397232883,0.0,0.00014311126829446677,-0.6491767713909615,0.00010056767021296764,1626.207506815128,469,31,4586,29030,2.2737367544323206e-13,0.35804533222723206,0.9
seen,ASHP,10,lightgbm,seen_test,conformal_upper_bound,0.15,2,2400,0.0031533069367222413,0.0,0.00029683189614140783,-0.8165732227365439,0.00016180382598482385,2205.3225047259702,469,31,4681,28935,2.2737367544323206e-13,0.35804533222723206,0.9
seen,ASHP,10,lightgbm,seen_test,conformal_upper_bound,0.15,3,2400,0.0032260867185800444,0.0,0.00034001131868263533,-0.8165732227365439,0.00018982220504620766,2530.288265596514,469,31,4880,28736,2.2737367544323206e-13,0.35804533222723206,0.9
seen,ASHP,10,lightgbm,seen_test,conformal_upper_bound,0.2,1,2400,0.0015657735812034989,0.0,0.0001402318186573564,-0.6491767713909615,9.895276899271721e-05,1649.652841165187,469,31,4575,29041,2.2737367544323206e-13,0.35804533222723206,0.9
seen,ASHP,10,lightgbm,seen_test,conformal_upper_bound,0.2,2,2400,0.002695535341468429,0.0,0.00022416557899903572,-0.8165732227365439,0.00012259394027424263,2302.7779138445144,469,31,4457,29159,2.2737367544323206e-13,0.35804533222723206,0.9
seen,ASHP,10,lightgbm,seen_test,conformal_upper_bound,0.2,3,2400,0.0027713534637390062,0.0,0.00025278196349219677,-0.8165732227365439,0.00014864354194595345,2626.3514682688256,469,31,4523,29093,2.2737367544323206e-13,0.35804533222723206,0.9
seen,GSHP,4,persistence,seen_test,reference_no_forecast,0.0,0,1150,0.0,0.0,0.0,0.0,0.0,0.0,631,0,0,0,0.0,0.26255564077566856,0.9
seen,GSHP,4,persistence,seen_test,median,0.05,1,1150,0.0,0.0,0.0,0.0,0.0,0.0,535,0,0,9120,0.0,0.26255564077566856,0.9
seen,GSHP,4,persistence,seen_test,median,0.05,2,1150,0.0,0.0,0.0,0.0,0.0,0.0,535,0,0,9120,0.0,0.26255564077566856,0.9
seen,GSHP,4,persistence,seen_test,median,0.05,3,1150,0.0,0.0,0.0,0.0,0.0,0.0,535,0,0,9120,0.0,0.26255564077566856,0.9
seen,GSHP,4,persistence,seen_test,median,0.1,1,1150,0.0,0.0,0.0,0.0,0.0,0.0,535,0,0,9120,0.0,0.26255564077566856,0.9
seen,GSHP,4,persistence,seen_test,median,0.1,2,1150,0.0,0.0,0.0,0.0,0.0,0.0,535,0,0,9120,0.0,0.26255564077566856,0.9
seen,GSHP,4,persistence,seen_test,median,0.1,3,1150,0.0,0.0,0.0,0.0,0.0,0.0,535,0,0,9120,0.0,0.26255564077566856,0.9
seen,GSHP,4,persistence,seen_test,median,0.15,1,1150,0.0,0.0,0.0,0.0,0.0,0.0,535,0,0,9120,0.0,0.26255564077566856,0.9
seen,GSHP,4,persistence,seen_test,median,0.15,2,1150,0.0,0.0,0.0,0.0,0.0,0.0,535,0,0,9120,0.0,0.26255564077566856,0.9
seen,GSHP,4,persistence,seen_test,median,0.15,3,1150,0.0,0.0,0.0,0.0,0.0,0.0,535,0,0,9120,0.0,0.26255564077566856,0.9
seen,GSHP,4,persistence,seen_test,median,0.2,1,1150,0.0,0.0,0.0,0.0,0.0,0.0,535,0,0,9120,0.0,0.26255564077566856,0.9
seen,GSHP,4,persistence,seen_test,median,0.2,2,1150,0.0,0.0,0.0,0.0,0.0,0.0,535,0,0,9120,0.0,0.26255564077566856,0.9
seen,GSHP,4,persistence,seen_test,median,0.2,3,1150,0.0,0.0,0.0,0.0,0.0,0.0,535,0,0,9120,0.0,0.26255564077566856,0.9
seen,GSHP,4,persistence,seen_test,conformal_upper_bound,0.05,1,1150,-0.00025269565217391263,0.0,-9.719584274055877e-05,-0.2708000000000004,-5.999152416062197e-05,251.7368500000001,154,126,3136,37125,2.842170943040401e-14,0.26255564077566856,0.9
seen,GSHP,4,persistence,seen_test,conformal_upper_bound,0.05,2,1150,0.00042047826086956494,0.0,0.00012912876791943746,-0.35900000000000043,1.8215127354324068e-05,286.6816499999998,154,126,3357,36904,2.842170943040401e-14,0.26255564077566856,0.9
seen,GSHP,4,persistence,seen_test,conformal_upper_bound,0.05,3,1150,0.000177608695652173,0.0,3.08681773115006e-05,-0.35900000000000043,-5.062598111160933e-05,311.55940000000015,154,126,3429,36832,5.684341886080802e-14,0.26255564077566856,0.9
seen,GSHP,4,persistence,seen_test,conformal_upper_bound,0.1,1,1150,-0.0015790434782608734,0.0,-0.000648540054128456,-0.47350000000000003,-0.00020855761493467268,308.1166000000003,154,126,2582,37679,2.842170943040401e-14,0.26255564077566856,0.9
seen,GSHP,4,persistence,seen_test,conformal_upper_bound,0.1,2,1150,-0.0008275652173913078,0.0,-0.00037368089366884486,-0.47350000000000003,-0.00011275515057703793,349.44770000000005,154,126,2644,37617,5.684341886080802e-14,0.26255564077566856,0.9
seen,GSHP,4,persistence,seen_test,conformal_upper_bound,0.1,3,1150,-0.0005686956521739167,0.0,-0.0002911189852686714,-0.4450000000000003,-0.00015322824855611147,383.19830000000013,154,126,2672,37589,2.842170943040401e-14,0.26255564077566856,0.9
seen,GSHP,4,persistence,seen_test,conformal_upper_bound,0.15,1,1150,-0.002290913043478264,0.0,-0.0009553617148925984,-0.5680000000000001,-0.0002876956804241514,332.68710000000056,154,126,2405,37856,5.684341886080802e-14,0.26255564077566856,0.9
seen,GSHP,4,persistence,seen_test,conformal_upper_bound,0.15,2,1150,-0.0015010000000000023,0.0,-0.0006384297388321186,-0.5680000000000001,-0.00017303161506511652,382.6585500000005,154,126,2381,37880,2.842170943040401e-14,0.26255564077566856,0.9
seen,GSHP,4,persistence,seen_test,conformal_upper_bound,0.15,3,1150,-0.0009896086956521753,0.0,-0.000440955672377294,-0.44499999999999984,-0.0001911096906588761,418.2518,154,126,2373,37888,2.842170943040401e-14,0.26255564077566856,0.9
seen,GSHP,4,persistence,seen_test,conformal_upper_bound,0.2,1,1150,-0.0031140869565217427,0.0,-0.0013017761608604271,-0.5680000000000001,-0.00038827847735631066,345.40120000000053,154,126,2339,37922,2.842170943040401e-14,0.26255564077566856,0.9
seen,GSHP,4,persistence,seen_test,conformal_upper_bound,0.2,2,1150,-0.002089739130434785,0.0,-0.0008961904326261825,-0.5680000000000001,-0.0002446373270449049,403.9596000000004,154,126,2275,37986,5.684341886080802e-14,0.26255564077566856,0.9
seen,GSHP,4,persistence,seen_test,conformal_upper_bound,0.2,3,1150,-0.0013313043478260875,0.0,-0.0005346072237444524,-0.4450000000000003,-0.00023177995196276599,438.4202000000001,154,126,2224,38037,5.684341886080802e-14,0.26255564077566856,0.9
seen,GSHP,4,seasonal_daily,seen_test,reference_no_forecast,0.0,0,1150,0.0,0.0,0.0,0.0,0.0,0.0,631,0,0,0,0.0,0.26255564077566856,0.9
seen,GSHP,4,seasonal_daily,seen_test,median,0.05,1,1150,0.006943913043478264,0.0,0.00220870897615002,-0.6557499999999994,0.0006539356690228962,840.8393500000004,78,51,6267,394,5.684341886080802e-14,0.26255564077566856,0.9
seen,GSHP,4,seasonal_daily,seen_test,median,0.05,2,1150,-0.0016625652173912983,0.0,-0.0002614254320663195,-0.7401499999999999,-0.00047641617072253725,896.8364500000012,78,51,6603,58,5.684341886080802e-14,0.26255564077566856,0.9
seen,GSHP,4,seasonal_daily,seen_test,median,0.05,3,1150,-0.0028583478260869486,0.0,-0.0006207721982680188,-0.9217999999999993,-0.0006070249697390666,899.5766500000012,78,51,6613,48,5.684341886080802e-14,0.26255564077566856,0.9
seen,GSHP,4,seasonal_daily,seen_test,median,0.1,1,1150,-0.009106521739130426,0.0,-0.0027701493442736065,-0.9000999999999992,-0.0016128795900798472,1591.506700000001,78,51,6111,550,5.684341886080802e-14,0.26255564077566856,0.9
seen,GSHP,4,seasonal_daily,seen_test,median,0.1,2,1150,-0.036165565217391345,0.0,-0.010725634923761624,-1.4803000000000006,-0.004599968292736875,1689.695800000001,78,51,6375,286,5.684341886080802e-14,0.26255564077566856,0.9
seen,GSHP,4,seasonal_daily,seen_test,median,0.1,3,1150,-0.03239104347826088,0.0,-0.009501362156221714,-1.7552000000000003,-0.003993294278896122,1693.6393000000012,78,51,6374,287,5.684341886080802e-14,0.26255564077566856,0.9
seen,GSHP,4,seasonal_daily,seen_test,median,0.15,1,1150,-0.032881521739130434,0.0,-0.010123250604732499,-1.3501500000000002,-0.004461103002716191,2227.84235,78,51,5912,749,5.684341886080802e-14,0.26255564077566856,0.9
seen,GSHP,4,seasonal_daily,seen_test,median,0.15,2,1150,-0.06917756521739134,0.0,-0.021118043390199098,-1.6429999999999998,-0.008260873238670693,2324.9494499999973,78,51,6008,653,5.684341886080802e-14,0.26255564077566856,0.9
seen,GSHP,4,seasonal_daily,seen_test,median,0.15,3,1150,-0.0581735652173914,0.0,-0.017665346749998173,-1.8370000000000015,-0.006972535764274377,2328.3862499999973,78,51,5975,686,5.684341886080802e-14,0.26255564077566856,0.9
seen,GSHP,4,seasonal_daily,seen_test,median,0.2,1,1150,-0.05768939130434786,0.0,-0.017995408237293974,-1.6130000000000004,-0.007404158546172786,2769.451800000001,78,51,5721,940,5.684341886080802e-14,0.26255564077566856,0.9
seen,GSHP,4,seasonal_daily,seen_test,median,0.2,2,1150,-0.09527373913043491,0.0,-0.02963835924232236,-1.879,-0.011106115844962638,2841.1059999999984,78,51,5697,964,5.684341886080802e-14,0.26255564077566856,0.9
seen,GSHP,4,seasonal_daily,seen_test,median,0.2,3,1150,-0.0839629565217391,0.0,-0.0259746178947425,-1.879,-0.009760024775061498,2841.5953999999983,78,51,5619,1042,5.684341886080802e-14,0.26255564077566856,0.9
seen,GSHP,4,seasonal_daily,seen_test,conformal_upper_bound,0.05,1,1150,0.022686826086956532,0.0,0.011868900622827826,-0.6426999999999996,0.0016824704696082038,2313.3323000000028,0,398,17262,6539,5.684341886080802e-14,0.26255564077566856,0.9
seen,GSHP,4,seasonal_daily,seen_test,conformal_upper_bound,0.05,2,1150,0.027054521739130415,0.0,0.014038128361493513,-0.8871999999999995,0.002019736646464569,2660.336200000001,0,398,19262,4539,5.684341886080802e-14,0.26255564077566856,0.9
seen,GSHP,4,seasonal_daily,seen_test,conformal_upper_bound,0.05,3,1150,0.0329554347826087,0.0,0.016283765666045915,-0.8871999999999995,0.0026747840712166336,2808.6181500000025,0,398,20057,3744,5.684341886080802e-14,0.26255564077566856,0.9
seen,GSHP,4,seasonal_daily,seen_test,conformal_upper_bound,0.1,1,1150,0.019458695652173903,0.0,0.012779385821307434,-1.008,0.0009171579314172702,3942.559899999994,0,398,15964,7837,5.684341886080802e-14,0.26255564077566856,0.9
seen,GSHP,4,seasonal_daily,seen_test,conformal_upper_bound,0.1,2,1150,0.025396086956521735,0.0,0.016166531741712557,-1.225,0.0013351809063292719,4299.3962,0,398,16718,7083,5.684341886080802e-14,0.26255564077566856,0.9
seen,GSHP,4,seasonal_daily,seen_test,conformal_upper_bound,0.1,3,1150,0.02929791304347824,0.0,0.017618869196438364,-1.2233,0.0017426781923262278,4360.5791999999965,0,398,16557,7244,5.684341886080802e-14,0.26255564077566856,0.9
seen,GSHP,4,seasonal_daily,seen_test,conformal_upper_bound,0.15,1,1150,0.004972826086956523,0.0,0.008318012998283518,-1.4229999999999998,-0.0006295130953196804,5092.647399999989,0,398,14873,8928,5.684341886080802e-14,0.26255564077566856,0.9
seen,GSHP,4,seasonal_daily,seen_test,conformal_upper_bound,0.15,2,1150,0.004671956521739133,0.0,0.008877790248635338,-1.4229999999999994,-0.0008491940024646777,5289.860649999993,0,398,14706,9095,5.684341886080802e-14,0.26255564077566856,0.9
seen,GSHP,4,seasonal_daily,seen_test,conformal_upper_bound,0.15,3,1150,0.0003912173913043501,0.0,0.006720162856971766,-1.4229999999999994,-0.0010891725133841568,5253.5284499999925,0,398,14167,9634,5.684341886080802e-14,0.26255564077566856,0.9
seen,GSHP,4,seasonal_daily,seen_test,conformal_upper_bound,0.2,1,1150,-0.014221913043478288,0.0,0.0010561107171586722,-1.4229999999999998,-0.002409335077602859,5881.417600000005,0,398,13981,9820,5.684341886080802e-14,0.26255564077566856,0.9
seen,GSHP,4,seasonal_daily,seen_test,conformal_upper_bound,0.2,2,1150,-0.011044869565217389,0.0,0.0023160756399965387,-1.4229999999999998,-0.002325947519250843,5911.230400000007,0,398,13246,10555,5.684341886080802e-14,0.26255564077566856,0.9
seen,GSHP,4,seasonal_daily,seen_test,conformal_upper_bound,0.2,3,1150,-0.01699147826086957,0.0,-8.273305316202465e-05,-1.4229999999999998,-0.0027150858918502723,5782.401400000007,0,398,12507,11294,5.684341886080802e-14,0.26255564077566856,0.9
seen,GSHP,4,seasonal_weekly,seen_test,reference_no_forecast,0.0,0,1150,0.0,0.0,0.0,0.0,0.0,0.0,631,0,0,0,0.0,0.26255564077566856,0.9
seen,GSHP,4,seasonal_weekly,seen_test,median,0.05,1,1150,0.004017782608695652,0.0,0.0014636681599572994,-0.5579999999999998,0.00029700932046234415,807.1855500000003,87,60,6084,557,5.684341886080802e-14,0.26255564077566856,0.9
seen,GSHP,4,seasonal_weekly,seen_test,median,0.05,2,1150,0.0012005217391304315,0.0,0.000510910576668424,-0.6102500000000002,-0.00016594927224658655,857.7160000000001,87,60,6391,250,2.842170943040401e-14,0.26255564077566856,0.9
seen,GSHP,4,seasonal_weekly,seen_test,median,0.05,3,1150,0.0030476521739130455,0.0,0.001167776299608832,-0.8040500000000002,0.0001259295348463836,870.0600000000001,87,60,6463,178,5.684341886080802e-14,0.26255564077566856,0.9
seen,GSHP,4,seasonal_weekly,seen_test,median,0.1,1,1150,-0.009777739130434782,0.0,-0.0026457009653904303,-0.8968999999999996,-0.0016442733926599767,1532.9208000000008,87,60,5919,722,5.684341886080802e-14,0.26255564077566856,0.9
seen,GSHP,4,seasonal_weekly,seen_test,median,0.1,2,1150,-0.015464173913043496,0.0,-0.004652117332033653,-1.3446000000000007,-0.0024784822298750974,1617.9728000000014,87,60,6159,482,5.684341886080802e-14,0.26255564077566856,0.9
seen,GSHP,4,seasonal_weekly,seen_test,median,0.1,3,1150,-0.01803373913043479,0.0,-0.00545141013795269,-1.3446000000000007,-0.002714226703167736,1625.758100000001,87,60,6162,479,5.684341886080802e-14,0.26255564077566856,0.9
seen,GSHP,4,seasonal_weekly,seen_test,median,0.15,1,1150,-0.03457547826086953,0.0,-0.010363066563415716,-1.26485,-0.004805307609507824,2173.083450000002,87,60,5771,870,5.684341886080802e-14,0.26255564077566856,0.9
seen,GSHP,4,seasonal_weekly,seen_test,median,0.15,2,1150,-0.04972747826086952,0.0,-0.015322494476668138,-2.0409999999999995,-0.0066544471430582865,2263.042050000001,87,60,5901,740,5.684341886080802e-14,0.26255564077566856,0.9
seen,GSHP,4,seasonal_weekly,seen_test,median,0.15,3,1150,-0.05108139130434774,0.0,-0.015481961135631078,-2.0409999999999995,-0.00649137616960492,2249.4611000000014,87,60,5819,822,5.684341886080802e-14,0.26255564077566856,0.9
seen,GSHP,4,seasonal_weekly,seen_test,median,0.2,1,1150,-0.06317599999999998,0.0,-0.01956256995579752,-1.7518000000000002,-0.008181971691042483,2718.407400000003,87,60,5640,1001,5.684341886080802e-14,0.26255564077566856,0.9
seen,GSHP,4,seasonal_weekly,seen_test,median,0.2,2,1150,-0.08759582608695644,0.0,-0.0271299340003647,-2.0409999999999995,-0.01081732430342922,2785.361400000002,87,60,5635,1006,5.684341886080802e-14,0.26255564077566856,0.9
seen,GSHP,4,seasonal_weekly,seen_test,median,0.2,3,1150,-0.08298417391304347,0.0,-0.025363098773117054,-2.0409999999999995,-0.010091470128633189,2757.1846000000037,87,60,5512,1129,5.684341886080802e-14,0.26255564077566856,0.9
seen,GSHP,4,seasonal_weekly,seen_test,conformal_upper_bound,0.05,1,1150,0.029638173913043468,0.0,0.014850747772887356,-0.6433500000000003,0.0020436974522909206,2305.3442999999993,0,399,17167,8140,5.684341886080802e-14,0.26255564077566856,0.9
seen,GSHP,4,seasonal_weekly,seen_test,conformal_upper_bound,0.05,2,1150,0.032293391304347836,0.0,0.016838333260093787,-0.9154500000000003,0.002105316938034024,2661.3975499999992,0,399,19269,6038,5.684341886080802e-14,0.26255564077566856,0.9
seen,GSHP,4,seasonal_weekly,seen_test,conformal_upper_bound,0.05,3,1150,0.03581439130434783,0.0,0.018042782757568567,-1.0410000000000004,0.0025377696769989756,2819.8904500000017,0,399,20022,5285,5.684341886080802e-14,0.26255564077566856,0.9
seen,GSHP,4,seasonal_weekly,seen_test,conformal_upper_bound,0.1,1,1150,0.029561652173913048,0.0,0.0183299435847901,-1.0270000000000001,0.0013331544999134522,3848.810599999998,0,399,15601,9706,5.684341886080802e-14,0.26255564077566856,0.9
seen,GSHP,4,seasonal_weekly,seen_test,conformal_upper_bound,0.1,2,1150,0.03462086956521741,0.0,0.021566850218775985,-1.1780000000000008,0.0013863298528122947,4215.502999999999,0,399,16410,8897,5.684341886080802e-14,0.26255564077566856,0.9
seen,GSHP,4,seasonal_weekly,seen_test,conformal_upper_bound,0.1,3,1150,0.04812843478260868,0.0,0.027195882566410853,-1.1780000000000008,0.002883067432103219,4325.685400000001,0,399,16358,8949,5.684341886080802e-14,0.26255564077566856,0.9
seen,GSHP,4,seasonal_weekly,seen_test,conformal_upper_bound,0.15,1,1150,0.020795956521739097,0.0,0.016737294144005772,-1.0410000000000004,-6.932130980638486e-07,4872.641249999998,0,399,14381,10926,5.684341886080802e-14,0.26255564077566856,0.9
seen,GSHP,4,seasonal_weekly,seen_test,conformal_upper_bound,0.15,2,1150,0.02105778260869564,0.0,0.017336574151338074,-1.2285,-0.0003350326492047474,5121.973600000001,0,399,14364,10943,2.842170943040401e-14,0.26255564077566856,0.9
seen,GSHP,4,seasonal_weekly,seen_test,conformal_upper_bound,0.15,3,1150,0.04695256521739129,0.0,0.029235642377527002,-1.2279999999999993,0.002318183396698121,5181.315999999997,0,399,13967,11340,5.684341886080802e-14,0.26255564077566856,0.9
seen,GSHP,4,seasonal_weekly,seen_test,conformal_upper_bound,0.2,1,1150,0.004768869565217375,0.0,0.010348290095758815,-1.1052,-0.0015718767502376167,5542.380799999997,0,399,13375,11932,2.842170943040401e-14,0.26255564077566856,0.9
seen,GSHP,4,seasonal_weekly,seen_test,conformal_upper_bound,0.2,2,1150,0.003169391304347817,0.0,0.010596460803134733,-1.25,-0.0020167192787114443,5674.201800000001,0,399,12881,12426,5.684341886080802e-14,0.26255564077566856,0.9
seen,GSHP,4,seasonal_weekly,seen_test,conformal_upper_bound,0.2,3,1150,0.033490434782608706,0.0,0.024233306124130546,-1.2280000000000002,0.0008504193481141319,5707.991000000002,0,399,12330,12977,5.684341886080802e-14,0.26255564077566856,0.9
seen,GSHP,4,elastic_net,seen_test,reference_no_forecast,0.0,0,1150,0.0,0.0,0.0,0.0,0.0,0.0,631,0,0,0,0.0,0.26255564077566856,0.9
seen,GSHP,4,elastic_net,seen_test,median,0.05,1,1150,0.0,0.0,0.0,0.0,0.0,0.2938167283389288,626,0,17,78,0.0,0.26255564077566856,0.9
seen,GSHP,4,elastic_net,seen_test,median,0.05,2,1150,0.0,0.0,0.0,0.0,0.0,1.222359630674255,626,0,30,65,0.0,0.26255564077566856,0.9
seen,GSHP,4,elastic_net,seen_test,median,0.05,3,1150,-6.762211036486994e-05,0.0,-1.6939406404025536e-05,-0.07776542691960042,-7.700694262617301e-06,2.6583429877338807,626,0,40,55,2.842170943040401e-14,0.26255564077566856,0.9
seen,GSHP,4,elastic_net,seen_test,median,0.1,1,1150,0.0,0.0,0.0,0.0,0.0,0.2938167283389288,626,0,17,78,0.0,0.26255564077566856,0.9
seen,GSHP,4,elastic_net,seen_test,median,0.1,2,1150,0.0,0.0,0.0,0.0,0.0,1.222359630674255,626,0,30,65,0.0,0.26255564077566856,0.9
seen,GSHP,4,elastic_net,seen_test,median,0.1,3,1150,-6.762211036486994e-05,0.0,-1.6939406404025536e-05,-0.07776542691960042,-7.700694262617301e-06,2.7901604736631604,626,0,40,55,2.842170943040401e-14,0.26255564077566856,0.9
seen,GSHP,4,elastic_net,seen_test,median,0.15,1,1150,0.0,0.0,0.0,0.0,0.0,0.2938167283389288,626,0,17,78,0.0,0.26255564077566856,0.9
seen,GSHP,4,elastic_net,seen_test,median,0.15,2,1150,0.0,0.0,0.0,0.0,0.0,1.222359630674255,626,0,30,65,0.0,0.26255564077566856,0.9
seen,GSHP,4,elastic_net,seen_test,median,0.15,3,1150,-6.762211036486994e-05,0.0,-1.6939406404025536e-05,-0.07776542691960042,-7.700694262617301e-06,2.7901604736631604,626,0,40,55,2.842170943040401e-14,0.26255564077566856,0.9
seen,GSHP,4,elastic_net,seen_test,median,0.2,1,1150,0.0,0.0,0.0,0.0,0.0,0.2938167283389288,626,0,17,78,0.0,0.26255564077566856,0.9
seen,GSHP,4,elastic_net,seen_test,median,0.2,2,1150,0.0,0.0,0.0,0.0,0.0,1.222359630674255,626,0,30,65,0.0,0.26255564077566856,0.9
seen,GSHP,4,elastic_net,seen_test,median,0.2,3,1150,-6.762211036486994e-05,0.0,-1.6939406404025536e-05,-0.07776542691960042,-7.700694262617301e-06,2.7901604736631604,626,0,40,55,2.842170943040401e-14,0.26255564077566856,0.9
seen,GSHP,4,elastic_net,seen_test,conformal_upper_bound,0.05,1,1150,0.00035600315838196463,0.0,-3.963615754040409e-05,-0.2978383436829679,6.491037652465267e-06,562.1517796242988,93,29,6030,15199,5.684341886080802e-14,0.26255564077566856,0.9
seen,GSHP,4,elastic_net,seen_test,conformal_upper_bound,0.05,2,1150,0.0034359043282029887,0.0,0.0010637660406948514,-0.3764995104659583,0.0003823317257708526,664.5337264730298,93,29,6704,14525,2.842170943040401e-14,0.26255564077566856,0.9
seen,GSHP,4,elastic_net,seen_test,conformal_upper_bound,0.05,3,1150,0.00529591355398698,0.0,0.0016298274392540799,-0.3578263322938797,0.0006026400676075414,761.0891113847944,93,29,7350,13879,5.684341886080802e-14,0.26255564077566856,0.9
seen,GSHP,4,elastic_net,seen_test,conformal_upper_bound,0.1,1,1150,0.00023736896251040995,0.0,-0.00011491024811528855,-0.3546355206026961,4.510734317304725e-06,715.6034658517191,93,29,5014,16215,5.684341886080802e-14,0.26255564077566856,0.9
seen,GSHP,4,elastic_net,seen_test,conformal_upper_bound,0.1,2,1150,0.0031444999578792406,0.0,0.0008966593550603263,-0.47410144089542827,0.0003491795010364493,861.0567473060526,93,29,5338,15891,5.684341886080802e-14,0.26255564077566856,0.9
seen,GSHP,4,elastic_net,seen_test,conformal_upper_bound,0.1,3,1150,0.003183118484163794,0.0,0.0008522756348283186,-0.47410144089542827,0.0003384668390901385,978.2526730914348,93,29,5687,15542,5.684341886080802e-14,0.26255564077566856,0.9
seen,GSHP,4,elastic_net,seen_test,conformal_upper_bound,0.15,1,1150,-0.0014287241391816004,0.0,-0.0006984785902181235,-0.3546355206026961,-0.00020215004994576663,763.9184509875661,93,29,4450,16779,5.684341886080802e-14,0.26255564077566856,0.9
seen,GSHP,4,elastic_net,seen_test,conformal_upper_bound,0.15,2,1150,0.0012666588246832572,0.0,0.0002655905725116382,-0.47410144089542827,0.00013140489127280212,944.6050130653355,93,29,4648,16581,5.684341886080802e-14,0.26255564077566856,0.9
seen,GSHP,4,elastic_net,seen_test,conformal_upper_bound,0.15,3,1150,0.0009655587068611173,0.0,4.514476456760044e-05,-0.5008165524642751,8.777238493285435e-05,1078.648303521213,93,29,4880,16349,5.684341886080802e-14,0.26255564077566856,0.9
seen,GSHP,4,elastic_net,seen_test,conformal_upper_bound,0.2,1,1150,-0.0024734329053478486,0.0,-0.0010895681818384056,-0.4228785192822553,-0.00033632020546450726,785.4388127969785,93,29,4211,17018,5.684341886080802e-14,0.26255564077566856,0.9
seen,GSHP,4,elastic_net,seen_test,conformal_upper_bound,0.2,2,1150,-3.327112311609851e-05,0.0,-0.0002147090515142722,-0.47410144089542827,-3.912639149738741e-05,991.0980225397028,93,29,4294,16935,5.684341886080802e-14,0.26255564077566856,0.9
seen,GSHP,4,elastic_net,seen_test,conformal_upper_bound,0.2,3,1150,-0.0012176483574708914,0.0,-0.0007509159527554148,-0.5381351523062765,-0.00018051635564268547,1131.1281663323246,93,29,4427,16802,5.684341886080802e-14,0.26255564077566856,0.9
seen,GSHP,4,lightgbm,seen_test,reference_no_forecast,0.0,0,1150,0.0,0.0,0.0,0.0,0.0,0.0,631,0,0,0,0.0,0.26255564077566856,0.9
seen,GSHP,4,lightgbm,seen_test,median,0.05,1,1150,0.0,0.0,0.0,0.0,0.0,0.0,631,0,0,0,0.0,0.26255564077566856,0.9
seen,GSHP,4,lightgbm,seen_test,median,0.05,2,1150,0.0,0.0,0.0,0.0,0.0,0.0,631,0,0,0,0.0,0.26255564077566856,0.9
seen,GSHP,4,lightgbm,seen_test,median,0.05,3,1150,0.0,0.0,0.0,0.0,0.0,0.0,631,0,0,0,0.0,0.26255564077566856,0.9
seen,GSHP,4,lightgbm,seen_test,median,0.1,1,1150,0.0,0.0,0.0,0.0,0.0,0.0,631,0,0,0,0.0,0.26255564077566856,0.9
seen,GSHP,4,lightgbm,seen_test,median,0.1,2,1150,0.0,0.0,0.0,0.0,0.0,0.0,631,0,0,0,0.0,0.26255564077566856,0.9
seen,GSHP,4,lightgbm,seen_test,median,0.1,3,1150,0.0,0.0,0.0,0.0,0.0,0.0,631,0,0,0,0.0,0.26255564077566856,0.9
seen,GSHP,4,lightgbm,seen_test,median,0.15,1,1150,0.0,0.0,0.0,0.0,0.0,0.0,631,0,0,0,0.0,0.26255564077566856,0.9
seen,GSHP,4,lightgbm,seen_test,median,0.15,2,1150,0.0,0.0,0.0,0.0,0.0,0.0,631,0,0,0,0.0,0.26255564077566856,0.9
seen,GSHP,4,lightgbm,seen_test,median,0.15,3,1150,0.0,0.0,0.0,0.0,0.0,0.0,631,0,0,0,0.0,0.26255564077566856,0.9
seen,GSHP,4,lightgbm,seen_test,median,0.2,1,1150,0.0,0.0,0.0,0.0,0.0,0.0,631,0,0,0,0.0,0.26255564077566856,0.9
seen,GSHP,4,lightgbm,seen_test,median,0.2,2,1150,0.0,0.0,0.0,0.0,0.0,0.0,631,0,0,0,0.0,0.26255564077566856,0.9
seen,GSHP,4,lightgbm,seen_test,median,0.2,3,1150,0.0,0.0,0.0,0.0,0.0,0.0,631,0,0,0,0.0,0.26255564077566856,0.9
seen,GSHP,4,lightgbm,seen_test,conformal_upper_bound,0.05,1,1150,-0.0004949218527156805,0.0,-0.00029204572712005384,-0.24449349202569381,-9.62339361103659e-05,361.1049555347402,138,20,3816,12580,5.684341886080802e-14,0.26255564077566856,0.9
seen,GSHP,4,lightgbm,seen_test,conformal_upper_bound,0.05,2,1150,-1.3688820215222803e-05,0.0,-0.00016060892609582467,-0.3747290054784451,-7.374759678396992e-05,508.092996843858,138,20,4873,11523,5.684341886080802e-14,0.26255564077566856,0.9
seen,GSHP,4,lightgbm,seen_test,conformal_upper_bound,0.05,3,1150,0.001186330348902303,0.0,0.0002704551268998268,-0.36692986911710523,9.646405664783664e-05,595.5971659469054,138,20,5325,11071,5.684341886080802e-14,0.26255564077566856,0.9
seen,GSHP,4,lightgbm,seen_test,conformal_upper_bound,0.1,1,1150,-0.0014510659972916374,0.0,-0.0007183853772255594,-0.44848484264910926,-0.00020804453050370442,473.6833274854823,138,20,3242,13154,5.684341886080802e-14,0.26255564077566856,0.9
seen,GSHP,4,lightgbm,seen_test,conformal_upper_bound,0.1,2,1150,-0.0016459557218857408,0.0,-0.000781281425461239,-0.5436954530677105,-0.0002609128169153198,702.0519566811683,138,20,4028,12368,5.684341886080802e-14,0.26255564077566856,0.9
seen,GSHP,4,lightgbm,seen_test,conformal_upper_bound,0.1,3,1150,-0.002225323794791294,0.0,-0.0009218366130195692,-0.5306256665794438,-0.00034559170703460043,841.0463256936804,138,20,4350,12046,2.842170943040401e-14,0.26255564077566856,0.9
seen,GSHP,4,lightgbm,seen_test,conformal_upper_bound,0.15,1,1150,-0.0021153997847770294,0.0,-0.0009584995177014987,-0.44848484264910926,-0.0002900744146296822,520.5493222390627,138,20,2956,13440,5.684341886080802e-14,0.26255564077566856,0.9
seen,GSHP,4,lightgbm,seen_test,conformal_upper_bound,0.15,2,1150,-0.003078685625050424,0.0,-0.0012801880099656108,-0.5436954530677109,-0.000436835587777345,784.0396520071611,138,20,3610,12786,5.684341886080802e-14,0.26255564077566856,0.9
seen,GSHP,4,lightgbm,seen_test,conformal_upper_bound,0.15,3,1150,-0.0043758008034936605,0.0,-0.0017295867508493868,-0.5620110529734932,-0.0006240312208911826,953.9348264671006,138,20,3778,12618,2.842170943040401e-14,0.26255564077566856,0.9
seen,GSHP,4,lightgbm,seen_test,conformal_upper_bound,0.2,1,1150,-0.0029084362215156903,0.0,-0.0012597373798112002,-0.4487316961821626,-0.00038458904124522437,540.6543900906456,138,20,2874,13522,5.684341886080802e-14,0.26255564077566856,0.9
seen,GSHP,4,lightgbm,seen_test,conformal_upper_bound,0.2,2,1150,-0.004023874185315862,0.0,-0.0015830797418990442,-0.5436954530677109,-0.0005476599795913543,822.6503895772188,138,20,3322,13074,5.684341886080802e-14,0.26255564077566856,0.9
seen,GSHP,4,lightgbm,seen_test,conformal_upper_bound,0.2,3,1150,-0.005801545290730529,0.0,-0.0022232094432920904,-0.5620110529734932,-0.000784187421890554,1020.3225900627693,138,20,3408,12988,5.684341886080802e-14,0.26255564077566856,0.9
seen,GSHP,5,persistence,seen_test,reference_no_forecast,0.0,0,284,0.0,0.0,0.0,0.0,0.0,0.0,158,0,0,0,0.0,0.22193947902327368,0.9
seen,GSHP,5,persistence,seen_test,median,0.05,1,284,0.0,0.0,0.0,0.0,0.0,0.0,142,1,0,1615,0.0,0.22193947902327368,0.9
seen,GSHP,5,persistence,seen_test,median,0.05,2,284,0.0,0.0,0.0,0.0,0.0,0.0,142,1,0,1615,0.0,0.22193947902327368,0.9
seen,GSHP,5,persistence,seen_test,median,0.05,3,284,0.0,0.0,0.0,0.0,0.0,0.0,142,1,0,1615,0.0,0.22193947902327368,0.9
seen,GSHP,5,persistence,seen_test,median,0.1,1,284,0.0,0.0,0.0,0.0,0.0,0.0,142,1,0,1615,0.0,0.22193947902327368,0.9
seen,GSHP,5,persistence,seen_test,median,0.1,2,284,0.0,0.0,0.0,0.0,0.0,0.0,142,1,0,1615,0.0,0.22193947902327368,0.9
seen,GSHP,5,persistence,seen_test,median,0.1,3,284,0.0,0.0,0.0,0.0,0.0,0.0,142,1,0,1615,0.0,0.22193947902327368,0.9
seen,GSHP,5,persistence,seen_test,median,0.15,1,284,0.0,0.0,0.0,0.0,0.0,0.0,142,1,0,1615,0.0,0.22193947902327368,0.9
seen,GSHP,5,persistence,seen_test,median,0.15,2,284,0.0,0.0,0.0,0.0,0.0,0.0,142,1,0,1615,0.0,0.22193947902327368,0.9
seen,GSHP,5,persistence,seen_test,median,0.15,3,284,0.0,0.0,0.0,0.0,0.0,0.0,142,1,0,1615,0.0,0.22193947902327368,0.9
seen,GSHP,5,persistence,seen_test,median,0.2,1,284,0.0,0.0,0.0,0.0,0.0,0.0,142,1,0,1615,0.0,0.22193947902327368,0.9
seen,GSHP,5,persistence,seen_test,median,0.2,2,284,0.0,0.0,0.0,0.0,0.0,0.0,142,1,0,1615,0.0,0.22193947902327368,0.9
seen,GSHP,5,persistence,seen_test,median,0.2,3,284,0.0,0.0,0.0,0.0,0.0,0.0,142,1,0,1615,0.0,0.22193947902327368,0.9
seen,GSHP,5,persistence,seen_test,conformal_upper_bound,0.05,1,284,0.005621126760563412,0.0,0.0016905407911828004,-0.13034999999999997,0.0004975572088168063,123.62680000000091,53,23,1330,6246,2.842170943040401e-14,0.22193947902327368,0.9
seen,GSHP,5,persistence,seen_test,conformal_upper_bound,0.05,2,284,0.011535211267605643,0.0,0.0042909981641952545,-0.13034999999999997,0.0009355139534560994,160.38775000000078,53,23,1592,5984,5.684341886080802e-14,0.22193947902327368,0.9
seen,GSHP,5,persistence,seen_test,conformal_upper_bound,0.05,3,284,0.011620246478873272,0.0,0.0044633422406258165,-0.2548499999999998,0.0008192531981797217,149.77115000000072,53,23,1458,6118,2.842170943040401e-14,0.22193947902327368,0.9
seen,GSHP,5,persistence,seen_test,conformal_upper_bound,0.1,1,284,0.006518661971830981,0.0,0.001433845422646944,-0.26069999999999993,0.0005750370363185989,175.86440000000144,53,23,1191,6385,5.684341886080802e-14,0.22193947902327368,0.9
seen,GSHP,5,persistence,seen_test,conformal_upper_bound,0.1,2,284,0.013448591549295825,0.0,0.004811584074762333,-0.26069999999999993,0.0011712700569835913,226.08150000000128,53,23,1362,6214,2.842170943040401e-14,0.22193947902327368,0.9
seen,GSHP,5,persistence,seen_test,conformal_upper_bound,0.1,3,284,0.013372887323943712,0.0,0.005273162177365062,-0.5097,0.0010666265855749017,191.92920000000098,53,23,1114,6462,2.842170943040401e-14,0.22193947902327368,0.9
seen,GSHP,5,persistence,seen_test,conformal_upper_bound,0.15,1,284,0.006126584507042254,0.0,0.0010911592284641972,-0.3910499999999999,0.0005398408062903651,201.58115000000168,53,23,1133,6443,2.842170943040401e-14,0.22193947902327368,0.9
seen,GSHP,5,persistence,seen_test,conformal_upper_bound,0.15,2,284,0.012263556338028203,0.0,0.004329022462844807,-0.43344999999999967,0.0011406398399082802,259.6254000000013,53,23,1210,6366,2.842170943040401e-14,0.22193947902327368,0.9
seen,GSHP,5,persistence,seen_test,conformal_upper_bound,0.15,3,284,0.013500880281690143,0.0,0.005325152852182091,-0.5821000000000018,0.001115114392588593,212.1941500000011,53,23,970,6606,2.842170943040401e-14,0.22193947902327368,0.9
seen,GSHP,5,persistence,seen_test,conformal_upper_bound,0.2,1,284,0.0053922535211267724,0.0,0.0008015550165512271,-0.5214000000000003,0.000491845695692596,212.00840000000187,53,23,1115,6461,2.842170943040401e-14,0.22193947902327368,0.9
seen,GSHP,5,persistence,seen_test,conformal_upper_bound,0.2,2,284,0.010697535211267614,0.0,0.0037040018268541587,-0.540100000000002,0.0010090303893755639,280.29040000000145,53,23,1143,6433,2.842170943040401e-14,0.22193947902327368,0.9
seen,GSHP,5,persistence,seen_test,conformal_upper_bound,0.2,3,284,0.01334330985915495,0.0,0.005353354025924338,-0.5821000000000027,0.0011299220870845726,221.16650000000115,53,23,896,6680,2.842170943040401e-14,0.22193947902327368,0.9
seen,GSHP,5,seasonal_daily,seen_test,reference_no_forecast,0.0,0,284,0.0,0.0,0.0,0.0,0.0,0.0,158,0,0,0,0.0,0.22193947902327368,0.9
seen,GSHP,5,seasonal_daily,seen_test,median,0.05,1,284,0.027105281690140814,0.0,0.008191297934643632,-0.6526999999999994,0.0013230443943023664,193.68255000000002,21,22,1397,193,5.684341886080802e-14,0.22193947902327368,0.9
seen,GSHP,5,seasonal_daily,seen_test,median,0.05,2,284,0.031567077464788706,0.0,0.009620727755129925,-0.8251000000000017,0.0019057489179274717,215.02645000000004,21,22,1527,63,5.684341886080802e-14,0.22193947902327368,0.9
seen,GSHP,5,seasonal_daily,seen_test,median,0.05,3,284,0.032649471830985856,0.0,0.009796197098812938,-0.8251000000000017,0.0018862994201025785,215.10500000000005,21,22,1527,63,5.684341886080802e-14,0.22193947902327368,0.9
seen,GSHP,5,seasonal_daily,seen_test,median,0.1,1,284,0.051638028169013986,0.0,0.015423796448955411,-0.8586000000000005,0.002365424313527172,360.2744000000001,21,22,1334,256,2.842170943040401e-14,0.22193947902327368,0.9
seen,GSHP,5,seasonal_daily,seen_test,median,0.1,2,284,0.04429471830985905,0.0,0.013802185128596635,-0.9591000000000025,0.0017091125182292109,387.61330000000004,21,22,1415,175,5.684341886080802e-14,0.22193947902327368,0.9
seen,GSHP,5,seasonal_daily,seen_test,median,0.1,3,284,0.047155985915492894,0.0,0.014079667086517826,-0.9591000000000025,0.0016792045882866892,377.6257000000001,21,22,1371,219,2.842170943040401e-14,0.22193947902327368,0.9
seen,GSHP,5,seasonal_daily,seen_test,median,0.15,1,284,0.06784630281690127,0.0,0.020003700841206316,-0.9591000000000025,0.0025762207969762634,502.98930000000047,21,22,1295,295,2.842170943040401e-14,0.22193947902327368,0.9
seen,GSHP,5,seasonal_daily,seen_test,median,0.15,2,284,0.0513913732394364,0.0,0.015459633449671639,-0.9591000000000025,0.0008241706021740294,515.4157500000005,21,22,1308,282,2.842170943040401e-14,0.22193947902327368,0.9
seen,GSHP,5,seasonal_daily,seen_test,median,0.15,3,284,0.056864788732394214,0.0,0.01668540483771277,-1.0171000000000028,0.0010730370076161562,503.0575500000003,21,22,1248,342,2.842170943040401e-14,0.22193947902327368,0.9
seen,GSHP,5,seasonal_daily,seen_test,median,0.2,1,284,0.07300774647887305,0.0,0.021314750946477078,-0.9591000000000025,0.0022007854247737342,621.4487000000006,21,22,1246,344,2.842170943040401e-14,0.22193947902327368,0.9
seen,GSHP,5,seasonal_daily,seen_test,median,0.2,2,284,0.04462992957746455,0.0,0.013310479330700013,-0.9591000000000025,-0.0007627018605420213,613.5983000000007,21,22,1199,391,5.684341886080802e-14,0.22193947902327368,0.9
seen,GSHP,5,seasonal_daily,seen_test,median,0.2,3,284,0.06054190140845051,0.0,0.01740851247977839,-1.0758,0.0005901465143784009,598.2737000000004,21,22,1148,442,5.684341886080802e-14,0.22193947902327368,0.9
seen,GSHP,5,seasonal_daily,seen_test,conformal_upper_bound,0.05,1,284,0.07389982394366208,0.10680000000000012,0.026516457269291593,-0.36510000000000264,0.005227744302522912,436.0612500000007,0,117,3199,1465,2.842170943040401e-14,0.22193947902327368,0.9
seen,GSHP,5,seasonal_daily,seen_test,conformal_upper_bound,0.05,2,284,0.09212658450704238,0.12215000000000009,0.033369730585910445,-0.36510000000000264,0.0065740938254910996,498.31355000000053,0,117,3555,1109,5.684341886080802e-14,0.22193947902327368,0.9
seen,GSHP,5,seasonal_daily,seen_test,conformal_upper_bound,0.05,3,284,0.09208116197183112,0.12207500000000016,0.03318493720161242,-0.49115000000000064,0.006473719594206048,512.5208500000003,0,117,3634,1030,2.842170943040401e-14,0.22193947902327368,0.9
seen,GSHP,5,seasonal_daily,seen_test,conformal_upper_bound,0.1,1,284,0.09576302816901418,0.06865000000000121,0.03417536701261853,-0.4935999999999998,0.006756763112872968,762.2326000000007,0,117,2988,1676,2.842170943040401e-14,0.22193947902327368,0.9
seen,GSHP,5,seasonal_daily,seen_test,conformal_upper_bound,0.1,2,284,0.13796654929577468,0.1080000000000001,0.04897729871193121,-0.4935999999999998,0.00864358793664231,815.6089000000011,0,117,3088,1576,5.684341886080802e-14,0.22193947902327368,0.9
seen,GSHP,5,seasonal_daily,seen_test,conformal_upper_bound,0.1,3,284,0.13921021126760563,0.1080000000000001,0.04915028521936336,-1.0913000000000008,0.008778157996905107,814.9208000000015,0,117,3054,1610,2.842170943040401e-14,0.22193947902327368,0.9
seen,GSHP,5,seasonal_daily,seen_test,conformal_upper_bound,0.15,1,284,0.07376742957746497,0.019999999999999796,0.022572178395698746,-0.7965499999999999,0.005264310080420437,994.7834500000014,0,117,2800,1864,5.684341886080802e-14,0.22193947902327368,0.9
seen,GSHP,5,seasonal_daily,seen_test,conformal_upper_bound,0.15,2,284,0.1349954225352113,0.016000000000000125,0.04496756176634307,-0.7965499999999999,0.008001824907831355,1018.3252500000012,0,117,2734,1930,5.684341886080802e-14,0.22193947902327368,0.9
seen,GSHP,5,seasonal_daily,seen_test,conformal_upper_bound,0.15,3,284,0.1397919014084508,0.035150000000001125,0.04584756611512326,-1.3193000000000001,0.0085801868030455,992.2976000000017,0,117,2603,2061,5.684341886080802e-14,0.22193947902327368,0.9
seen,GSHP,5,seasonal_daily,seen_test,conformal_upper_bound,0.2,1,284,0.04514542253521129,0.010000000000000009,0.00821440965741504,-1.0015999999999998,0.003275205111149284,1157.607300000002,0,117,2632,2032,2.842170943040401e-14,0.22193947902327368,0.9
seen,GSHP,5,seasonal_daily,seen_test,conformal_upper_bound,0.2,2,284,0.0846038732394364,0.000500000000000056,0.021847627422322657,-0.9872000000000001,0.005151188929963839,1148.8044000000016,0,117,2453,2211,5.684341886080802e-14,0.22193947902327368,0.9
seen,GSHP,5,seasonal_daily,seen_test,conformal_upper_bound,0.2,3,284,0.08471056338028148,0.0050000000000000044,0.020119287431551152,-1.5671000000000026,0.005265494382799294,1108.8367000000012,0,117,2313,2351,5.684341886080802e-14,0.22193947902327368,0.9
seen,GSHP,5,seasonal_weekly,seen_test,reference_no_forecast,0.0,0,284,0.0,0.0,0.0,0.0,0.0,0.0,158,0,0,0,0.0,0.22193947902327368,0.9
seen,GSHP,5,seasonal_weekly,seen_test,median,0.05,1,284,0.03675580985915489,0.0,0.011392940723125602,-0.6145500000000004,0.0025802641520582506,161.81485000000018,23,19,1186,292,2.842170943040401e-14,0.22193947902327368,0.9
seen,GSHP,5,seasonal_weekly,seen_test,median,0.05,2,284,0.03987341549295771,0.0,0.012403761281791818,-0.9497500000000008,0.0029661009825804096,178.60409999999996,23,19,1295,183,2.842170943040401e-14,0.22193947902327368,0.9
seen,GSHP,5,seasonal_weekly,seen_test,median,0.05,3,284,0.03793521126760559,0.0,0.011710367010982579,-0.9497500000000008,0.0027093004479002807,183.12015000000005,23,19,1323,155,2.842170943040401e-14,0.22193947902327368,0.9
seen,GSHP,5,seasonal_weekly,seen_test,median,0.1,1,284,0.06369436619718298,0.0,0.01968442805139197,-1.2051000000000016,0.00420729242467243,302.7709000000004,23,19,1143,335,2.842170943040401e-14,0.22193947902327368,0.9
seen,GSHP,5,seasonal_weekly,seen_test,median,0.1,2,284,0.06914154929577454,0.0,0.020990539031368584,-1.2051000000000016,0.004683368350646303,321.7087000000002,23,19,1193,285,2.842170943040401e-14,0.22193947902327368,0.9
seen,GSHP,5,seasonal_weekly,seen_test,median,0.1,3,284,0.07478732394366187,0.0,0.022973865720970137,-1.2051000000000016,0.005531804544294906,321.56150000000014,23,19,1177,301,5.684341886080802e-14,0.22193947902327368,0.9
seen,GSHP,5,seasonal_weekly,seen_test,median,0.15,1,284,0.0779272887323942,0.0,0.02330883097937652,-1.2051000000000016,0.004362865168308646,426.0081500000006,23,19,1100,378,2.842170943040401e-14,0.22193947902327368,0.9
seen,GSHP,5,seasonal_weekly,seen_test,median,0.15,2,284,0.08047218309859139,0.0,0.023799914469038525,-1.2051000000000016,0.004245082747800216,437.1079500000003,23,19,1098,380,5.684341886080802e-14,0.22193947902327368,0.9
seen,GSHP,5,seasonal_weekly,seen_test,median,0.15,3,284,0.0870109154929577,0.0,0.026033911129721372,-1.2051000000000016,0.0053524101644873085,440.88470000000024,23,19,1089,389,5.684341886080802e-14,0.22193947902327368,0.9
seen,GSHP,5,seasonal_weekly,seen_test,median,0.2,1,284,0.07108274647887305,0.0,0.020536263560847926,-1.2051000000000016,0.0022591320287005654,528.8367000000006,23,19,1072,406,2.842170943040401e-14,0.22193947902327368,0.9
seen,GSHP,5,seasonal_weekly,seen_test,median,0.2,2,284,0.07758661971830967,0.0,0.022481059732917183,-1.2251000000000025,0.002035796910863977,533.5494000000007,23,19,1046,432,2.842170943040401e-14,0.22193947902327368,0.9
seen,GSHP,5,seasonal_weekly,seen_test,median,0.2,3,284,0.08005457746478863,0.0,0.02285520376517428,-1.2051000000000016,0.0027814358921783777,533.8724000000007,23,19,1036,442,2.842170943040401e-14,0.22193947902327368,0.9
seen,GSHP,5,seasonal_weekly,seen_test,conformal_upper_bound,0.05,1,284,0.08042024647887328,0.12315000000000009,0.03109444497414261,-0.4821000000000022,0.0053234127754710255,432.7982500000006,2,122,3150,1552,2.842170943040401e-14,0.22193947902327368,0.9
seen,GSHP,5,seasonal_weekly,seen_test,conformal_upper_bound,0.05,2,284,0.10689260563380283,0.14074999999999993,0.041608158220255015,-0.4821000000000022,0.007535333507688806,490.4658500000003,2,122,3500,1202,5.684341886080802e-14,0.22193947902327368,0.9
seen,GSHP,5,seasonal_weekly,seen_test,conformal_upper_bound,0.05,3,284,0.10852728873239441,0.14079999999999993,0.04212397679860884,-0.4821000000000022,0.007749009615767387,500.1898000000004,2,122,3531,1171,5.684341886080802e-14,0.22193947902327368,0.9
seen,GSHP,5,seasonal_weekly,seen_test,conformal_upper_bound,0.1,1,284,0.12376549295774653,0.1274499999999985,0.04677030527500844,-0.4821000000000022,0.008133278344252268,758.0305000000013,2,122,2941,1761,2.842170943040401e-14,0.22193947902327368,0.9
seen,GSHP,5,seasonal_weekly,seen_test,conformal_upper_bound,0.1,2,284,0.16384049295774655,0.23770000000000102,0.0648666405211988,-0.4821000000000022,0.010240645186238014,797.505600000001,2,122,3026,1676,2.842170943040401e-14,0.22193947902327368,0.9
seen,GSHP,5,seasonal_weekly,seen_test,conformal_upper_bound,0.1,3,284,0.17377147887323943,0.24455000000000005,0.06806484127531649,-0.7318000000000005,0.01114578220152806,808.6692000000006,2,122,2999,1703,5.684341886080802e-14,0.22193947902327368,0.9
seen,GSHP,5,seasonal_weekly,seen_test,conformal_upper_bound,0.15,1,284,0.12697570422535198,0.07400000000000029,0.046809661984502565,-0.8108999999999997,0.00780569285486766,990.1672500000012,2,122,2755,1947,2.842170943040401e-14,0.22193947902327368,0.9
seen,GSHP,5,seasonal_weekly,seen_test,conformal_upper_bound,0.15,2,284,0.14918221830985925,0.08412499999999978,0.06115166147371985,-0.7661000000000029,0.008784930311669074,979.1292000000014,2,122,2651,2051,5.684341886080802e-14,0.22193947902327368,0.9
seen,GSHP,5,seasonal_weekly,seen_test,conformal_upper_bound,0.15,3,284,0.18557957746478856,0.1030000000000002,0.07091010274027895,-0.7661000000000029,0.010068241772171495,1015.7855000000011,2,122,2652,2050,5.684341886080802e-14,0.22193947902327368,0.9
seen,GSHP,5,seasonal_weekly,seen_test,conformal_upper_bound,0.2,1,284,0.09525563380281686,0.0011000000000020993,0.03180359125910846,-1.1181000000000023,0.005725223060770811,1147.1011000000028,2,122,2565,2137,5.684341886080802e-14,0.22193947902327368,0.9
seen,GSHP,5,seasonal_weekly,seen_test,conformal_upper_bound,0.2,2,284,0.10527570422535194,0.0,0.041713633675379426,-0.7661000000000029,0.005710036414964187,1088.309600000002,2,122,2355,2347,2.842170943040401e-14,0.22193947902327368,0.9
seen,GSHP,5,seasonal_weekly,seen_test,conformal_upper_bound,0.2,3,284,0.1736221830985915,0.0050000000000001155,0.06129181786108944,-0.9001000000000021,0.008967224514091644,1154.8429000000017,2,122,2372,2330,5.684341886080802e-14,0.22193947902327368,0.9
seen,GSHP,5,elastic_net,seen_test,reference_no_forecast,0.0,0,284,0.0,0.0,0.0,0.0,0.0,0.0,158,0,0,0,0.0,0.22193947902327368,0.9
seen,GSHP,5,elastic_net,seen_test,median,0.05,1,284,0.0,0.0,0.0,0.0,0.0,1.086237580105267,148,0,39,233,2.842170943040401e-14,0.22193947902327368,0.9
seen,GSHP,5,elastic_net,seen_test,median,0.05,2,284,0.0,0.0,0.0,0.0,0.0,4.34302439194683,148,0,73,199,2.842170943040401e-14,0.22193947902327368,0.9
seen,GSHP,5,elastic_net,seen_test,median,0.05,3,284,0.0,0.0,0.0,0.0,0.0,8.220545107998145,148,0,102,170,2.842170943040401e-14,0.22193947902327368,0.9
seen,GSHP,5,elastic_net,seen_test,median,0.1,1,284,0.0,0.0,0.0,0.0,0.0,1.086237580105267,148,0,39,233,2.842170943040401e-14,0.22193947902327368,0.9
seen,GSHP,5,elastic_net,seen_test,median,0.1,2,284,0.0,0.0,0.0,0.0,0.0,4.4891947691227845,148,0,73,199,2.842170943040401e-14,0.22193947902327368,0.9
seen,GSHP,5,elastic_net,seen_test,median,0.1,3,284,0.0,0.0,0.0,0.0,0.0,10.223916367721456,148,0,102,170,2.842170943040401e-14,0.22193947902327368,0.9
seen,GSHP,5,elastic_net,seen_test,median,0.15,1,284,0.0,0.0,0.0,0.0,0.0,1.086237580105267,148,0,39,233,2.842170943040401e-14,0.22193947902327368,0.9
seen,GSHP,5,elastic_net,seen_test,median,0.15,2,284,0.0,0.0,0.0,0.0,0.0,4.4891947691227845,148,0,73,199,2.842170943040401e-14,0.22193947902327368,0.9
seen,GSHP,5,elastic_net,seen_test,median,0.15,3,284,0.0,0.0,0.0,0.0,0.0,10.284700959835094,148,0,102,170,2.842170943040401e-14,0.22193947902327368,0.9
seen,GSHP,5,elastic_net,seen_test,median,0.2,1,284,0.0,0.0,0.0,0.0,0.0,1.086237580105267,148,0,39,233,2.842170943040401e-14,0.22193947902327368,0.9
seen,GSHP,5,elastic_net,seen_test,median,0.2,2,284,0.0,0.0,0.0,0.0,0.0,4.4891947691227845,148,0,73,199,2.842170943040401e-14,0.22193947902327368,0.9
seen,GSHP,5,elastic_net,seen_test,median,0.2,3,284,0.0,0.0,0.0,0.0,0.0,10.284700959835094,148,0,102,170,2.842170943040401e-14,0.22193947902327368,0.9
seen,GSHP,5,elastic_net,seen_test,conformal_upper_bound,0.05,1,284,0.006409039452990528,0.0,0.0019047133989800755,-0.17403180313050992,0.0006478328051808156,141.4270262979842,53,3,1369,2983,5.684341886080802e-14,0.22193947902327368,0.9
seen,GSHP,5,elastic_net,seen_test,conformal_upper_bound,0.05,2,284,0.007986299949361944,0.0,0.0022677906235854316,-0.4075436648813304,0.0007396137761189356,184.94837986729758,53,3,1658,2694,5.684341886080802e-14,0.22193947902327368,0.9
seen,GSHP,5,elastic_net,seen_test,conformal_upper_bound,0.05,3,284,0.011268710467267498,0.0,0.0033750637113947823,-0.17403180313050992,0.0011948520831319572,193.9674541236623,53,3,1655,2697,2.842170943040401e-14,0.22193947902327368,0.9
seen,GSHP,5,elastic_net,seen_test,conformal_upper_bound,0.1,1,284,0.009427595378477045,0.0,0.0027912775241197316,-0.2624048756987718,0.0009580614655901563,203.50366754783118,53,3,1226,3126,5.684341886080802e-14,0.22193947902327368,0.9
seen,GSHP,5,elastic_net,seen_test,conformal_upper_bound,0.1,2,284,0.010074310026649373,0.0,0.0027918323380945863,-0.5040486617960123,0.000865469140601875,272.43615465568615,53,3,1426,2926,5.684341886080802e-14,0.22193947902327368,0.9
seen,GSHP,5,elastic_net,seen_test,conformal_upper_bound,0.1,3,284,0.015160509100308348,0.0,0.004567567372668039,-0.21230010152261336,0.0015999255644632536,270.2537095490378,53,3,1323,3029,2.842170943040401e-14,0.22193947902327368,0.9
seen,GSHP,5,elastic_net,seen_test,conformal_upper_bound,0.15,1,284,0.01029600684902024,0.0,0.0030334425224620323,-0.34984892306492243,0.0010382797281474035,233.62062185082127,53,3,1134,3218,2.842170943040401e-14,0.22193947902327368,0.9
seen,GSHP,5,elastic_net,seen_test,conformal_upper_bound,0.15,2,284,0.011093951199316065,0.0,0.00305648845866143,-0.5040486617960123,0.0009300405498134167,323.942435287132,53,3,1310,3042,5.684341886080802e-14,0.22193947902327368,0.9
seen,GSHP,5,elastic_net,seen_test,conformal_upper_bound,0.15,3,284,0.015444524781201575,0.0,0.004673707857511122,-0.21230010152261336,0.001555481092850341,307.091619839716,53,3,1168,3184,5.684341886080802e-14,0.22193947902327368,0.9
seen,GSHP,5,elastic_net,seen_test,conformal_upper_bound,0.2,1,284,0.009454246312919917,0.0,0.0027274277209785335,-0.4664652307532302,0.0009339222199792064,245.9673781537365,53,3,1105,3247,2.842170943040401e-14,0.22193947902327368,0.9
seen,GSHP,5,elastic_net,seen_test,conformal_upper_bound,0.2,2,284,0.011030057836240328,0.0,0.002943290376310178,-0.5535346267867269,0.000904822280483716,352.78155857704974,53,3,1242,3110,2.842170943040401e-14,0.22193947902327368,0.9
seen,GSHP,5,elastic_net,seen_test,conformal_upper_bound,0.2,3,284,0.012102929143675223,0.0,0.0036480845154882612,-0.21230010152261336,0.0010857278823571354,326.86135702764636,53,3,1083,3269,2.842170943040401e-14,0.22193947902327368,0.9
seen,GSHP,5,lightgbm,seen_test,reference_no_forecast,0.0,0,284,0.0,0.0,0.0,0.0,0.0,0.0,158,0,0,0,0.0,0.22193947902327368,0.9
seen,GSHP,5,lightgbm,seen_test,median,0.05,1,284,0.0,0.0,0.0,0.0,0.0,0.0,158,0,0,0,0.0,0.22193947902327368,0.9
seen,GSHP,5,lightgbm,seen_test,median,0.05,2,284,0.0,0.0,0.0,0.0,0.0,0.0,158,0,0,0,0.0,0.22193947902327368,0.9
seen,GSHP,5,lightgbm,seen_test,median,0.05,3,284,0.0,0.0,0.0,0.0,0.0,0.0,158,0,0,0,0.0,0.22193947902327368,0.9
seen,GSHP,5,lightgbm,seen_test,median,0.1,1,284,0.0,0.0,0.0,0.0,0.0,0.0,158,0,0,0,0.0,0.22193947902327368,0.9
seen,GSHP,5,lightgbm,seen_test,median,0.1,2,284,0.0,0.0,0.0,0.0,0.0,0.0,158,0,0,0,0.0,0.22193947902327368,0.9
seen,GSHP,5,lightgbm,seen_test,median,0.1,3,284,0.0,0.0,0.0,0.0,0.0,0.0,158,0,0,0,0.0,0.22193947902327368,0.9
seen,GSHP,5,lightgbm,seen_test,median,0.15,1,284,0.0,0.0,0.0,0.0,0.0,0.0,158,0,0,0,0.0,0.22193947902327368,0.9
seen,GSHP,5,lightgbm,seen_test,median,0.15,2,284,0.0,0.0,0.0,0.0,0.0,0.0,158,0,0,0,0.0,0.22193947902327368,0.9
seen,GSHP,5,lightgbm,seen_test,median,0.15,3,284,0.0,0.0,0.0,0.0,0.0,0.0,158,0,0,0,0.0,0.22193947902327368,0.9
seen,GSHP,5,lightgbm,seen_test,median,0.2,1,284,0.0,0.0,0.0,0.0,0.0,0.0,158,0,0,0,0.0,0.22193947902327368,0.9
seen,GSHP,5,lightgbm,seen_test,median,0.2,2,284,0.0,0.0,0.0,0.0,0.0,0.0,158,0,0,0,0.0,0.22193947902327368,0.9
seen,GSHP,5,lightgbm,seen_test,median,0.2,3,284,0.0,0.0,0.0,0.0,0.0,0.0,158,0,0,0,0.0,0.22193947902327368,0.9
seen,GSHP,5,lightgbm,seen_test,conformal_upper_bound,0.05,1,284,-0.0016808896564060993,0.0,-0.0005840368918467882,-0.25928610602839974,-0.0002110307697942074,104.25320925355621,61,0,1017,2571,5.684341886080802e-14,0.22193947902327368,0.9
seen,GSHP,5,lightgbm,seen_test,conformal_upper_bound,0.05,2,284,0.0004698418223196519,0.0,-8.792797973648958e-05,-0.25447544941618583,-7.346652054667162e-05,143.51183053459437,61,0,1246,2342,5.684341886080802e-14,0.22193947902327368,0.9
seen,GSHP,5,lightgbm,seen_test,conformal_upper_bound,0.05,3,284,0.0036821177038650166,0.0,0.0009997119273357947,-0.12293027361024311,0.0003809064110529813,143.7496419910272,61,0,1205,2383,5.684341886080802e-14,0.22193947902327368,0.9
seen,GSHP,5,lightgbm,seen_test,conformal_upper_bound,0.1,1,284,-0.005064607329168537,0.0,-0.0017326134328627856,-0.4948538639337561,-0.0005570633311218898,147.23987878179244,61,0,894,2694,2.842170943040401e-14,0.22193947902327368,0.9
seen,GSHP,5,lightgbm,seen_test,conformal_upper_bound,0.1,2,284,-0.0021539698570900417,0.0,-0.0011721772666253736,-0.5089508988323721,-0.0004256162298140914,221.40615711061366,61,0,1102,2486,5.684341886080802e-14,0.22193947902327368,0.9
seen,GSHP,5,lightgbm,seen_test,conformal_upper_bound,0.1,3,284,0.0038224185885074096,0.0,0.0010105183788161492,-0.24586054722048623,0.000398795885862218,207.20818604197262,61,0,986,2602,5.684341886080802e-14,0.22193947902327368,0.9
seen,GSHP,5,lightgbm,seen_test,conformal_upper_bound,0.15,1,284,-0.005434025542997496,0.0,-0.0019249491902700155,-0.508091326426229,-0.00056998997261732,167.09120432926576,61,0,851,2737,2.842170943040401e-14,0.22193947902327368,0.9
seen,GSHP,5,lightgbm,seen_test,conformal_upper_bound,0.15,2,284,-0.0034542533353205175,0.0,-0.0017205269577740124,-0.7634263482485579,-0.0005627263636984486,270.2375249948705,61,0,1031,2557,5.684341886080802e-14,0.22193947902327368,0.9
seen,GSHP,5,lightgbm,seen_test,conformal_upper_bound,0.15,3,284,0.0050238440374226825,0.0,0.001322586933646007,-0.3256735799707795,0.0005496296927159901,241.79809383170178,61,0,865,2723,2.842170943040401e-14,0.22193947902327368,0.9
seen,GSHP,5,lightgbm,seen_test,conformal_upper_bound,0.2,1,284,-0.004562901551181198,0.0,-0.001686336948992197,-0.508091326426229,-0.00045420176774763456,171.50578963778813,61,0,823,2765,5.684341886080802e-14,0.22193947902327368,0.9
seen,GSHP,5,lightgbm,seen_test,conformal_upper_bound,0.2,2,284,-0.004754467833578272,0.0,-0.002192640110838853,-0.8699521038844944,-0.0006782255214191264,297.8629696911016,61,0,981,2607,5.684341886080802e-14,0.22193947902327368,0.9
seen,GSHP,5,lightgbm,seen_test,conformal_upper_bound,0.2,3,284,0.005609501663862375,0.0,0.0014543107154073706,-0.3256735799707795,0.000628165560223197,259.34458025790826,61,0,814,2774,2.842170943040401e-14,0.22193947902327368,0.9
seen,mixed,4,persistence,seen_test,reference_no_forecast,0.0,0,1288,0.0,0.0,0.0,0.0,0.0,0.0,700,0,0,0,0.0,0.26130325287621625,0.9
seen,mixed,4,persistence,seen_test,median,0.05,1,1288,0.0,0.0,0.0,0.0,0.0,0.0,597,1,0,9880,0.0,0.26130325287621625,0.9
seen,mixed,4,persistence,seen_test,median,0.05,2,1288,0.0,0.0,0.0,0.0,0.0,0.0,597,1,0,9880,0.0,0.26130325287621625,0.9
seen,mixed,4,persistence,seen_test,median,0.05,3,1288,0.0,0.0,0.0,0.0,0.0,0.0,597,1,0,9880,0.0,0.26130325287621625,0.9
seen,mixed,4,persistence,seen_test,median,0.1,1,1288,0.0,0.0,0.0,0.0,0.0,0.0,597,1,0,9880,0.0,0.26130325287621625,0.9
seen,mixed,4,persistence,seen_test,median,0.1,2,1288,0.0,0.0,0.0,0.0,0.0,0.0,597,1,0,9880,0.0,0.26130325287621625,0.9
seen,mixed,4,persistence,seen_test,median,0.1,3,1288,0.0,0.0,0.0,0.0,0.0,0.0,597,1,0,9880,0.0,0.26130325287621625,0.9
seen,mixed,4,persistence,seen_test,median,0.15,1,1288,0.0,0.0,0.0,0.0,0.0,0.0,597,1,0,9880,0.0,0.26130325287621625,0.9
seen,mixed,4,persistence,seen_test,median,0.15,2,1288,0.0,0.0,0.0,0.0,0.0,0.0,597,1,0,9880,0.0,0.26130325287621625,0.9
seen,mixed,4,persistence,seen_test,median,0.15,3,1288,0.0,0.0,0.0,0.0,0.0,0.0,597,1,0,9880,0.0,0.26130325287621625,0.9
seen,mixed,4,persistence,seen_test,median,0.2,1,1288,0.0,0.0,0.0,0.0,0.0,0.0,597,1,0,9880,0.0,0.26130325287621625,0.9
seen,mixed,4,persistence,seen_test,median,0.2,2,1288,0.0,0.0,0.0,0.0,0.0,0.0,597,1,0,9880,0.0,0.26130325287621625,0.9
seen,mixed,4,persistence,seen_test,median,0.2,3,1288,0.0,0.0,0.0,0.0,0.0,0.0,597,1,0,9880,0.0,0.26130325287621625,0.9
seen,mixed,4,persistence,seen_test,conformal_upper_bound,0.05,1,1288,0.0015376552795031077,0.0,0.0006465816085917925,-0.12740000000000018,0.0001001593436310366,241.67130000000017,263,114,3076,32208,2.842170943040401e-14,0.26130325287621625,0.9
seen,mixed,4,persistence,seen_test,conformal_upper_bound,0.05,2,1288,0.00297729037267081,0.0,0.0011510988606754416,-0.24360000000000004,0.00016333782760528842,279.3613,263,114,3327,31957,2.842170943040401e-14,0.26130325287621625,0.9
seen,mixed,4,persistence,seen_test,conformal_upper_bound,0.05,3,1288,0.0010195263975155283,0.0,0.0004550791451411262,-0.32499999999999973,2.191593511063112e-05,329.9778499999998,263,114,3747,31537,2.842170943040401e-14,0.26130325287621625,0.9
seen,mixed,4,persistence,seen_test,conformal_upper_bound,0.1,1,1288,0.001160559006211183,0.0,0.0005250154646863236,-0.25059999999999993,2.900715222868805e-06,307.6635999999999,263,114,2743,32541,2.842170943040401e-14,0.26130325287621625,0.9
seen,mixed,4,persistence,seen_test,conformal_upper_bound,0.1,2,1288,0.00245465838509317,0.0,0.0009562370961145234,-0.46699999999999964,4.188727800672662e-05,345.6683000000002,263,114,2793,32491,5.684341886080802e-14,0.26130325287621625,0.9
seen,mixed,4,persistence,seen_test,conformal_upper_bound,0.1,3,1288,0.0006809782608695645,0.0,0.0003699114946572722,-0.3660000000000001,-6.123425955645198e-05,440.1851000000002,263,114,3180,32104,2.842170943040401e-14,0.26130325287621625,0.9
seen,mixed,4,persistence,seen_test,conformal_upper_bound,0.15,1,1288,0.00020333850931677347,0.0,0.00013870528322084555,-0.367,-0.00016034960664658348,337.86339999999996,263,114,2637,32647,5.684341886080802e-14,0.26130325287621625,0.9
seen,mixed,4,persistence,seen_test,conformal_upper_bound,0.15,2,1288,0.002295458074534163,0.0,0.0008941525938295594,-0.49899999999999967,-7.974207479034608e-06,370.2824499999998,263,114,2541,32743,2.842170943040401e-14,0.26130325287621625,0.9
seen,mixed,4,persistence,seen_test,conformal_upper_bound,0.15,3,1288,-0.0006579968944099399,0.0,-0.00023193071502960322,-0.43400000000000016,-0.00031468977154724205,504.0012499999998,263,114,2947,32337,2.842170943040401e-14,0.26130325287621625,0.9
seen,mixed,4,persistence,seen_test,conformal_upper_bound,0.2,1,1288,-3.8819875776376e-06,0.0,5.029841439525909e-05,-0.45599999999999996,-0.0002044783812192746,346.4160000000001,263,114,2625,32659,2.842170943040401e-14,0.26130325287621625,0.9
seen,mixed,4,persistence,seen_test,conformal_upper_bound,0.2,2,1288,0.0020855590062111807,0.0,0.0008117037697612327,-0.49899999999999967,-4.332600087344885e-05,382.7497999999999,263,114,2450,32834,2.842170943040401e-14,0.26130325287621625,0.9
seen,mixed,4,persistence,seen_test,conformal_upper_bound,0.2,3,1288,-0.001864130434782611,0.0,-0.0008662297674251006,-0.48240000000000016,-0.0005230313463650428,535.8068000000001,263,114,2863,32421,2.842170943040401e-14,0.26130325287621625,0.9
seen,mixed,4,seasonal_daily,seen_test,reference_no_forecast,0.0,0,1288,0.0,0.0,0.0,0.0,0.0,0.0,700,0,0,0,0.0,0.26130325287621625,0.9
seen,mixed,4,seasonal_daily,seen_test,median,0.05,1,1288,0.02945679347826085,0.0,0.009450100814884295,-0.41799999999999926,0.0023280054260716157,792.0304500000015,55,71,5799,871,5.684341886080802e-14,0.26130325287621625,0.9
seen,mixed,4,seasonal_daily,seen_test,median,0.05,2,1288,0.030722709627329214,0.0,0.009940993857227576,-0.7670000000000003,0.0024577111577056177,868.7678000000008,55,71,6258,412,5.684341886080802e-14,0.26130325287621625,0.9
seen,mixed,4,seasonal_daily,seen_test,median,0.05,3,1288,0.030068245341614928,0.0,0.009695698538288342,-0.7670000000000003,0.0023738383726120507,891.2397500000008,55,71,6405,265,5.684341886080802e-14,0.26130325287621625,0.9
seen,mixed,4,seasonal_daily,seen_test,median,0.1,1,1288,0.04164836956521739,0.0,0.013353688675714622,-0.8360000000000003,0.0024996051587147885,1489.6714000000018,55,71,5656,1014,5.684341886080802e-14,0.26130325287621625,0.9
seen,mixed,4,seasonal_daily,seen_test,median,0.1,2,1288,0.03842989130434786,0.0,0.012462318684861497,-0.8267000000000007,0.0019326563420942152,1622.6134000000015,55,71,5988,682,5.684341886080802e-14,0.26130325287621625,0.9
seen,mixed,4,seasonal_daily,seen_test,median,0.1,3,1288,0.027564906832298165,0.0,0.009160239015870328,-1.0970000000000004,0.0006039629327990578,1651.8104000000008,55,71,6065,605,5.684341886080802e-14,0.26130325287621625,0.9
seen,mixed,4,seasonal_daily,seen_test,median,0.15,1,1288,0.04128703416149073,0.0,0.01319503016357275,-1.0638000000000005,0.0012343324228792883,2083.0986999999977,55,71,5449,1221,5.684341886080802e-14,0.26130325287621625,0.9
seen,mixed,4,seasonal_daily,seen_test,median,0.15,2,1288,0.033055784161490714,0.0,0.010931258307667429,-1.0638000000000005,8.03706366187102e-05,2251.7258999999963,55,71,5686,984,5.684341886080802e-14,0.26130325287621625,0.9
seen,mixed,4,seasonal_daily,seen_test,median,0.15,3,1288,0.010889130434782556,0.0,0.004141707433452469,-1.2669999999999995,-0.002222290346069263,2255.4882999999977,55,71,5663,1007,5.684341886080802e-14,0.26130325287621625,0.9
seen,mixed,4,seasonal_daily,seen_test,median,0.2,1,1288,0.03278990683229815,0.0,0.010415348486251214,-1.4804000000000004,-0.0006894470812249802,2583.2374000000023,55,71,5298,1372,5.684341886080802e-14,0.26130325287621625,0.9
seen,mixed,4,seasonal_daily,seen_test,median,0.2,2,1288,0.016230590062111864,0.0,0.005850931109448135,-1.4804000000000004,-0.0024401001882442823,2772.8712000000032,55,71,5410,1260,5.684341886080802e-14,0.26130325287621625,0.9
seen,mixed,4,seasonal_daily,seen_test,median,0.2,3,1288,0.0010597826086956351,0.0,0.0008638329788819036,-1.4804000000000004,-0.003915199117099518,2729.270600000002,55,71,5271,1399,5.684341886080802e-14,0.26130325287621625,0.9
seen,mixed,4,seasonal_daily,seen_test,conformal_upper_bound,0.05,1,1288,0.048670768633540355,0.0,0.018385597622230455,-0.4566499999999998,0.0035380935470934404,2175.5173500000033,0,365,15904,6653,5.684341886080802e-14,0.26130325287621625,0.9
seen,mixed,4,seasonal_daily,seen_test,conformal_upper_bound,0.05,2,1288,0.05240822981366462,0.0,0.01954240547874977,-0.6345000000000001,0.003660816373458007,2534.0774999999994,0,365,17916,4641,5.684341886080802e-14,0.26130325287621625,0.9
seen,mixed,4,seasonal_daily,seen_test,conformal_upper_bound,0.05,3,1288,0.04919840838509316,0.0,0.018447691617739806,-0.7979999999999996,0.003179522288618797,2645.940950000004,0,365,18445,4112,5.684341886080802e-14,0.26130325287621625,0.9
seen,mixed,4,seasonal_daily,seen_test,conformal_upper_bound,0.1,1,1288,0.05852181677018632,0.0,0.02216413857872012,-0.8490000000000002,0.0027329441014076914,3727.9208,0,365,14746,7811,5.684341886080802e-14,0.26130325287621625,0.9
seen,mixed,4,seasonal_daily,seen_test,conformal_upper_bound,0.1,2,1288,0.060899223602484544,0.0,0.02323828817216559,-1.0029999999999997,0.0025856195260853918,4106.861,0,365,15498,7059,5.684341886080802e-14,0.26130325287621625,0.9
seen,mixed,4,seasonal_daily,seen_test,conformal_upper_bound,0.1,3,1288,0.05812010869565217,0.0,0.02231359119075145,-1.142100000000001,0.002361957445029379,4154.8174,0,365,15340,7217,5.684341886080802e-14,0.26130325287621625,0.9
seen,mixed,4,seasonal_daily,seen_test,conformal_upper_bound,0.15,1,1288,0.05225656055900633,0.0,0.019671585686961632,-0.911550000000001,0.0010122089428044444,4820.493049999996,0,365,13748,8809,5.684341886080802e-14,0.26130325287621625,0.9
seen,mixed,4,seasonal_daily,seen_test,conformal_upper_bound,0.15,2,1288,0.055994332298136704,0.0,0.02104534311641778,-1.4609999999999999,0.001124313794296956,5099.812749999998,0,365,13754,8803,5.684341886080802e-14,0.26130325287621625,0.9
seen,mixed,4,seasonal_daily,seen_test,conformal_upper_bound,0.15,3,1288,0.05801777950310559,0.0,0.02213081660327802,-1.5270000000000001,0.0013045938490042245,5081.765050000003,0,365,13331,9226,5.684341886080802e-14,0.26130325287621625,0.9
seen,mixed,4,seasonal_daily,seen_test,conformal_upper_bound,0.2,1,1288,0.044351552795031036,0.0,0.016246944885608527,-1.1415999999999995,-0.0003299690097576409,5572.805199999991,0,365,12941,9616,5.684341886080802e-14,0.26130325287621625,0.9
seen,mixed,4,seasonal_daily,seen_test,conformal_upper_bound,0.2,2,1288,0.05029736024844713,0.0,0.018359252437415763,-1.4609999999999999,2.741418911847616e-05,5740.716399999998,0,365,12421,10136,5.684341886080802e-14,0.26130325287621625,0.9
seen,mixed,4,seasonal_daily,seen_test,conformal_upper_bound,0.2,3,1288,0.05604037267080723,0.0,0.020861335167127588,-1.527000000000001,0.00039021311793044545,5678.7336,0,365,11885,10672,5.684341886080802e-14,0.26130325287621625,0.9
seen,mixed,4,seasonal_weekly,seen_test,reference_no_forecast,0.0,0,1288,0.0,0.0,0.0,0.0,0.0,0.0,700,0,0,0,0.0,0.26130325287621625,0.9
seen,mixed,4,seasonal_weekly,seen_test,median,0.05,1,1288,0.02090135869565218,0.0,0.006992430003949764,-0.4560000000000013,0.0011892819651971582,750.4441999999995,57,60,5505,944,5.684341886080802e-14,0.26130325287621625,0.9
seen,mixed,4,seasonal_weekly,seen_test,median,0.05,2,1288,0.025186801242236018,0.0,0.008218977190504226,-0.4560000000000013,0.001700192518079291,810.7163499999999,57,60,5856,593,5.684341886080802e-14,0.26130325287621625,0.9
seen,mixed,4,seasonal_weekly,seen_test,median,0.05,3,1288,0.02580555124223602,0.0,0.008343598305729382,-0.6501500000000004,0.0017191007156004434,818.8462999999996,57,60,5882,567,5.684341886080802e-14,0.26130325287621625,0.9
seen,mixed,4,seasonal_weekly,seen_test,median,0.1,1,1288,0.02852399068322981,0.0,0.009661168200921152,-0.8829000000000002,0.0009149408222189304,1405.9286999999993,57,60,5332,1117,5.684341886080802e-14,0.26130325287621625,0.9
seen,mixed,4,seasonal_weekly,seen_test,median,0.1,2,1288,0.02885753105590064,0.0,0.009581314350454633,-1.028,0.0008565823771254225,1506.4462999999996,57,60,5576,873,1.1368683772161603e-13,0.26130325287621625,0.9
seen,mixed,4,seasonal_weekly,seen_test,median,0.1,3,1288,0.026540217391304362,0.0,0.008734231746824729,-1.028,0.0005201377807362061,1506.7814,57,60,5549,900,5.684341886080802e-14,0.26130325287621625,0.9
seen,mixed,4,seasonal_weekly,seen_test,median,0.15,1,1288,0.025344759316770153,0.0,0.008744380018709662,-1.1849999999999996,-0.0004435775718567625,1970.1430000000003,57,60,5152,1297,5.684341886080802e-14,0.26130325287621625,0.9
seen,mixed,4,seasonal_weekly,seen_test,median,0.15,2,1288,0.02012752329192549,0.0,0.007079453185972238,-1.463,-0.0011768040674506282,2090.294549999999,57,60,5309,1140,5.684341886080802e-14,0.26130325287621625,0.9
seen,mixed,4,seasonal_weekly,seen_test,median,0.15,3,1288,0.01846595496894409,0.0,0.006555090066389593,-1.463,-0.001335827207951653,2062.6499499999995,57,60,5182,1267,5.684341886080802e-14,0.26130325287621625,0.9
seen,mixed,4,seasonal_weekly,seen_test,median,0.2,1,1288,0.014878105590062132,0.0,0.005413720821114519,-1.1849999999999996,-0.0024017447159814286,2456.3733999999995,57,60,5007,1442,5.684341886080802e-14,0.26130325287621625,0.9
seen,mixed,4,seasonal_weekly,seen_test,median,0.2,2,1288,0.008679503105590094,0.0,0.003513150441880217,-1.463,-0.0032550965459800037,2568.802399999998,57,60,5051,1398,5.684341886080802e-14,0.26130325287621625,0.9
seen,mixed,4,seasonal_weekly,seen_test,median,0.2,3,1288,0.009091770186335415,0.0,0.003657430620044501,-1.463,-0.0031555549931988427,2518.7895999999973,57,60,4861,1588,5.684341886080802e-14,0.26130325287621625,0.9
seen,mixed,4,seasonal_weekly,seen_test,conformal_upper_bound,0.05,1,1288,0.04288967391304352,0.0,0.01661521195964278,-0.6140000000000003,0.002418607681244809,2307.735600000003,0,410,16778,8489,5.684341886080802e-14,0.26130325287621625,0.9
seen,mixed,4,seasonal_weekly,seen_test,conformal_upper_bound,0.05,2,1288,0.048773641304347894,0.0,0.01943393476334671,-0.8233499999999996,0.002708458918809295,2643.4536500000017,0,410,18610,6657,5.684341886080802e-14,0.26130325287621625,0.9
seen,mixed,4,seasonal_weekly,seen_test,conformal_upper_bound,0.05,3,1288,0.05001277173913052,0.0,0.01963129921121423,-0.9596499999999999,0.00291049911751266,2748.816200000005,0,410,19075,6192,5.684341886080802e-14,0.26130325287621625,0.9
seen,mixed,4,seasonal_weekly,seen_test,conformal_upper_bound,0.1,1,1288,0.059397360248447224,0.0,0.02363733402845203,-1.1119999999999997,0.002255876459901377,3897.919399999996,0,410,15391,9876,5.684341886080802e-14,0.26130325287621625,0.9
seen,mixed,4,seasonal_weekly,seen_test,conformal_upper_bound,0.1,2,1288,0.06251552795031058,0.0,0.025718887108937875,-1.2220000000000013,0.001931343537055486,4216.568299999997,0,410,15909,9358,5.684341886080802e-14,0.26130325287621625,0.9
seen,mixed,4,seasonal_weekly,seen_test,conformal_upper_bound,0.1,3,1288,0.07012150621118014,0.0,0.02829941833417182,-1.2220000000000013,0.00307138435256997,4275.221799999999,0,410,15734,9533,5.684341886080802e-14,0.26130325287621625,0.9
seen,mixed,4,seasonal_weekly,seen_test,conformal_upper_bound,0.15,1,1288,0.06097492236024841,0.0,0.024559517333626078,-1.2220000000000013,0.0012380942359512045,4963.932349999996,0,410,14220,11047,5.684341886080802e-14,0.26130325287621625,0.9
seen,mixed,4,seasonal_weekly,seen_test,conformal_upper_bound,0.15,2,1288,0.06509642857142849,0.0,0.02584425349648559,-1.2220000000000004,0.0011059982747955808,5139.7503000000015,0,410,13885,11382,5.684341886080802e-14,0.26130325287621625,0.9
seen,mixed,4,seasonal_weekly,seen_test,conformal_upper_bound,0.15,3,1288,0.07757379658385083,0.0,0.03123077277334186,-1.2220000000000013,0.002417792261407947,5161.33615,0,410,13487,11780,5.684341886080802e-14,0.26130325287621625,0.9
seen,mixed,4,seasonal_weekly,seen_test,conformal_upper_bound,0.2,1,1288,0.05497422360248448,0.0,0.021064749714865265,-1.2220000000000013,9.352463421142744e-05,5653.430600000002,0,410,13333,11934,5.684341886080802e-14,0.26130325287621625,0.9
seen,mixed,4,seasonal_weekly,seen_test,conformal_upper_bound,0.2,2,1288,0.0642894409937887,0.0,0.024154121733250378,-1.2220000000000013,0.0006968773957234952,5702.774799999994,0,410,12532,12735,5.684341886080802e-14,0.26130325287621625,0.9
seen,mixed,4,seasonal_weekly,seen_test,conformal_upper_bound,0.2,3,1288,0.08107437888198753,0.0,0.0321575735471802,-1.2220000000000013,0.0019171263276324848,5713.799200000008,0,410,12010,13257,5.684341886080802e-14,0.26130325287621625,0.9
seen,mixed,4,elastic_net,seen_test,reference_no_forecast,0.0,0,1288,0.0,0.0,0.0,0.0,0.0,0.0,700,0,0,0,0.0,0.26130325287621625,0.9
seen,mixed,4,elastic_net,seen_test,median,0.05,1,1288,-1.9020195912067823e-05,0.0,-4.3366343406939815e-06,-0.017651635411725763,-2.2967505749131013e-06,1.206022097517474,687,0,48,371,5.684341886080802e-14,0.26130325287621625,0.9
seen,mixed,4,elastic_net,seen_test,median,0.05,2,1288,-5.219690085984966e-05,0.0,-1.155995351068785e-05,-0.04273159597274301,-6.495291483398921e-06,4.795663202618957,687,0,92,327,2.842170943040401e-14,0.26130325287621625,0.9
seen,mixed,4,elastic_net,seen_test,median,0.05,3,1288,-0.00011212563786781568,0.0,-2.460779522807649e-05,-0.11991980923900325,-1.3886350309235947e-05,9.76035749459097,687,0,131,288,2.842170943040401e-14,0.26130325287621625,0.9
seen,mixed,4,elastic_net,seen_test,median,0.1,1,1288,-1.9020195912067823e-05,0.0,-4.3366343406939815e-06,-0.017651635411725763,-2.2967505749131013e-06,1.206022097517474,687,0,48,371,5.684341886080802e-14,0.26130325287621625,0.9
seen,mixed,4,elastic_net,seen_test,median,0.1,2,1288,-5.219690085984966e-05,0.0,-1.155995351068785e-05,-0.04273159597274301,-6.495291483398921e-06,4.8197298613418535,687,0,92,327,2.842170943040401e-14,0.26130325287621625,0.9
seen,mixed,4,elastic_net,seen_test,median,0.1,3,1288,-0.00014327013742014533,0.0,-3.1388657312189194e-05,-0.16003392466240385,-1.7632630529459905e-05,10.670022941929759,687,0,131,288,5.684341886080802e-14,0.26130325287621625,0.9
seen,mixed,4,elastic_net,seen_test,median,0.15,1,1288,-1.9020195912067823e-05,0.0,-4.3366343406939815e-06,-0.017651635411725763,-2.2967505749131013e-06,1.206022097517474,687,0,48,371,5.684341886080802e-14,0.26130325287621625,0.9
seen,mixed,4,elastic_net,seen_test,median,0.15,2,1288,-5.219690085984966e-05,0.0,-1.155995351068785e-05,-0.04273159597274301,-6.495291483398921e-06,4.8197298613418535,687,0,92,327,2.842170943040401e-14,0.26130325287621625,0.9
seen,mixed,4,elastic_net,seen_test,median,0.15,3,1288,-0.00014327013742014533,0.0,-3.1388657312189194e-05,-0.16003392466240385,-1.7632630529459905e-05,10.670022941929759,687,0,131,288,5.684341886080802e-14,0.26130325287621625,0.9
seen,mixed,4,elastic_net,seen_test,median,0.2,1,1288,-1.9020195912067823e-05,0.0,-4.3366343406939815e-06,-0.017651635411725763,-2.2967505749131013e-06,1.206022097517474,687,0,48,371,5.684341886080802e-14,0.26130325287621625,0.9
seen,mixed,4,elastic_net,seen_test,median,0.2,2,1288,-5.219690085984966e-05,0.0,-1.155995351068785e-05,-0.04273159597274301,-6.495291483398921e-06,4.8197298613418535,687,0,92,327,2.842170943040401e-14,0.26130325287621625,0.9
seen,mixed,4,elastic_net,seen_test,median,0.2,3,1288,-0.00014327013742014533,0.0,-3.1388657312189194e-05,-0.16003392466240385,-1.7632630529459905e-05,10.670022941929759,687,0,131,288,5.684341886080802e-14,0.26130325287621625,0.9
seen,mixed,4,elastic_net,seen_test,conformal_upper_bound,0.05,1,1288,0.00018574615848385896,0.0,-3.437906643767305e-05,-0.24839251179745192,-6.394577821041644e-05,408.5515550421415,199,32,4480,13609,5.684341886080802e-14,0.26130325287621625,0.9
seen,mixed,4,elastic_net,seen_test,conformal_upper_bound,0.05,2,1288,7.895380160021267e-05,0.0,-0.0001313096636108399,-0.3537067680004502,-0.00013491191885915146,532.508959969555,199,32,5408,12681,2.842170943040401e-14,0.26130325287621625,0.9
seen,mixed,4,elastic_net,seen_test,conformal_upper_bound,0.05,3,1288,0.0001141093817680143,0.0,-0.0003619909165474241,-0.4641306923388093,-0.00017157512701529415,680.7622702213757,199,32,6409,11680,5.684341886080802e-14,0.26130325287621625,0.9
seen,mixed,4,elastic_net,seen_test,conformal_upper_bound,0.1,1,1288,-0.0016693540498045705,0.0,-0.0007280085432289871,-0.41619565115656565,-0.0003552265413963574,551.4369809624524,199,32,4007,14082,5.684341886080802e-14,0.26130325287621625,0.9
seen,mixed,4,elastic_net,seen_test,conformal_upper_bound,0.1,2,1288,-0.0024484312302469656,0.0,-0.0010253750256291776,-0.41619565115656565,-0.0005031937917281045,710.9298589843439,199,32,4555,13534,5.684341886080802e-14,0.26130325287621625,0.9
seen,mixed,4,elastic_net,seen_test,conformal_upper_bound,0.1,3,1288,-0.0023026184097377465,0.0,-0.001372457343541596,-0.4745441931555874,-0.0005674307889142903,938.6281504423044,199,32,5342,12747,5.684341886080802e-14,0.26130325287621625,0.9
seen,mixed,4,elastic_net,seen_test,conformal_upper_bound,0.15,1,1288,-0.002825146040303531,0.0,-0.0011716577740506751,-0.41619565115656565,-0.0005290618004060435,613.8199959182276,199,32,3849,14240,5.684341886080802e-14,0.26130325287621625,0.9
seen,mixed,4,elastic_net,seen_test,conformal_upper_bound,0.15,2,1288,-0.003583825012725164,0.0,-0.0014599760551291011,-0.41619565115656565,-0.0006749630429988186,795.3156813837813,199,32,4149,13940,2.842170943040401e-14,0.26130325287621625,0.9
seen,mixed,4,elastic_net,seen_test,conformal_upper_bound,0.15,3,1288,-0.004936243554938711,0.0,-0.0024537785531326285,-0.4745441931555874,-0.0009743212428514544,1078.3760653543738,199,32,4799,13290,5.684341886080802e-14,0.26130325287621625,0.9
seen,mixed,4,elastic_net,seen_test,conformal_upper_bound,0.2,1,1288,-0.003361954076917492,0.0,-0.0013603334507015978,-0.4472036290513386,-0.0005983065927102747,632.9298052252021,199,32,3825,14264,5.684341886080802e-14,0.26130325287621625,0.9
seen,mixed,4,elastic_net,seen_test,conformal_upper_bound,0.2,2,1288,-0.0042149139272587835,0.0,-0.001695022407725979,-0.4246215443486796,-0.0007662514519383191,830.2489518972935,199,32,4012,14077,2.842170943040401e-14,0.26130325287621625,0.9
seen,mixed,4,elastic_net,seen_test,conformal_upper_bound,0.2,3,1288,-0.007229533931249277,0.0,-0.003379523553465582,-0.4889813261206868,-0.001296546424787176,1155.0022373560892,199,32,4537,13552,5.684341886080802e-14,0.26130325287621625,0.9
seen,mixed,4,lightgbm,seen_test,reference_no_forecast,0.0,0,1288,0.0,0.0,0.0,0.0,0.0,0.0,700,0,0,0,0.0,0.26130325287621625,0.9
seen,mixed,4,lightgbm,seen_test,median,0.05,1,1288,0.0,0.0,0.0,0.0,0.0,0.0,700,0,0,0,0.0,0.26130325287621625,0.9
seen,mixed,4,lightgbm,seen_test,median,0.05,2,1288,0.0,0.0,0.0,0.0,0.0,0.0,700,0,0,0,0.0,0.26130325287621625,0.9
seen,mixed,4,lightgbm,seen_test,median,0.05,3,1288,0.0,0.0,0.0,0.0,0.0,0.0,700,0,0,0,0.0,0.26130325287621625,0.9
seen,mixed,4,lightgbm,seen_test,median,0.1,1,1288,0.0,0.0,0.0,0.0,0.0,0.0,700,0,0,0,0.0,0.26130325287621625,0.9
seen,mixed,4,lightgbm,seen_test,median,0.1,2,1288,0.0,0.0,0.0,0.0,0.0,0.0,700,0,0,0,0.0,0.26130325287621625,0.9
seen,mixed,4,lightgbm,seen_test,median,0.1,3,1288,0.0,0.0,0.0,0.0,0.0,0.0,700,0,0,0,0.0,0.26130325287621625,0.9
seen,mixed,4,lightgbm,seen_test,median,0.15,1,1288,0.0,0.0,0.0,0.0,0.0,0.0,700,0,0,0,0.0,0.26130325287621625,0.9
seen,mixed,4,lightgbm,seen_test,median,0.15,2,1288,0.0,0.0,0.0,0.0,0.0,0.0,700,0,0,0,0.0,0.26130325287621625,0.9
seen,mixed,4,lightgbm,seen_test,median,0.15,3,1288,0.0,0.0,0.0,0.0,0.0,0.0,700,0,0,0,0.0,0.26130325287621625,0.9
seen,mixed,4,lightgbm,seen_test,median,0.2,1,1288,0.0,0.0,0.0,0.0,0.0,0.0,700,0,0,0,0.0,0.26130325287621625,0.9
seen,mixed,4,lightgbm,seen_test,median,0.2,2,1288,0.0,0.0,0.0,0.0,0.0,0.0,700,0,0,0,0.0,0.26130325287621625,0.9
seen,mixed,4,lightgbm,seen_test,median,0.2,3,1288,0.0,0.0,0.0,0.0,0.0,0.0,700,0,0,0,0.0,0.26130325287621625,0.9
seen,mixed,4,lightgbm,seen_test,conformal_upper_bound,0.05,1,1288,0.000874564374051993,0.0,0.0002563432812451563,-0.2530648075145092,0.00011995536339998549,332.07127683552824,236,29,3439,13265,5.684341886080802e-14,0.26130325287621625,0.9
seen,mixed,4,lightgbm,seen_test,conformal_upper_bound,0.05,2,1288,0.0008365827623459729,0.0,0.00021229861912052176,-0.27597701360451765,0.00010967566234791658,480.1363752158385,236,29,4456,12248,5.684341886080802e-14,0.26130325287621625,0.9
seen,mixed,4,lightgbm,seen_test,conformal_upper_bound,0.05,3,1288,0.001104976700419802,0.0,0.00030759463081737344,-0.28181662608160263,0.00015657928129361197,589.5673114397094,236,29,5122,11582,5.684341886080802e-14,0.26130325287621625,0.9
seen,mixed,4,lightgbm,seen_test,conformal_upper_bound,0.1,1,1288,-0.0007147148329313378,0.0,-0.00030900663824873497,-0.4621019502309718,-9.587632307061159e-05,462.9972384700222,236,29,3089,13615,5.684341886080802e-14,0.26130325287621625,0.9
seen,mixed,4,lightgbm,seen_test,conformal_upper_bound,0.1,2,1288,-0.0019589978903207916,0.0,-0.0007450607482701299,-0.5235016658702323,-0.00024431628171310327,692.2579759001983,236,29,3864,12840,5.684341886080802e-14,0.26130325287621625,0.9
seen,mixed,4,lightgbm,seen_test,conformal_upper_bound,0.1,3,1288,-0.0020841166614553037,0.0,-0.0008040391220867395,-0.5235016658702318,-0.0002638416476202728,877.81197163524,236,29,4384,12320,5.684341886080802e-14,0.26130325287621625,0.9
seen,mixed,4,lightgbm,seen_test,conformal_upper_bound,0.15,1,1288,-0.0018764769417002895,0.0,-0.000714849713891345,-0.4621019502309718,-0.0002517022916144155,526.04303518237,236,29,2948,13756,5.684341886080802e-14,0.26130325287621625,0.9
seen,mixed,4,lightgbm,seen_test,conformal_upper_bound,0.15,2,1288,-0.003389152731310116,0.0,-0.001245543623279082,-0.6195882720810362,-0.0004414363100630098,795.494553407958,236,29,3522,13182,5.684341886080802e-14,0.26130325287621625,0.9
seen,mixed,4,lightgbm,seen_test,conformal_upper_bound,0.15,3,1288,-0.004059705690462002,0.0,-0.0015107869159568029,-0.6195882720810357,-0.0005344813936356137,1043.8667709834324,236,29,3966,12738,5.684341886080802e-14,0.26130325287621625,0.9
seen,mixed,4,lightgbm,seen_test,conformal_upper_bound,0.2,1,1288,-0.0025745065310276436,0.0,-0.00094755053655255,-0.4624333751532732,-0.00034113250378850783,549.5966659829585,236,29,2913,13791,5.684341886080802e-14,0.26130325287621625,0.9
seen,mixed,4,lightgbm,seen_test,conformal_upper_bound,0.2,2,1288,-0.004136902315716974,0.0,-0.0015137120793949942,-0.6195882720810362,-0.0005480193027818655,852.5067140095516,236,29,3340,13364,5.684341886080802e-14,0.26130325287621625,0.9
seen,mixed,4,lightgbm,seen_test,conformal_upper_bound,0.2,3,1288,-0.005474776954727082,0.0,-0.002044959758889628,-0.6195882720810362,-0.0007318305959399233,1137.982450487605,236,29,3734,12970,5.684341886080802e-14,0.26130325287621625,0.9
seen,mixed,5,persistence,seen_test,reference_no_forecast,0.0,0,1234,0.0,0.0,0.0,0.0,0.0,0.0,548,0,0,0,0.0,0.2969708251748879,0.9
seen,mixed,5,persistence,seen_test,median,0.05,1,1234,0.0,0.0,0.0,0.0,0.0,0.0,457,2,0,8835,0.0,0.2969708251748879,0.9
seen,mixed,5,persistence,seen_test,median,0.05,2,1234,0.0,0.0,0.0,0.0,0.0,0.0,457,2,0,8835,0.0,0.2969708251748879,0.9
seen,mixed,5,persistence,seen_test,median,0.05,3,1234,0.0,0.0,0.0,0.0,0.0,0.0,457,2,0,8835,0.0,0.2969708251748879,0.9
seen,mixed,5,persistence,seen_test,median,0.1,1,1234,0.0,0.0,0.0,0.0,0.0,0.0,457,2,0,8835,0.0,0.2969708251748879,0.9
seen,mixed,5,persistence,seen_test,median,0.1,2,1234,0.0,0.0,0.0,0.0,0.0,0.0,457,2,0,8835,0.0,0.2969708251748879,0.9
seen,mixed,5,persistence,seen_test,median,0.1,3,1234,0.0,0.0,0.0,0.0,0.0,0.0,457,2,0,8835,0.0,0.2969708251748879,0.9
seen,mixed,5,persistence,seen_test,median,0.15,1,1234,0.0,0.0,0.0,0.0,0.0,0.0,457,2,0,8835,0.0,0.2969708251748879,0.9
seen,mixed,5,persistence,seen_test,median,0.15,2,1234,0.0,0.0,0.0,0.0,0.0,0.0,457,2,0,8835,0.0,0.2969708251748879,0.9
seen,mixed,5,persistence,seen_test,median,0.15,3,1234,0.0,0.0,0.0,0.0,0.0,0.0,457,2,0,8835,0.0,0.2969708251748879,0.9
seen,mixed,5,persistence,seen_test,median,0.2,1,1234,0.0,0.0,0.0,0.0,0.0,0.0,457,2,0,8835,0.0,0.2969708251748879,0.9
seen,mixed,5,persistence,seen_test,median,0.2,2,1234,0.0,0.0,0.0,0.0,0.0,0.0,457,2,0,8835,0.0,0.2969708251748879,0.9
seen,mixed,5,persistence,seen_test,median,0.2,3,1234,0.0,0.0,0.0,0.0,0.0,0.0,457,2,0,8835,0.0,0.2969708251748879,0.9
seen,mixed,5,persistence,seen_test,conformal_upper_bound,0.05,1,1234,0.0011813209076175011,0.0,0.00033044575422504766,-0.3240500000000006,0.0001390353019630773,216.30270000000007,169,89,1978,28555,5.684341886080802e-14,0.2969708251748879,0.9
seen,mixed,5,persistence,seen_test,conformal_upper_bound,0.05,2,1234,0.000720826580226901,0.0,0.00017186725732786445,-0.32600000000000007,6.17470793162968e-05,254.90444999999997,169,89,2170,28363,5.684341886080802e-14,0.2969708251748879,0.9
seen,mixed,5,persistence,seen_test,conformal_upper_bound,0.05,3,1234,0.0013374797406807116,0.0,0.0002718560814021927,-0.46199999999999974,0.00014126260211019386,292.69765000000007,169,89,2370,28163,1.1368683772161603e-13,0.2969708251748879,0.9
seen,mixed,5,persistence,seen_test,conformal_upper_bound,0.1,1,1234,0.0006119124797406794,0.0,0.00014449673751063314,-0.39199999999999946,6.658099571639673e-05,274.84450000000027,169,89,1761,28772,5.684341886080802e-14,0.2969708251748879,0.9
seen,mixed,5,persistence,seen_test,conformal_upper_bound,0.1,2,1234,0.00031069692058346515,0.0,6.25111169922147e-05,-0.391,7.395896470773799e-06,319.77049999999997,169,89,1801,28732,5.684341886080802e-14,0.2969708251748879,0.9
seen,mixed,5,persistence,seen_test,conformal_upper_bound,0.1,3,1234,0.0006471636952998361,0.0,6.118825245471119e-05,-0.46199999999999974,4.9258794020567356e-05,367.74440000000004,169,89,1918,28615,5.684341886080802e-14,0.2969708251748879,0.9
seen,mixed,5,persistence,seen_test,conformal_upper_bound,0.15,1,1234,0.00044732576985412933,0.0,7.058281186290454e-05,-0.4520000000000002,4.150334385112316e-05,292.14370000000025,169,89,1716,28817,1.1368683772161603e-13,0.2969708251748879,0.9
seen,mixed,5,persistence,seen_test,conformal_upper_bound,0.15,2,1234,-0.0002433144246353338,0.0,-8.596182591389751e-05,-0.46199999999999974,-6.606979226503788e-05,338.65569999999985,169,89,1653,28880,5.684341886080802e-14,0.2969708251748879,0.9
seen,mixed,5,persistence,seen_test,conformal_upper_bound,0.15,3,1234,0.00018735818476499106,0.0,-8.724593376557712e-05,-0.5089999999999999,-3.929738757540586e-05,406.81559999999985,169,89,1690,28843,5.684341886080802e-14,0.2969708251748879,0.9
seen,mixed,5,persistence,seen_test,conformal_upper_bound,0.2,1,1234,0.0004521880064829788,0.0,7.276876456823439e-05,-0.4520000000000002,4.1271136467549966e-05,293.1350000000002,169,89,1716,28817,1.1368683772161603e-13,0.2969708251748879,0.9
seen,mixed,5,persistence,seen_test,conformal_upper_bound,0.2,2,1234,-0.0003468395461912501,0.0,-0.00012270217749118853,-0.46199999999999974,-7.521842409428939e-05,340.0399999999998,169,89,1627,28906,5.684341886080802e-14,0.2969708251748879,0.9
seen,mixed,5,persistence,seen_test,conformal_upper_bound,0.2,3,1234,0.00033225283630469954,0.0,-5.4399220825499324e-05,-0.5089999999999999,-3.185583447543981e-05,424.42399999999975,169,89,1627,28906,5.684341886080802e-14,0.2969708251748879,0.9
seen,mixed,5,seasonal_daily,seen_test,reference_no_forecast,0.0,0,1234,0.0,0.0,0.0,0.0,0.0,0.0,548,0,0,0,0.0,0.2969708251748879,0.9
seen,mixed,5,seasonal_daily,seen_test,median,0.05,1,1234,0.00409813614262561,0.0,0.0009466385057423323,-0.5958999999999994,0.0003353191650950874,1026.93195,84,71,5638,2212,5.684341886080802e-14,0.2969708251748879,0.9
seen,mixed,5,seasonal_daily,seen_test,median,0.05,2,1234,0.004395421393841145,0.0,0.001206885249299535,-1.1593999999999998,0.00036039707230311747,1154.1828499999997,84,71,6219,1631,5.684341886080802e-14,0.2969708251748879,0.9
seen,mixed,5,seasonal_daily,seen_test,median,0.05,3,1234,0.0041399108589951295,0.0,0.0010788480752347497,-1.1789999999999994,0.00029616187977076424,1187.8163499999991,84,71,6336,1514,1.1368683772161603e-13,0.2969708251748879,0.9
seen,mixed,5,seasonal_daily,seen_test,median,0.1,1,1234,-0.014797325769854146,0.0,-0.003169451757667812,-1.1686000000000005,-0.0015387883497339312,1840.7288000000005,84,71,5327,2523,5.684341886080802e-14,0.2969708251748879,0.9
seen,mixed,5,seasonal_daily,seen_test,median,0.1,2,1234,-0.015782982171799048,0.0,-0.0032039086092891106,-1.689000000000001,-0.00179504774126315,1996.8664000000008,84,71,5588,2262,5.684341886080802e-14,0.2969708251748879,0.9
seen,mixed,5,seasonal_daily,seen_test,median,0.1,3,1234,-0.015337682333873589,0.0,-0.0033215173642185745,-1.689,-0.0017549050756983711,2029.244300000001,84,71,5607,2243,1.1368683772161603e-13,0.2969708251748879,0.9
seen,mixed,5,seasonal_daily,seen_test,median,0.15,1,1234,-0.03440328200972447,0.0,-0.0076054257923991965,-1.689,-0.0034191492731687704,2485.821599999996,84,71,5043,2807,5.684341886080802e-14,0.2969708251748879,0.9
seen,mixed,5,seasonal_daily,seen_test,median,0.15,2,1234,-0.0434149513776337,0.0,-0.009433940646372029,-1.689000000000001,-0.004413664782321096,2631.534049999999,84,71,5119,2731,5.684341886080802e-14,0.2969708251748879,0.9
seen,mixed,5,seasonal_daily,seen_test,median,0.15,3,1234,-0.03647909238249596,0.0,-0.008027170060523465,-1.830049999999999,-0.003726078962084042,2620.747999999998,84,71,5015,2835,5.684341886080802e-14,0.2969708251748879,0.9
seen,mixed,5,seasonal_daily,seen_test,median,0.2,1,1234,-0.06007487844408421,0.0,-0.01383757264143022,-1.689,-0.005974095203466088,3002.537800000002,84,71,4809,3041,1.1368683772161603e-13,0.2969708251748879,0.9
seen,mixed,5,seasonal_daily,seen_test,median,0.2,2,1234,-0.0722405186385738,0.0,-0.016523274465601787,-2.0456000000000003,-0.007065627234221929,3119.608199999999,84,71,4728,3122,5.684341886080802e-14,0.2969708251748879,0.9
seen,mixed,5,seasonal_daily,seen_test,median,0.2,3,1234,-0.060729335494327366,0.0,-0.01379923092684446,-2.1079999999999997,-0.005986296483616158,3074.59,84,71,4566,3284,5.684341886080802e-14,0.2969708251748879,0.9
seen,mixed,5,seasonal_daily,seen_test,conformal_upper_bound,0.05,1,1234,0.023576620745542957,0.0,0.009638815992613748,-0.7504,0.0010706326903663712,2578.1316000000006,3,401,14214,9547,5.684341886080802e-14,0.2969708251748879,0.9
seen,mixed,5,seasonal_daily,seen_test,conformal_upper_bound,0.05,2,1234,0.028162115072933536,0.0,0.011194343344761559,-1.0965499999999988,0.0013540897084138546,2955.635449999996,3,401,15841,7920,5.684341886080802e-14,0.2969708251748879,0.9
seen,mixed,5,seasonal_daily,seen_test,conformal_upper_bound,0.05,3,1234,0.02631300648298218,0.0,0.010409508169598536,-1.0965499999999988,0.0011205124277197417,3039.400799999998,3,401,16059,7702,5.684341886080802e-14,0.2969708251748879,0.9
seen,mixed,5,seasonal_daily,seen_test,conformal_upper_bound,0.1,1,1234,0.014213047001620677,0.0,0.009261862210210093,-1.4689999999999985,-0.0010400518544165965,4350.6554,3,401,12941,10820,5.684341886080802e-14,0.2969708251748879,0.9
seen,mixed,5,seasonal_daily,seen_test,conformal_upper_bound,0.1,2,1234,0.010689465153970859,0.0,0.008583815177367317,-1.4968999999999997,-0.0016494607193124288,4653.380900000003,3,401,13335,10426,5.684341886080802e-14,0.2969708251748879,0.9
seen,mixed,5,seasonal_daily,seen_test,conformal_upper_bound,0.1,3,1234,0.009823257698541291,0.0,0.008072162687958812,-1.4968999999999997,-0.0016806507445876172,4559.898900000002,3,401,12823,10938,1.1368683772161603e-13,0.2969708251748879,0.9
seen,mixed,5,seasonal_daily,seen_test,conformal_upper_bound,0.15,1,1234,-0.011085453808752027,0.0,0.0024019985776597133,-1.5029999999999988,-0.004104612449268282,5558.350049999997,3,401,11904,11857,5.684341886080802e-14,0.2969708251748879,0.9
seen,mixed,5,seasonal_daily,seen_test,conformal_upper_bound,0.15,2,1234,-0.020610858995137784,0.0,-7.166239053678468e-05,-1.5029999999999997,-0.005237002775791302,5691.780699999997,3,401,11657,12104,5.684341886080802e-14,0.2969708251748879,0.9
seen,mixed,5,seasonal_daily,seen_test,conformal_upper_bound,0.15,3,1234,-0.006900283630470049,0.0,0.003796501584147184,-1.5029999999999997,-0.003927335475021832,5460.859700000003,3,401,10913,12848,5.684341886080802e-14,0.2969708251748879,0.9
seen,mixed,5,seasonal_daily,seen_test,conformal_upper_bound,0.2,1,1234,-0.036321880064829844,0.0,-0.005297397233639512,-1.5029999999999997,-0.006633821283172374,6383.491600000003,3,401,11153,12608,1.1368683772161603e-13,0.2969708251748879,0.9
seen,mixed,5,seasonal_daily,seen_test,conformal_upper_bound,0.2,2,1234,-0.045108427876823336,0.0,-0.008281546969176861,-1.5029999999999997,-0.007499695862310171,6362.804400000003,3,401,10556,13205,5.684341886080802e-14,0.2969708251748879,0.9
seen,mixed,5,seasonal_daily,seen_test,conformal_upper_bound,0.2,3,1234,-0.03585510534846034,0.0,-0.0061920986847653825,-1.5989999999999993,-0.006722721901256656,6039.978799999994,3,401,9703,14058,5.684341886080802e-14,0.2969708251748879,0.9
seen,mixed,5,seasonal_weekly,seen_test,reference_no_forecast,0.0,0,1234,0.0,0.0,0.0,0.0,0.0,0.0,548,0,0,0,0.0,0.2969708251748879,0.9
seen,mixed,5,seasonal_weekly,seen_test,median,0.05,1,1234,-0.003618314424635328,0.0,-0.000776215558312197,-0.6017000000000001,-0.0005612195547272411,991.6929500000003,87,78,5534,2482,1.1368683772161603e-13,0.2969708251748879,0.9
seen,mixed,5,seasonal_weekly,seen_test,median,0.05,2,1234,-0.0002663290113452243,0.0,0.00023379527313624463,-0.8052999999999999,-6.754976584276862e-05,1088.6552000000008,87,78,5972,2044,5.684341886080802e-14,0.2969708251748879,0.9
seen,mixed,5,seasonal_weekly,seen_test,median,0.05,3,1234,0.0001564019448946408,0.0,0.00025072658485156735,-1.1833999999999998,-8.761209838289215e-05,1129.8350000000003,87,78,6137,1879,5.684341886080802e-14,0.2969708251748879,0.9
seen,mixed,5,seasonal_weekly,seen_test,median,0.1,1,1234,-0.02710972447325767,0.0,-0.006616464351848553,-1.2241999999999997,-0.002946047224859366,1798.5151999999998,87,78,5260,2756,1.1368683772161603e-13,0.2969708251748879,0.9
seen,mixed,5,seasonal_weekly,seen_test,median,0.1,2,1234,-0.0314285251215559,0.0,-0.007229877984302842,-1.4537000000000004,-0.003081113070962145,1919.950700000001,87,78,5488,2528,5.684341886080802e-14,0.2969708251748879,0.9
seen,mixed,5,seasonal_weekly,seen_test,median,0.1,3,1234,-0.03777479740680712,0.0,-0.00880006161049713,-1.9810000000000008,-0.00373472632064952,1951.1714999999995,87,78,5495,2521,5.684341886080802e-14,0.2969708251748879,0.9
seen,mixed,5,seasonal_weekly,seen_test,median,0.15,1,1234,-0.06423508914100481,0.0,-0.015741279980813986,-1.8779999999999992,-0.006492411200324907,2473.0584500000036,87,78,5024,2992,1.1368683772161603e-13,0.2969708251748879,0.9
seen,mixed,5,seasonal_weekly,seen_test,median,0.15,2,1234,-0.07027787682333876,0.0,-0.01672866430389507,-2.1662999999999997,-0.0065783958841339005,2581.1123000000016,87,78,5091,2925,5.684341886080802e-14,0.2969708251748879,0.9
seen,mixed,5,seasonal_weekly,seen_test,median,0.15,3,1234,-0.07674590761750398,0.0,-0.01833260099548061,-1.9810000000000008,-0.0073743835528911625,2569.117000000001,87,78,4994,3022,1.1368683772161603e-13,0.2969708251748879,0.9
seen,mixed,5,seasonal_weekly,seen_test,median,0.2,1,1234,-0.09903241491085898,0.0,-0.024109419719984114,-2.2729999999999997,-0.009673683664276426,3015.681999999999,87,78,4848,3168,1.1368683772161603e-13,0.2969708251748879,0.9
seen,mixed,5,seasonal_weekly,seen_test,median,0.2,2,1234,-0.10450324149108596,0.0,-0.025430756949318355,-2.336999999999999,-0.009605151297344279,3101.9381999999973,87,78,4799,3217,1.1368683772161603e-13,0.2969708251748879,0.9
seen,mixed,5,seasonal_weekly,seen_test,median,0.2,3,1234,-0.11020761750405177,0.0,-0.026470809641696052,-2.1393999999999993,-0.010276016511440136,3044.3735999999953,87,78,4646,3370,1.1368683772161603e-13,0.2969708251748879,0.9
seen,mixed,5,seasonal_weekly,seen_test,conformal_upper_bound,0.05,1,1234,0.020782090761750402,0.0,0.010730931751004332,-0.7661999999999995,0.0006615040041312039,2775.297799999997,3,418,15414,11632,1.1368683772161603e-13,0.2969708251748879,0.9
seen,mixed,5,seasonal_weekly,seen_test,conformal_upper_bound,0.05,2,1234,0.018586669367909234,0.0,0.009912717639914765,-1.0470000000000006,0.0005079802996262409,3136.4024999999983,3,418,16951,10095,5.684341886080802e-14,0.2969708251748879,0.9
seen,mixed,5,seasonal_weekly,seen_test,conformal_upper_bound,0.05,3,1234,0.02107305510534848,0.0,0.010129420351326166,-1.0149999999999992,0.0006775178441240252,3209.93585,3,418,17053,9993,5.684341886080802e-14,0.2969708251748879,0.9
seen,mixed,5,seasonal_weekly,seen_test,conformal_upper_bound,0.1,1,1234,0.010260453808752035,0.0,0.011558906039363919,-1.5324000000000009,-0.001723671305143539,4528.681200000001,3,418,13822,13224,5.684341886080802e-14,0.2969708251748879,0.9
seen,mixed,5,seasonal_weekly,seen_test,conformal_upper_bound,0.1,2,1234,-0.0004369529983792211,0.0,0.007062508349336408,-1.5183999999999997,-0.002581135857240258,4755.971299999997,3,418,13902,13144,1.1368683772161603e-13,0.2969708251748879,0.9
seen,mixed,5,seasonal_weekly,seen_test,conformal_upper_bound,0.1,3,1234,0.0069410858995138085,0.0,0.00854685293709105,-1.5517000000000003,-0.001854168842774957,4631.464599999995,3,418,13213,13833,5.684341886080802e-14,0.2969708251748879,0.9
seen,mixed,5,seasonal_weekly,seen_test,conformal_upper_bound,0.15,1,1234,-0.005111142625607759,0.0,0.0076586706171277615,-1.6579999999999995,-0.0037838847535279956,5633.657650000005,3,418,12543,14503,1.1368683772161603e-13,0.2969708251748879,0.9
seen,mixed,5,seasonal_weekly,seen_test,conformal_upper_bound,0.15,2,1234,-0.014627876823338763,0.0,0.003303971151773329,-1.6580000000000013,-0.004365727744656315,5655.171550000001,3,418,11951,15095,1.1368683772161603e-13,0.2969708251748879,0.9
seen,mixed,5,seasonal_weekly,seen_test,conformal_upper_bound,0.15,3,1234,-0.007499351701782821,0.0,0.004030441175930014,-1.8829999999999993,-0.003661531219198341,5409.143900000002,3,418,11072,15974,1.1368683772161603e-13,0.2969708251748879,0.9
seen,mixed,5,seasonal_weekly,seen_test,conformal_upper_bound,0.2,1,1234,-0.020919286871961068,0.0,0.001912806583859746,-1.6579999999999995,-0.005258954176230504,6320.0785999999935,3,418,11672,15374,1.1368683772161603e-13,0.2969708251748879,0.9
seen,mixed,5,seasonal_weekly,seen_test,conformal_upper_bound,0.2,2,1234,-0.024898055105348465,0.0,-0.000523551912045743,-1.6579999999999995,-0.0055028439557445645,6212.217400000007,3,418,10756,16290,5.684341886080802e-14,0.2969708251748879,0.9
seen,mixed,5,seasonal_weekly,seen_test,conformal_upper_bound,0.2,3,1234,-0.02399108589951378,0.0,-0.002178664854260009,-1.8829999999999993,-0.005253949699529864,5879.041599999992,3,418,9800,17246,1.1368683772161603e-13,0.2969708251748879,0.9
seen,mixed,5,elastic_net,seen_test,reference_no_forecast,0.0,0,1234,0.0,0.0,0.0,0.0,0.0,0.0,548,0,0,0,0.0,0.2969708251748879,0.9
seen,mixed,5,elastic_net,seen_test,median,0.05,1,1234,2.493601855976338e-05,0.0,4.9431390702931825e-06,0.0,2.7812329656274826e-06,3.553357482181077,500,0,119,2809,5.684341886080802e-14,0.2969708251748879,0.9
seen,mixed,5,elastic_net,seen_test,median,0.05,2,1234,4.332568054972171e-05,0.0,8.00479263072559e-06,-0.14316117835669662,2.3825405431993766e-06,13.626353164336749,500,0,219,2709,5.684341886080802e-14,0.2969708251748879,0.9
seen,mixed,5,elastic_net,seen_test,median,0.05,3,1234,0.00017798444359583585,0.0,3.070064695244595e-05,-0.14316117835669662,1.4706332318051994e-05,26.67962087682921,500,0,298,2630,5.684341886080802e-14,0.2969708251748879,0.9
seen,mixed,5,elastic_net,seen_test,median,0.1,1,1234,2.493601855976338e-05,0.0,4.9431390702931825e-06,0.0,2.7812329656274826e-06,3.553357482181077,500,0,119,2809,5.684341886080802e-14,0.2969708251748879,0.9
seen,mixed,5,elastic_net,seen_test,median,0.1,2,1234,4.332568054972171e-05,0.0,8.00479263072559e-06,-0.14316117835669662,2.3825405431993766e-06,13.626353164336749,500,0,219,2709,5.684341886080802e-14,0.2969708251748879,0.9
seen,mixed,5,elastic_net,seen_test,median,0.1,3,1234,0.0001570773653385027,0.0,2.564420670479463e-05,-0.14316117835669662,1.1401780214249166e-05,28.257861136827454,500,0,297,2631,5.684341886080802e-14,0.2969708251748879,0.9
seen,mixed,5,elastic_net,seen_test,median,0.15,1,1234,2.493601855976338e-05,0.0,4.9431390702931825e-06,0.0,2.7812329656274826e-06,3.553357482181077,500,0,119,2809,5.684341886080802e-14,0.2969708251748879,0.9
seen,mixed,5,elastic_net,seen_test,median,0.15,2,1234,4.332568054972171e-05,0.0,8.00479263072559e-06,-0.14316117835669662,2.3825405431993766e-06,13.626353164336749,500,0,219,2709,5.684341886080802e-14,0.2969708251748879,0.9
seen,mixed,5,elastic_net,seen_test,median,0.15,3,1234,0.0001570773653385027,0.0,2.564420670479463e-05,-0.14316117835669662,1.1401780214249166e-05,28.257861136827454,500,0,297,2631,5.684341886080802e-14,0.2969708251748879,0.9
seen,mixed,5,elastic_net,seen_test,median,0.2,1,1234,2.493601855976338e-05,0.0,4.9431390702931825e-06,0.0,2.7812329656274826e-06,3.553357482181077,500,0,119,2809,5.684341886080802e-14,0.2969708251748879,0.9
seen,mixed,5,elastic_net,seen_test,median,0.2,2,1234,4.332568054972171e-05,0.0,8.00479263072559e-06,-0.14316117835669662,2.3825405431993766e-06,13.626353164336749,500,0,219,2709,5.684341886080802e-14,0.2969708251748879,0.9
seen,mixed,5,elastic_net,seen_test,median,0.2,3,1234,0.0001570773653385027,0.0,2.564420670479463e-05,-0.14316117835669662,1.1401780214249166e-05,28.257861136827454,500,0,297,2631,5.684341886080802e-14,0.2969708251748879,0.9
seen,mixed,5,elastic_net,seen_test,conformal_upper_bound,0.05,1,1234,0.001167170454354882,0.0,0.0003235951073090551,-0.26000676176778104,0.0001726266456254075,283.54513192983444,139,13,2506,14958,5.684341886080802e-14,0.2969708251748879,0.9
seen,mixed,5,elastic_net,seen_test,conformal_upper_bound,0.05,2,1234,0.0011638794637597717,0.0,0.0003325813066078234,-0.3217561536859126,0.00018683250392017382,323.77881331947555,139,13,2661,14803,5.684341886080802e-14,0.2969708251748879,0.9
seen,mixed,5,elastic_net,seen_test,conformal_upper_bound,0.05,3,1234,0.0024424834189525238,0.0,0.0005532154238687554,-0.41410355154105005,0.000287887570541279,434.86344101907946,139,13,3281,14183,5.684341886080802e-14,0.2969708251748879,0.9
seen,mixed,5,elastic_net,seen_test,conformal_upper_bound,0.1,1,1234,0.0010892615651010944,0.0,0.0002949399568709288,-0.3050839628553117,0.0001658121047212148,361.32963839855086,139,13,2215,15249,5.684341886080802e-14,0.2969708251748879,0.9
seen,mixed,5,elastic_net,seen_test,conformal_upper_bound,0.1,2,1234,0.0005344647493324568,0.0,0.0001581157298767755,-0.36721571612902704,0.00010633402040807198,389.38984477331394,139,13,2131,15333,5.684341886080802e-14,0.2969708251748879,0.9
seen,mixed,5,elastic_net,seen_test,conformal_upper_bound,0.1,3,1234,0.002739748698263976,0.0,0.0006006167941455138,-0.4772627665135709,0.0003416285309675821,564.1946814769434,139,13,2650,14814,5.684341886080802e-14,0.2969708251748879,0.9
seen,mixed,5,elastic_net,seen_test,conformal_upper_bound,0.15,1,1234,0.0011212342318964162,0.0,0.00029040503755838477,-0.3521639553013802,0.0001635792295010172,375.2038355176381,139,13,2198,15266,5.684341886080802e-14,0.2969708251748879,0.9
seen,mixed,5,elastic_net,seen_test,conformal_upper_bound,0.15,2,1234,0.0002889720018960706,0.0,9.208734001363589e-05,-0.41634188920982185,7.30569479108802e-05,410.06184447526584,139,13,1965,15499,5.684341886080802e-14,0.2969708251748879,0.9
seen,mixed,5,elastic_net,seen_test,conformal_upper_bound,0.15,3,1234,0.0026501198446118603,0.0,0.0005598731358897171,-0.48695095527792764,0.0003318578265135857,623.634983053699,139,13,2379,15085,5.684341886080802e-14,0.2969708251748879,0.9
seen,mixed,5,elastic_net,seen_test,conformal_upper_bound,0.2,1,1234,0.0011212342318964162,0.0,0.00029040503755838477,-0.3521639553013802,0.0001635792295010172,375.41555598129514,139,13,2198,15266,5.684341886080802e-14,0.2969708251748879,0.9
seen,mixed,5,elastic_net,seen_test,conformal_upper_bound,0.2,2,1234,0.0002889720018960706,0.0,9.208734001363589e-05,-0.41634188920982185,7.30569479108802e-05,413.25979413074856,139,13,1950,15514,5.684341886080802e-14,0.2969708251748879,0.9
seen,mixed,5,elastic_net,seen_test,conformal_upper_bound,0.2,3,1234,0.002497626221767832,0.0,0.0005056723942400966,-0.6492679403705699,0.00031136086449037235,647.4770129150152,139,13,2296,15168,5.684341886080802e-14,0.2969708251748879,0.9
seen,mixed,5,lightgbm,seen_test,reference_no_forecast,0.0,0,1234,0.0,0.0,0.0,0.0,0.0,0.0,548,0,0,0,0.0,0.2969708251748879,0.9
seen,mixed,5,lightgbm,seen_test,median,0.05,1,1234,0.0,0.0,0.0,0.0,0.0,0.0,548,0,0,0,0.0,0.2969708251748879,0.9
seen,mixed,5,lightgbm,seen_test,median,0.05,2,1234,0.0,0.0,0.0,0.0,0.0,0.0,548,0,0,0,0.0,0.2969708251748879,0.9
seen,mixed,5,lightgbm,seen_test,median,0.05,3,1234,0.0,0.0,0.0,0.0,0.0,0.0,548,0,0,0,0.0,0.2969708251748879,0.9
seen,mixed,5,lightgbm,seen_test,median,0.1,1,1234,0.0,0.0,0.0,0.0,0.0,0.0,548,0,0,0,0.0,0.2969708251748879,0.9
seen,mixed,5,lightgbm,seen_test,median,0.1,2,1234,0.0,0.0,0.0,0.0,0.0,0.0,548,0,0,0,0.0,0.2969708251748879,0.9
seen,mixed,5,lightgbm,seen_test,median,0.1,3,1234,0.0,0.0,0.0,0.0,0.0,0.0,548,0,0,0,0.0,0.2969708251748879,0.9
seen,mixed,5,lightgbm,seen_test,median,0.15,1,1234,0.0,0.0,0.0,0.0,0.0,0.0,548,0,0,0,0.0,0.2969708251748879,0.9
seen,mixed,5,lightgbm,seen_test,median,0.15,2,1234,0.0,0.0,0.0,0.0,0.0,0.0,548,0,0,0,0.0,0.2969708251748879,0.9
seen,mixed,5,lightgbm,seen_test,median,0.15,3,1234,0.0,0.0,0.0,0.0,0.0,0.0,548,0,0,0,0.0,0.2969708251748879,0.9
seen,mixed,5,lightgbm,seen_test,median,0.2,1,1234,0.0,0.0,0.0,0.0,0.0,0.0,548,0,0,0,0.0,0.2969708251748879,0.9
seen,mixed,5,lightgbm,seen_test,median,0.2,2,1234,0.0,0.0,0.0,0.0,0.0,0.0,548,0,0,0,0.0,0.2969708251748879,0.9
seen,mixed,5,lightgbm,seen_test,median,0.2,3,1234,0.0,0.0,0.0,0.0,0.0,0.0,548,0,0,0,0.0,0.2969708251748879,0.9
seen,mixed,5,lightgbm,seen_test,conformal_upper_bound,0.05,1,1234,-0.00018705238567402575,0.0,-8.065643183394387e-05,-0.3203267803135734,1.910957990175101e-06,290.62718513114663,120,43,2465,15032,5.684341886080802e-14,0.2969708251748879,0.9
seen,mixed,5,lightgbm,seen_test,conformal_upper_bound,0.05,2,1234,0.000875001602012386,0.0,0.00021725624250826814,-0.328681722976254,0.00014657940744919063,417.08192143481745,120,43,3070,14427,5.684341886080802e-14,0.2969708251748879,0.9
seen,mixed,5,lightgbm,seen_test,conformal_upper_bound,0.05,3,1234,0.002705028739179629,0.0,0.0006086082174907134,-0.34104676729019445,0.0003354942957513766,516.6301354807041,120,43,3525,13972,5.684341886080802e-14,0.2969708251748879,0.9
seen,mixed,5,lightgbm,seen_test,conformal_upper_bound,0.1,1,1234,-0.0015617154133950872,0.0,-0.000417093258248878,-0.3994485245205248,-0.00012704289090966322,362.4030078257231,120,43,2157,15340,1.1368683772161603e-13,0.2969708251748879,0.9
seen,mixed,5,lightgbm,seen_test,conformal_upper_bound,0.1,2,1234,-0.0010643838394226238,0.0,-0.00021555287491044136,-0.5060416649439494,-2.9135365141872398e-05,553.1815070806989,120,43,2578,14919,5.684341886080802e-14,0.2969708251748879,0.9
seen,mixed,5,lightgbm,seen_test,conformal_upper_bound,0.1,3,1234,0.0015486312751010164,0.0,0.0002950298687578137,-0.6492310608437384,0.00026425563042984783,723.7364513349996,120,43,2950,14547,5.684341886080802e-14,0.2969708251748879,0.9
seen,mixed,5,lightgbm,seen_test,conformal_upper_bound,0.15,1,1234,-0.0017673327079518058,0.0,-0.0004649460102838425,-0.40415942996506526,-0.00014684015727084443,380.9652110117903,120,43,2051,15446,5.684341886080802e-14,0.2969708251748879,0.9
seen,mixed,5,lightgbm,seen_test,conformal_upper_bound,0.15,2,1234,-0.002007972406089066,0.0,-0.0004761180299058013,-0.5060416649439503,-0.00014839643625955904,603.1864910488069,120,43,2306,15191,5.684341886080802e-14,0.2969708251748879,0.9
seen,mixed,5,lightgbm,seen_test,conformal_upper_bound,0.15,3,1234,-0.0002281586374168221,0.0,-0.00012804624625155074,-0.7467160066572234,9.467240299915506e-05,816.1947341643921,120,43,2618,14879,5.684341886080802e-14,0.2969708251748879,0.9
seen,mixed,5,lightgbm,seen_test,conformal_upper_bound,0.2,1,1234,-0.0017673327079518058,0.0,-0.0004649460102838425,-0.40415942996506526,-0.00014684015727084443,384.76028868587326,120,43,2047,15450,5.684341886080802e-14,0.2969708251748879,0.9
seen,mixed,5,lightgbm,seen_test,conformal_upper_bound,0.2,2,1234,-0.0024436837387247228,0.0,-0.0006229746365137414,-0.5060416649439503,-0.00021025963210412094,619.2936869504836,120,43,2198,15299,5.684341886080802e-14,0.2969708251748879,0.9
seen,mixed,5,lightgbm,seen_test,conformal_upper_bound,0.2,3,1234,-0.0014030712719342246,0.0,-0.0004606663598006753,-0.7467160066572238,-3.629710810917892e-05,864.892589364661,120,43,2445,15052,5.684341886080802e-14,0.2969708251748879,0.9
seen,mixed,10,persistence,seen_test,reference_no_forecast,0.0,0,1620,0.0,0.0,0.0,0.0,0.0,0.0,689,0,0,0,0.0,0.3463316087510941,0.9
seen,mixed,10,persistence,seen_test,median,0.05,1,1620,0.0,0.0,0.0,0.0,0.0,0.0,513,3,0,17005,0.0,0.3463316087510941,0.9
seen,mixed,10,persistence,seen_test,median,0.05,2,1620,0.0,0.0,0.0,0.0,0.0,0.0,513,3,0,17005,0.0,0.3463316087510941,0.9
seen,mixed,10,persistence,seen_test,median,0.05,3,1620,0.0,0.0,0.0,0.0,0.0,0.0,513,3,0,17005,0.0,0.3463316087510941,0.9
seen,mixed,10,persistence,seen_test,median,0.1,1,1620,0.0,0.0,0.0,0.0,0.0,0.0,513,3,0,17005,0.0,0.3463316087510941,0.9
seen,mixed,10,persistence,seen_test,median,0.1,2,1620,0.0,0.0,0.0,0.0,0.0,0.0,513,3,0,17005,0.0,0.3463316087510941,0.9
seen,mixed,10,persistence,seen_test,median,0.1,3,1620,0.0,0.0,0.0,0.0,0.0,0.0,513,3,0,17005,0.0,0.3463316087510941,0.9
seen,mixed,10,persistence,seen_test,median,0.15,1,1620,0.0,0.0,0.0,0.0,0.0,0.0,513,3,0,17005,0.0,0.3463316087510941,0.9
seen,mixed,10,persistence,seen_test,median,0.15,2,1620,0.0,0.0,0.0,0.0,0.0,0.0,513,3,0,17005,0.0,0.3463316087510941,0.9
seen,mixed,10,persistence,seen_test,median,0.15,3,1620,0.0,0.0,0.0,0.0,0.0,0.0,513,3,0,17005,0.0,0.3463316087510941,0.9
seen,mixed,10,persistence,seen_test,median,0.2,1,1620,0.0,0.0,0.0,0.0,0.0,0.0,513,3,0,17005,0.0,0.3463316087510941,0.9
seen,mixed,10,persistence,seen_test,median,0.2,2,1620,0.0,0.0,0.0,0.0,0.0,0.0,513,3,0,17005,0.0,0.3463316087510941,0.9
seen,mixed,10,persistence,seen_test,median,0.2,3,1620,0.0,0.0,0.0,0.0,0.0,0.0,513,3,0,17005,0.0,0.3463316087510941,0.9
seen,mixed,10,persistence,seen_test,conformal_upper_bound,0.05,1,1620,0.0016137345679012338,0.0,0.00022835262691770904,-0.4944000000000006,0.00012956341274203892,557.0263000000027,156,121,3166,40905,1.1368683772161603e-13,0.3463316087510941,0.9
seen,mixed,10,persistence,seen_test,conformal_upper_bound,0.05,2,1620,0.002135123456790121,0.0,0.0003062541336757201,-0.51715,0.0001702036637388916,662.1356000000035,156,121,3538,40533,1.1368683772161603e-13,0.3463316087510941,0.9
seen,mixed,10,persistence,seen_test,conformal_upper_bound,0.05,3,1620,0.004403148148148151,0.0,0.0007694857034915049,-0.5019000000000018,0.00036722320711231267,766.0951000000024,156,121,3797,40274,1.1368683772161603e-13,0.3463316087510941,0.9
seen,mixed,10,persistence,seen_test,conformal_upper_bound,0.1,1,1620,0.0011632098765431995,0.0,0.00010865782492390124,-0.5019000000000018,7.966659833412865e-05,713.6748000000035,156,121,2733,41338,1.1368683772161603e-13,0.3463316087510941,0.9
seen,mixed,10,persistence,seen_test,conformal_upper_bound,0.1,2,1620,0.0016253086419752948,0.0,0.0002041375199044615,-0.6019000000000014,0.00012329136405769757,798.2060000000035,156,121,2791,41280,1.1368683772161603e-13,0.3463316087510941,0.9
seen,mixed,10,persistence,seen_test,conformal_upper_bound,0.1,3,1620,0.0035357407407407343,0.0,0.0005991383229286006,-0.7119000000000018,0.00027706978314107024,986.2451000000033,156,121,3083,40988,1.1368683772161603e-13,0.3463316087510941,0.9
seen,mixed,10,persistence,seen_test,conformal_upper_bound,0.15,1,1620,0.0005828703703703555,0.0,-1.811069030828512e-05,-0.7200500000000005,2.6433829433570304e-05,786.0623000000036,156,121,2599,41472,1.1368683772161603e-13,0.3463316087510941,0.9
seen,mixed,10,persistence,seen_test,conformal_upper_bound,0.15,2,1620,0.0013134876543209723,0.0,0.00016216756258758045,-0.7200500000000005,9.58479136464957e-05,849.7828500000032,156,121,2475,41596,1.1368683772161603e-13,0.3463316087510941,0.9
seen,mixed,10,persistence,seen_test,conformal_upper_bound,0.15,3,1620,0.0022737037037036966,0.0,0.0003525583057544501,-0.7510500000000002,0.00015676927872029274,1097.1106000000025,156,121,2707,41364,1.1368683772161603e-13,0.3463316087510941,0.9
seen,mixed,10,persistence,seen_test,conformal_upper_bound,0.2,1,1620,0.0005295679012345494,0.0,-2.7696504075091747e-05,-0.7439000000000018,2.151710146786509e-05,802.8033000000037,156,121,2599,41472,1.1368683772161603e-13,0.3463316087510941,0.9
seen,mixed,10,persistence,seen_test,conformal_upper_bound,0.2,2,1620,0.0011329629629629435,0.0,0.00012746690531357502,-0.7439000000000018,7.936202982931224e-05,866.9931000000037,156,121,2345,41726,1.1368683772161603e-13,0.3463316087510941,0.9
seen,mixed,10,persistence,seen_test,conformal_upper_bound,0.2,3,1620,0.000883271604938257,0.0,6.061216778399402e-05,-1.0014000000000003,3.385477015024629e-05,1165.787800000003,156,121,2553,41518,1.1368683772161603e-13,0.3463316087510941,0.9
seen,mixed,10,seasonal_daily,seen_test,reference_no_forecast,0.0,0,1620,0.0,0.0,0.0,0.0,0.0,0.0,689,0,0,0,0.0,0.3463316087510941,0.9
seen,mixed,10,seasonal_daily,seen_test,median,0.05,1,1620,0.004008425925925921,0.0,0.00048466319601748174,-1.0600499999999995,0.00014188473729226654,2075.882899999998,81,74,7742,4457,1.1368683772161603e-13,0.3463316087510941,0.9
seen,mixed,10,seasonal_daily,seen_test,median,0.05,2,1620,0.003785956790123446,0.0,0.0003894372840680015,-1.642900000000001,0.00018094305252618512,2486.99855,81,74,8973,3226,1.1368683772161603e-13,0.3463316087510941,0.9
seen,mixed,10,seasonal_daily,seen_test,median,0.05,3,1620,0.005635956790123443,0.0,0.0009041905866663236,-1.8108999999999984,0.0004715921395289671,2618.5531499999993,81,74,9308,2891,1.1368683772161603e-13,0.3463316087510941,0.9
seen,mixed,10,seasonal_daily,seen_test,median,0.1,1,1620,-0.020548333333333387,0.0,-0.003646139002996231,-1.642900000000001,-0.0018580838376283423,3638.5825000000004,81,74,7199,5000,1.1368683772161603e-13,0.3463316087510941,0.9
seen,mixed,10,seasonal_daily,seen_test,median,0.1,2,1620,-0.03331413580246917,0.0,-0.005441211270460264,-2.342900000000003,-0.002540259642251632,4206.927199999999,81,74,7956,4243,1.1368683772161603e-13,0.3463316087510941,0.9
seen,mixed,10,seasonal_daily,seen_test,median,0.1,3,1620,-0.029643395061728445,0.0,-0.004505552669848521,-2.557900000000002,-0.0019932778265965147,4280.6965999999975,81,74,7935,4264,2.2737367544323206e-13,0.3463316087510941,0.9
seen,mixed,10,seasonal_daily,seen_test,median,0.15,1,1620,-0.04998620370370382,0.0,-0.00846778722794883,-2.342900000000001,-0.0039204301352727434,4832.0271999999995,81,74,6807,5392,2.2737367544323206e-13,0.3463316087510941,0.9
seen,mixed,10,seasonal_daily,seen_test,median,0.15,2,1620,-0.0709820679012347,0.0,-0.011501702457442633,-2.557900000000002,-0.005188011740184675,5424.397849999997,81,74,7188,5011,2.2737367544323206e-13,0.3463316087510941,0.9
seen,mixed,10,seasonal_daily,seen_test,median,0.15,3,1620,-0.06677410493827163,0.0,-0.010794141394563453,-3.608249999999999,-0.004591628197521245,5423.403149999996,81,74,6967,5232,2.2737367544323206e-13,0.3463316087510941,0.9
seen,mixed,10,seasonal_daily,seen_test,median,0.2,1,1620,-0.07660500000000006,0.0,-0.012931554991626312,-2.342900000000003,-0.005818794217010099,5764.632800000004,81,74,6492,5707,1.1368683772161603e-13,0.3463316087510941,0.9
seen,mixed,10,seasonal_daily,seen_test,median,0.2,2,1620,-0.0998050000000002,0.0,-0.01653361639435918,-2.557900000000002,-0.007192169479182658,6331.3091,81,74,6639,5560,1.1368683772161603e-13,0.3463316087510941,0.9
seen,mixed,10,seasonal_daily,seen_test,median,0.2,3,1620,-0.0985352469135804,0.0,-0.016287283246781085,-3.6759000000000013,-0.00680675857407567,6264.879700000005,81,74,6340,5859,1.1368683772161603e-13,0.3463316087510941,0.9
seen,mixed,10,seasonal_daily,seen_test,conformal_upper_bound,0.05,1,1620,0.006115030864197531,0.0,0.0014542133715804801,-0.8466499999999995,0.00021831544556642223,4104.441600000005,3,258,15388,14489,2.2737367544323206e-13,0.3463316087510941,0.9
seen,mixed,10,seasonal_daily,seen_test,conformal_upper_bound,0.05,2,1620,0.01078330246913577,0.0,0.002126773426553855,-1.9779,0.0006768823568859121,4926.930050000011,3,258,17759,12118,1.1368683772161603e-13,0.3463316087510941,0.9
seen,mixed,10,seasonal_daily,seen_test,conformal_upper_bound,0.05,3,1620,0.0077908641975308265,0.0,0.0016972804127144364,-2.3179000000000007,0.0006039863546996817,5170.240550000003,3,258,18266,11611,2.2737367544323206e-13,0.3463316087510941,0.9
seen,mixed,10,seasonal_daily,seen_test,conformal_upper_bound,0.1,1,1620,-0.021940061728395147,0.0,-0.0036476048376384088,-1.6933000000000007,-0.002188833148905593,6806.951200000002,3,258,13872,16005,1.1368683772161603e-13,0.3463316087510941,0.9
seen,mixed,10,seasonal_daily,seen_test,conformal_upper_bound,0.1,2,1620,-0.02470864197530875,0.0,-0.004538975625540726,-2.2915,-0.002379553420102265,7629.016200000008,3,258,14773,15104,1.1368683772161603e-13,0.3463316087510941,0.9
seen,mixed,10,seasonal_daily,seen_test,conformal_upper_bound,0.1,3,1620,-0.023401604938271738,0.0,-0.004227234917935786,-2.422900000000001,-0.0021283117602267317,7655.11690000001,3,258,14428,15449,1.1368683772161603e-13,0.3463316087510941,0.9
seen,mixed,10,seasonal_daily,seen_test,conformal_upper_bound,0.15,1,1620,-0.060139876543210076,0.0,-0.010919825510785875,-1.9779000000000018,-0.005125774062516701,8589.7899,3,258,12788,17089,2.2737367544323206e-13,0.3463316087510941,0.9
seen,mixed,10,seasonal_daily,seen_test,conformal_upper_bound,0.15,2,1620,-0.05959518518518529,0.0,-0.011645497777634963,-2.422900000000003,-0.0053310940007509225,9258.897550000018,3,258,12918,16959,1.1368683772161603e-13,0.3463316087510941,0.9
seen,mixed,10,seasonal_daily,seen_test,conformal_upper_bound,0.15,3,1620,-0.056003148148148385,0.0,-0.010885378954286385,-2.422900000000001,-0.004825511178120855,9121.012850000001,3,258,12274,17603,1.1368683772161603e-13,0.3463316087510941,0.9
seen,mixed,10,seasonal_daily,seen_test,conformal_upper_bound,0.2,1,1620,-0.09571882716049399,0.0,-0.01811574064193566,-2.3166,-0.007694083634256658,9806.057000000026,3,258,11932,17945,1.1368683772161603e-13,0.3463316087510941,0.9
seen,mixed,10,seasonal_daily,seen_test,conformal_upper_bound,0.2,2,1620,-0.09177895061728436,0.0,-0.01867014178744407,-2.422900000000003,-0.007742063756377095,10324.225400000001,3,258,11665,18212,1.1368683772161603e-13,0.3463316087510941,0.9
seen,mixed,10,seasonal_daily,seen_test,conformal_upper_bound,0.2,3,1620,-0.08834179012345708,0.0,-0.017761920906845974,-2.5269000000000013,-0.007150452265924963,10054.531100000015,3,258,10938,18939,2.2737367544323206e-13,0.3463316087510941,0.9
seen,mixed,10,seasonal_weekly,seen_test,reference_no_forecast,0.0,0,1620,0.0,0.0,0.0,0.0,0.0,0.0,689,0,0,0,0.0,0.3463316087510941,0.9
seen,mixed,10,seasonal_weekly,seen_test,median,0.05,1,1620,-0.0009914814814814981,0.0,-0.00020406039448996388,-1.1629000000000005,-0.00010198377405172491,1969.7833999999991,95,51,7384,4436,1.1368683772161603e-13,0.3463316087510941,0.9
seen,mixed,10,seasonal_weekly,seen_test,median,0.05,2,1620,-0.00016697530864197982,0.0,-0.00022041773529421713,-1.2939499999999997,-0.00013906848193484766,2228.7719500000017,95,51,8132,3688,2.2737367544323206e-13,0.3463316087510941,0.9
seen,mixed,10,seasonal_weekly,seen_test,median,0.05,3,1620,0.0006846604938271345,0.0,-0.0001834737847187314,-1.5479000000000012,-8.776001237116743e-05,2292.4350499999987,95,51,8279,3541,1.1368683772161603e-13,0.3463316087510941,0.9
seen,mixed,10,seasonal_weekly,seen_test,median,0.1,1,1620,-0.022693086419753133,0.0,-0.0036207825343906423,-1.6180999999999992,-0.0017530747609836128,3463.5589999999997,95,51,6870,4950,1.1368683772161603e-13,0.3463316087510941,0.9
seen,mixed,10,seasonal_weekly,seen_test,median,0.1,2,1620,-0.04248197530864207,0.0,-0.006979058260387888,-2.1989000000000027,-0.0033740678434874293,3833.405399999999,95,51,7337,4483,2.2737367544323206e-13,0.3463316087510941,0.9
seen,mixed,10,seasonal_weekly,seen_test,median,0.1,3,1620,-0.034129876543209946,0.0,-0.005650766673250993,-2.313900000000001,-0.0027156314601051866,3833.3062000000014,95,51,7189,4631,1.1368683772161603e-13,0.3463316087510941,0.9
seen,mixed,10,seasonal_weekly,seen_test,median,0.15,1,1620,-0.057528981481481514,0.0,-0.009167111365420085,-2.3063000000000002,-0.00431282658512373,4644.489650000007,95,51,6553,5267,2.2737367544323206e-13,0.3463316087510941,0.9
seen,mixed,10,seasonal_weekly,seen_test,median,0.15,2,1620,-0.08772564814814811,0.0,-0.014405827045313848,-2.3949000000000007,-0.006709597132100251,4978.797100000008,95,51,6706,5114,2.2737367544323206e-13,0.3463316087510941,0.9
seen,mixed,10,seasonal_weekly,seen_test,median,0.15,3,1620,-0.07724040123456793,0.0,-0.012490414920088884,-2.4368999999999996,-0.0058280268472224684,4943.173800000002,95,51,6453,5367,2.2737367544323206e-13,0.3463316087510941,0.9
seen,mixed,10,seasonal_weekly,seen_test,median,0.2,1,1620,-0.08976240740740753,0.0,-0.014243633553382434,-2.4749,-0.006609391019176383,5564.109600000006,95,51,6203,5617,2.2737367544323206e-13,0.3463316087510941,0.9
seen,mixed,10,seasonal_weekly,seen_test,median,0.2,2,1620,-0.13056561728395072,0.0,-0.021548812319308833,-2.975900000000002,-0.009717684120970573,5842.124499999999,95,51,6167,5653,1.1368683772161603e-13,0.3463316087510941,0.9
seen,mixed,10,seasonal_weekly,seen_test,median,0.2,3,1620,-0.11887648148148153,0.0,-0.01952068814141045,-2.975900000000002,-0.008750412136246577,5788.453600000002,95,51,5870,5950,1.1368683772161603e-13,0.3463316087510941,0.9
seen,mixed,10,seasonal_weekly,seen_test,conformal_upper_bound,0.05,1,1620,0.013569074074074032,0.0,0.0037735437818573157,-0.9674499999999995,0.0004538645272041911,4473.7345000000105,3,361,16887,18620,1.1368683772161603e-13,0.3463316087510941,0.9
seen,mixed,10,seasonal_weekly,seen_test,conformal_upper_bound,0.05,2,1620,0.016704660493827118,0.0,0.004164801744055255,-1.4831499999999993,0.0006435158779265608,5227.110850000011,3,361,19075,16432,1.1368683772161603e-13,0.3463316087510941,0.9
seen,mixed,10,seasonal_weekly,seen_test,conformal_upper_bound,0.05,3,1620,0.0226712962962963,0.0,0.005014318049895324,-1.4831499999999993,0.0011474366716625376,5484.89470000001,3,361,19605,15902,2.2737367544323206e-13,0.3463316087510941,0.9
seen,mixed,10,seasonal_weekly,seen_test,conformal_upper_bound,0.1,1,1620,-0.010172592592592688,0.0,0.0002618502358531215,-1.595299999999999,-0.001930658380013239,7177.599800000006,3,361,14912,20595,2.2737367544323206e-13,0.3463316087510941,0.9
seen,mixed,10,seasonal_weekly,seen_test,conformal_upper_bound,0.1,2,1620,-0.012412654320987782,0.0,-0.00025596823086297666,-2.1451000000000002,-0.00222270657281498,7893.323700000007,3,361,15563,19944,2.2737367544323206e-13,0.3463316087510941,0.9
seen,mixed,10,seasonal_weekly,seen_test,conformal_upper_bound,0.1,3,1620,-0.007121851851851974,0.0,0.0005266991037017347,-2.281900000000002,-0.0015278147262986546,7980.084600000017,3,361,15278,20229,2.2737367544323206e-13,0.3463316087510941,0.9
seen,mixed,10,seasonal_weekly,seen_test,conformal_upper_bound,0.15,1,1620,-0.03921669753086434,0.0,-0.0053639704105870835,-2.4074999999999998,-0.00429336827650827,8888.48625000001,3,361,13534,21973,2.2737367544323206e-13,0.3463316087510941,0.9
seen,mixed,10,seasonal_weekly,seen_test,conformal_upper_bound,0.15,2,1620,-0.03537592592592609,0.0,-0.004270949929772156,-2.7069,-0.004298264825461271,9400.000750000005,3,361,13423,22084,2.2737367544323206e-13,0.3463316087510941,0.9
seen,mixed,10,seasonal_weekly,seen_test,conformal_upper_bound,0.15,3,1620,-0.02967342592592605,0.0,-0.0035401458508646285,-2.7069,-0.0035153965852849204,9396.01280000001,3,361,12879,22628,2.2737367544323206e-13,0.3463316087510941,0.9
seen,mixed,10,seasonal_weekly,seen_test,conformal_upper_bound,0.2,1,1620,-0.0677185185185187,0.0,-0.011599644153409161,-2.706900000000002,-0.006345808632734049,10025.403400000028,3,361,12580,22927,1.1368683772161603e-13,0.3463316087510941,0.9
seen,mixed,10,seasonal_weekly,seen_test,conformal_upper_bound,0.2,2,1620,-0.05946462962962982,0.0,-0.009505030162323038,-2.706900000000002,-0.0060913510044490185,10363.92420000001,3,361,12041,23466,1.1368683772161603e-13,0.3463316087510941,0.9
seen,mixed,10,seasonal_weekly,seen_test,conformal_upper_bound,0.2,3,1620,-0.051578827160494056,0.0,-0.008552314691175712,-2.9729000000000023,-0.005212360773598055,10296.219200000005,3,361,11418,24089,2.2737367544323206e-13,0.3463316087510941,0.9
seen,mixed,10,elastic_net,seen_test,reference_no_forecast,0.0,0,1620,0.0,0.0,0.0,0.0,0.0,0.0,689,0,0,0,0.0,0.3463316087510941,0.9
seen,mixed,10,elastic_net,seen_test,median,0.05,1,1620,0.00019301045504837832,0.0,2.33842127944388e-05,-0.01430790165090734,1.3832938430194774e-05,17.715389589252293,589,0,284,5310,2.2737367544323206e-13,0.3463316087510941,0.9
seen,mixed,10,elastic_net,seen_test,median,0.05,2,1620,0.0004378994323645827,0.0,5.245480301459166e-05,-0.19507386234396407,3.3922750204639646e-05,65.57808118000321,589,0,529,5065,1.1368683772161603e-13,0.3463316087510941,0.9
seen,mixed,10,elastic_net,seen_test,median,0.05,3,1620,0.0008446363615082729,0.0,0.00010653204737949146,-0.24128009509648685,6.78077149735673e-05,119.45796689905099,589,0,739,4855,1.1368683772161603e-13,0.3463316087510941,0.9
seen,mixed,10,elastic_net,seen_test,median,0.1,1,1620,0.00019301045504837832,0.0,2.33842127944388e-05,-0.01430790165090734,1.3832938430194774e-05,17.715389589252293,589,0,284,5310,2.2737367544323206e-13,0.3463316087510941,0.9
seen,mixed,10,elastic_net,seen_test,median,0.1,2,1620,0.0004625513640975563,0.0,5.534009465000523e-05,-0.19507386234396407,3.57533445162236e-05,68.07700552833047,589,0,529,5065,1.1368683772161603e-13,0.3463316087510941,0.9
seen,mixed,10,elastic_net,seen_test,median,0.1,3,1620,0.0008680822418644636,0.0,0.00011062654460177231,-0.319390849847613,7.048819393514665e-05,142.70186797059196,589,0,734,4860,1.1368683772161603e-13,0.3463316087510941,0.9
seen,mixed,10,elastic_net,seen_test,median,0.15,1,1620,0.00019301045504837832,0.0,2.33842127944388e-05,-0.01430790165090734,1.3832938430194774e-05,17.715389589252293,589,0,284,5310,2.2737367544323206e-13,0.3463316087510941,0.9
seen,mixed,10,elastic_net,seen_test,median,0.15,2,1620,0.0004625513640975563,0.0,5.534009465000523e-05,-0.19507386234396407,3.57533445162236e-05,68.07700552833047,589,0,529,5065,1.1368683772161603e-13,0.3463316087510941,0.9
seen,mixed,10,elastic_net,seen_test,median,0.15,3,1620,0.0008680822418644636,0.0,0.00011062654460177231,-0.319390849847613,7.048819393514665e-05,143.13135016046866,589,0,734,4860,1.1368683772161603e-13,0.3463316087510941,0.9
seen,mixed,10,elastic_net,seen_test,median,0.2,1,1620,0.00019301045504837832,0.0,2.33842127944388e-05,-0.01430790165090734,1.3832938430194774e-05,17.715389589252293,589,0,284,5310,2.2737367544323206e-13,0.3463316087510941,0.9
seen,mixed,10,elastic_net,seen_test,median,0.2,2,1620,0.0004625513640975563,0.0,5.534009465000523e-05,-0.19507386234396407,3.57533445162236e-05,68.07700552833047,589,0,529,5065,1.1368683772161603e-13,0.3463316087510941,0.9
seen,mixed,10,elastic_net,seen_test,median,0.2,3,1620,0.0008680822418644636,0.0,0.00011062654460177231,-0.319390849847613,7.048819393514665e-05,143.13135016046866,589,0,734,4860,1.1368683772161603e-13,0.3463316087510941,0.9
seen,mixed,10,elastic_net,seen_test,conformal_upper_bound,0.05,1,1620,0.0006973544613154107,0.0,5.8450807699141115e-05,-0.35721488826809633,3.960106942726169e-05,602.0464088566407,145,25,3523,22439,1.1368683772161603e-13,0.3463316087510941,0.9
seen,mixed,10,elastic_net,seen_test,conformal_upper_bound,0.05,2,1620,0.0014157223203741687,0.0,0.00016209779786932342,-0.5007113219483674,7.159856723657789e-05,787.9511008960901,145,25,4113,21849,1.1368683772161603e-13,0.3463316087510941,0.9
seen,mixed,10,elastic_net,seen_test,conformal_upper_bound,0.05,3,1620,0.003477660731159483,0.0,0.0004625006116028723,-0.8722868871524554,0.00025133498285522703,962.4486715576046,145,25,4688,21274,1.1368683772161603e-13,0.3463316087510941,0.9
seen,mixed,10,elastic_net,seen_test,conformal_upper_bound,0.1,1,1620,-0.00021465822957581577,0.0,-0.00014177197810335223,-0.4881955560405702,-3.8838748950054674e-05,792.9832620403872,145,25,3147,22815,1.1368683772161603e-13,0.3463316087510941,0.9
seen,mixed,10,elastic_net,seen_test,conformal_upper_bound,0.1,2,1620,-0.0003890682939974856,0.0,-0.00019608802131571216,-0.6563567325915889,-9.883804212525622e-05,1023.5769450557169,145,25,3471,22491,1.1368683772161603e-13,0.3463316087510941,0.9
seen,mixed,10,elastic_net,seen_test,conformal_upper_bound,0.1,3,1620,0.002989152486841397,0.0,0.00027460814994339025,-0.9193044386667228,0.00020536996428697905,1332.6806768466486,145,25,3991,21971,1.1368683772161603e-13,0.3463316087510941,0.9
seen,mixed,10,elastic_net,seen_test,conformal_upper_bound,0.15,1,1620,-0.0007408264576593242,0.0,-0.00026695434448882334,-0.7322933340608557,-7.981643829229715e-05,853.0392247920312,145,25,3134,22828,1.1368683772161603e-13,0.3463316087510941,0.9
seen,mixed,10,elastic_net,seen_test,conformal_upper_bound,0.15,2,1620,-0.0018830203241977487,0.0,-0.00047548696843779286,-0.7347735916840428,-0.00021934632022032894,1126.7924925153886,145,25,3236,22726,1.1368683772161603e-13,0.3463316087510941,0.9
seen,mixed,10,elastic_net,seen_test,conformal_upper_bound,0.15,3,1620,0.0015400150089066506,0.0,-4.724792898721273e-05,-0.9193044386667228,9.317815773124212e-05,1514.6343863780578,145,25,3685,22277,1.1368683772161603e-13,0.3463316087510941,0.9
seen,mixed,10,elastic_net,seen_test,conformal_upper_bound,0.2,1,1620,-0.0008027529693251336,0.0,-0.0002795482931078422,-0.768014896615786,-8.404032943681271e-05,862.0823567526637,145,25,3134,22828,1.1368683772161603e-13,0.3463316087510941,0.9
seen,mixed,10,elastic_net,seen_test,conformal_upper_bound,0.2,2,1620,-0.0026018587763203087,0.0,-0.0005973313762973572,-0.8712726668374673,-0.0002752097882284522,1158.5396279873657,145,25,3185,22777,1.1368683772161603e-13,0.3463316087510941,0.9
seen,mixed,10,elastic_net,seen_test,conformal_upper_bound,0.2,3,1620,0.0004154543500423371,0.0,-0.000262772864632553,-0.9193044386667228,4.1314714290640465e-06,1594.5006642937867,145,25,3540,22422,1.1368683772161603e-13,0.3463316087510941,0.9
seen,mixed,10,lightgbm,seen_test,reference_no_forecast,0.0,0,1620,0.0,0.0,0.0,0.0,0.0,0.0,689,0,0,0,0.0,0.3463316087510941,0.9
seen,mixed,10,lightgbm,seen_test,median,0.05,1,1620,0.0,0.0,0.0,0.0,0.0,0.8738417366644842,687,0,8,40,0.0,0.3463316087510941,0.9
seen,mixed,10,lightgbm,seen_test,median,0.05,2,1620,0.0,0.0,0.0,0.0,0.0,2.335444153640304,687,0,14,34,5.684341886080802e-14,0.3463316087510941,0.9
seen,mixed,10,lightgbm,seen_test,median,0.05,3,1620,0.0,0.0,0.0,0.0,0.0,4.205806053958982,687,0,20,28,0.0,0.3463316087510941,0.9
seen,mixed,10,lightgbm,seen_test,median,0.1,1,1620,0.0,0.0,0.0,0.0,0.0,0.9227338740545177,687,0,8,40,1.1368683772161603e-13,0.3463316087510941,0.9
seen,mixed,10,lightgbm,seen_test,median,0.1,2,1620,0.0,0.0,0.0,0.0,0.0,3.5513268496586594,687,0,14,34,5.684341886080802e-14,0.3463316087510941,0.9
seen,mixed,10,lightgbm,seen_test,median,0.1,3,1620,0.0,0.0,0.0,0.0,0.0,7.367807673225883,687,0,20,28,5.684341886080802e-14,0.3463316087510941,0.9
seen,mixed,10,lightgbm,seen_test,median,0.15,1,1620,0.0,0.0,0.0,0.0,0.0,0.9227338740545177,687,0,8,40,1.1368683772161603e-13,0.3463316087510941,0.9
seen,mixed,10,lightgbm,seen_test,median,0.15,2,1620,0.0,0.0,0.0,0.0,0.0,4.0602353606000285,687,0,14,34,5.684341886080802e-14,0.3463316087510941,0.9
seen,mixed,10,lightgbm,seen_test,median,0.15,3,1620,0.0,0.0,0.0,0.0,0.0,9.120132564539656,687,0,20,28,5.684341886080802e-14,0.3463316087510941,0.9
seen,mixed,10,lightgbm,seen_test,median,0.2,1,1620,0.0,0.0,0.0,0.0,0.0,0.9227338740545177,687,0,8,40,1.1368683772161603e-13,0.3463316087510941,0.9
seen,mixed,10,lightgbm,seen_test,median,0.2,2,1620,0.0,0.0,0.0,0.0,0.0,4.419052526320453,687,0,14,34,5.684341886080802e-14,0.3463316087510941,0.9
seen,mixed,10,lightgbm,seen_test,median,0.2,3,1620,0.0,0.0,0.0,0.0,0.0,10.402300616030804,687,0,19,29,5.684341886080802e-14,0.3463316087510941,0.9
seen,mixed,10,lightgbm,seen_test,conformal_upper_bound,0.05,1,1620,0.0020416263001831283,0.0,0.00024027171816380272,-0.34706101428568115,0.00013301417016423555,596.6035703997629,179,36,3384,19326,1.1368683772161603e-13,0.3463316087510941,0.9
seen,mixed,10,lightgbm,seen_test,conformal_upper_bound,0.05,2,1620,0.005881958735485981,0.0,0.0009241715705379425,-0.47259267931924676,0.0004891846248577526,936.2734230254057,179,36,4548,18162,1.1368683772161603e-13,0.3463316087510941,0.9
seen,mixed,10,lightgbm,seen_test,conformal_upper_bound,0.05,3,1620,0.010307748505302923,0.0,0.001626997183128006,-0.47259267931924676,0.0008569714755540021,1197.710251965451,179,36,5356,17354,1.1368683772161603e-13,0.3463316087510941,0.9
seen,mixed,10,lightgbm,seen_test,conformal_upper_bound,0.1,1,1620,0.001675355206403905,0.0,0.00011578780426730917,-0.5078513134055669,9.074987871888789e-05,772.7856030269382,179,36,2985,19725,1.1368683772161603e-13,0.3463316087510941,0.9
seen,mixed,10,lightgbm,seen_test,conformal_upper_bound,0.1,2,1620,0.005759281268296007,0.0,0.0008313457243589447,-0.5511404779120257,0.00046774778430604493,1284.9973281480793,179,36,3857,18853,1.1368683772161603e-13,0.3463316087510941,0.9
seen,mixed,10,lightgbm,seen_test,conformal_upper_bound,0.1,3,1620,0.0122584189170479,0.0,0.0018705760770287604,-0.5544488140810326,0.001025545883120149,1758.4268143346173,179,36,4591,18119,2.2737367544323206e-13,0.3463316087510941,0.9
seen,mixed,10,lightgbm,seen_test,conformal_upper_bound,0.15,1,1620,0.0018000559545544041,0.0,0.00010982108139387888,-0.6673147434148259,0.00010443531361346809,828.4440241350954,179,36,2901,19809,1.1368683772161603e-13,0.3463316087510941,0.9
seen,mixed,10,lightgbm,seen_test,conformal_upper_bound,0.15,2,1620,0.00546442309268218,0.0,0.0007419786307311383,-0.6673147434148259,0.000438101028634051,1442.4761198453164,179,36,3532,19178,1.1368683772161603e-13,0.3463316087510941,0.9
seen,mixed,10,lightgbm,seen_test,conformal_upper_bound,0.15,3,1620,0.011318112114117002,0.0,0.0016378455892425217,-0.7379334073977555,0.00093940845030898,2024.5333641803666,179,36,4208,18502,2.2737367544323206e-13,0.3463316087510941,0.9
seen,mixed,10,lightgbm,seen_test,conformal_upper_bound,0.2,1,1620,0.0017516633680390097,0.0,0.00010170125807265371,-0.6673147434148259,0.00010137471366709089,841.263515769613,179,36,2897,19813,1.1368683772161603e-13,0.3463316087510941,0.9
seen,mixed,10,lightgbm,seen_test,conformal_upper_bound,0.2,2,1620,0.0050687478984170675,0.0,0.0006645665931001656,-0.8385614449232959,0.0004057358782893342,1515.9029161687442,179,36,3407,19303,1.1368683772161603e-13,0.3463316087510941,0.9
seen,mixed,10,lightgbm,seen_test,conformal_upper_bound,0.2,3,1620,0.009931955031652505,0.0,0.0013579374175941242,-0.9045005375463662,0.0008034465399147292,2149.6704953287335,179,36,3960,18750,2.2737367544323206e-13,0.3463316087510941,0.9
unseen,ASHP,4,persistence,unseen_test,reference_no_forecast,0.0,0,1028,0.0,0.0,0.0,0.0,0.0,0.0,438,0,0,0,0.0,0.29562868267857434,0.9
unseen,ASHP,4,persistence,unseen_test,median,0.05,1,1028,0.0,0.0,0.0,0.0,0.0,0.0,385,0,0,5035,0.0,0.29562868267857434,0.9
unseen,ASHP,4,persistence,unseen_test,median,0.05,2,1028,0.0,0.0,0.0,0.0,0.0,0.0,385,0,0,5035,0.0,0.29562868267857434,0.9
unseen,ASHP,4,persistence,unseen_test,median,0.05,3,1028,0.0,0.0,0.0,0.0,0.0,0.0,385,0,0,5035,0.0,0.29562868267857434,0.9
unseen,ASHP,4,persistence,unseen_test,median,0.1,1,1028,0.0,0.0,0.0,0.0,0.0,0.0,385,0,0,5035,0.0,0.29562868267857434,0.9
unseen,ASHP,4,persistence,unseen_test,median,0.1,2,1028,0.0,0.0,0.0,0.0,0.0,0.0,385,0,0,5035,0.0,0.29562868267857434,0.9
unseen,ASHP,4,persistence,unseen_test,median,0.1,3,1028,0.0,0.0,0.0,0.0,0.0,0.0,385,0,0,5035,0.0,0.29562868267857434,0.9
unseen,ASHP,4,persistence,unseen_test,median,0.15,1,1028,0.0,0.0,0.0,0.0,0.0,0.0,385,0,0,5035,0.0,0.29562868267857434,0.9
unseen,ASHP,4,persistence,unseen_test,median,0.15,2,1028,0.0,0.0,0.0,0.0,0.0,0.0,385,0,0,5035,0.0,0.29562868267857434,0.9
unseen,ASHP,4,persistence,unseen_test,median,0.15,3,1028,0.0,0.0,0.0,0.0,0.0,0.0,385,0,0,5035,0.0,0.29562868267857434,0.9
unseen,ASHP,4,persistence,unseen_test,median,0.2,1,1028,0.0,0.0,0.0,0.0,0.0,0.0,385,0,0,5035,0.0,0.29562868267857434,0.9
unseen,ASHP,4,persistence,unseen_test,median,0.2,2,1028,0.0,0.0,0.0,0.0,0.0,0.0,385,0,0,5035,0.0,0.29562868267857434,0.9
unseen,ASHP,4,persistence,unseen_test,median,0.2,3,1028,0.0,0.0,0.0,0.0,0.0,0.0,385,0,0,5035,0.0,0.29562868267857434,0.9
unseen,ASHP,4,persistence,unseen_test,conformal_upper_bound,0.05,1,1028,0.0015492217898832698,0.0,0.0004253289803318901,-0.23599999999999977,8.985839292397583e-05,381.71724999999986,67,142,3469,22592,5.684341886080802e-14,0.29562868267857434,0.9
unseen,ASHP,4,persistence,unseen_test,conformal_upper_bound,0.05,2,1028,0.001201799610894943,0.0,0.0003591178706202576,-0.31115000000000004,-2.058880943953825e-05,469.73035,67,142,3959,22102,2.842170943040401e-14,0.29562868267857434,0.9
unseen,ASHP,4,persistence,unseen_test,conformal_upper_bound,0.05,3,1028,0.0014019941634241266,0.0,0.0003116894006339087,-0.5519999999999996,1.1047147612340509e-05,435.87674999999984,67,142,3737,22324,2.842170943040401e-14,0.29562868267857434,0.9
unseen,ASHP,4,persistence,unseen_test,conformal_upper_bound,0.1,1,1028,0.00077081712062257,0.0,-0.00013967684262161916,-0.27590000000000003,-0.00015316188419966983,560.1671999999999,67,142,3196,22865,5.684341886080802e-14,0.29562868267857434,0.9
unseen,ASHP,4,persistence,unseen_test,conformal_upper_bound,0.1,2,1028,-0.0015658560311284026,0.0,-0.0008600320971585589,-0.5606,-0.0005728615357458652,687.1870000000001,67,142,3476,22585,5.684341886080802e-14,0.29562868267857434,0.9
unseen,ASHP,4,persistence,unseen_test,conformal_upper_bound,0.1,3,1028,-0.0009905642023346258,0.0,-0.0007902926196172531,-0.5684,-0.0004800887266887576,554.6482999999998,67,142,2918,23143,5.684341886080802e-14,0.29562868267857434,0.9
unseen,ASHP,4,persistence,unseen_test,conformal_upper_bound,0.15,1,1028,-0.0020037937743190627,0.0,-0.0013784295754405613,-0.41385000000000005,-0.0006131977118491206,665.3694499999999,67,142,3108,22953,5.684341886080802e-14,0.29562868267857434,0.9
unseen,ASHP,4,persistence,unseen_test,conformal_upper_bound,0.15,2,1028,-0.00434343385214007,0.0,-0.002068522482962913,-0.573,-0.0010701061817099023,812.4502499999995,67,142,3204,22857,2.842170943040401e-14,0.29562868267857434,0.9
unseen,ASHP,4,persistence,unseen_test,conformal_upper_bound,0.15,3,1028,-0.003348881322957191,0.0,-0.0018149104600738853,-0.7669999999999995,-0.0008867714243633812,606.5951999999993,67,142,2551,23510,5.684341886080802e-14,0.29562868267857434,0.9
unseen,ASHP,4,persistence,unseen_test,conformal_upper_bound,0.2,1,1028,-0.004221984435797658,0.0,-0.002349602796578984,-0.5517999999999998,-0.0009001731155879091,725.8049999999998,67,142,3106,22955,5.684341886080802e-14,0.29562868267857434,0.9
unseen,ASHP,4,persistence,unseen_test,conformal_upper_bound,0.2,2,1028,-0.007456809338521397,0.0,-0.0034556796457854626,-0.573,-0.001558682837758488,898.5082000000003,67,142,3045,23016,5.684341886080802e-14,0.29562868267857434,0.9
unseen,ASHP,4,persistence,unseen_test,conformal_upper_bound,0.2,3,1028,-0.003950972762645904,0.0,-0.0020170554475694,-0.7669999999999999,-0.0009917024954377402,627.1789999999996,67,142,2382,23679,5.684341886080802e-14,0.29562868267857434,0.9
unseen,ASHP,4,seasonal_daily,unseen_test,reference_no_forecast,0.0,0,1028,0.0,0.0,0.0,0.0,0.0,0.0,438,0,0,0,0.0,0.29562868267857434,0.9
unseen,ASHP,4,seasonal_daily,unseen_test,median,0.05,1,1028,0.008183171206225677,0.0,0.0026229051865868736,-0.5528,0.00069491714077934,689.2565000000002,61,85,4660,488,5.684341886080802e-14,0.29562868267857434,0.9
unseen,ASHP,4,seasonal_daily,unseen_test,median,0.05,2,1028,0.011756712062256798,0.0,0.0033895243491221224,-0.6002000000000001,0.0011785559500962833,747.5315999999999,61,85,4983,165,5.684341886080802e-14,0.29562868267857434,0.9
unseen,ASHP,4,seasonal_daily,unseen_test,median,0.05,3,1028,0.007611819066147853,0.0,0.002007445527062733,-0.8746,0.0005971277175396174,751.0328500000002,61,85,4984,164,5.684341886080802e-14,0.29562868267857434,0.9
unseen,ASHP,4,seasonal_daily,unseen_test,median,0.1,1,1028,-0.001377042801556425,0.0,-0.00033411343356085587,-0.7250000000000001,-0.0008765929344730151,1285.7164,61,85,4501,647,5.684341886080802e-14,0.29562868267857434,0.9
unseen,ASHP,4,seasonal_daily,unseen_test,median,0.1,2,1028,-0.003587159533073927,0.0,-0.001322776287537597,-1.3174000000000001,-0.0009492431273636715,1358.5241999999994,61,85,4652,496,5.684341886080802e-14,0.29562868267857434,0.9
unseen,ASHP,4,seasonal_daily,unseen_test,median,0.1,3,1028,-0.013724610894941647,0.0,-0.004687848815889923,-1.7510000000000003,-0.002251307454473654,1307.0667999999998,61,85,4444,704,5.684341886080802e-14,0.29562868267857434,0.9
unseen,ASHP,4,seasonal_daily,unseen_test,median,0.15,1,1028,-0.01967412451361868,0.0,-0.005764918254494524,-1.01565,-0.00334345145556834,1762.5589999999986,61,85,4300,848,5.684341886080802e-14,0.29562868267857434,0.9
unseen,ASHP,4,seasonal_daily,unseen_test,median,0.15,2,1028,-0.023897422178988322,0.0,-0.007900709669757868,-1.8686999999999998,-0.003512406718083852,1825.7899500000003,61,85,4286,862,5.684341886080802e-14,0.29562868267857434,0.9
unseen,ASHP,4,seasonal_daily,unseen_test,median,0.15,3,1028,-0.04089353112840469,0.0,-0.013583412203927926,-1.8686999999999998,-0.005446953063687345,1719.341200000001,61,85,4004,1144,5.684341886080802e-14,0.29562868267857434,0.9
unseen,ASHP,4,seasonal_daily,unseen_test,median,0.2,1,1028,-0.03632217898832686,0.0,-0.010868987251681412,-1.3542000000000005,-0.005279240673332461,2139.9482000000003,61,85,4137,1011,5.684341886080802e-14,0.29562868267857434,0.9
unseen,ASHP,4,seasonal_daily,unseen_test,median,0.2,2,1028,-0.04270856031128404,0.0,-0.013595609187934173,-2.3969999999999994,-0.005677214903096383,2188.185600000002,61,85,4015,1133,5.684341886080802e-14,0.29562868267857434,0.9
unseen,ASHP,4,seasonal_daily,unseen_test,median,0.2,3,1028,-0.06236887159533073,0.0,-0.02039495435311332,-2.3969999999999994,-0.007809164104537713,2022.7132000000015,61,85,3680,1468,5.684341886080802e-14,0.29562868267857434,0.9
unseen,ASHP,4,seasonal_daily,unseen_test,conformal_upper_bound,0.05,1,1028,0.010794309338521409,0.0,0.005497837092770122,-0.5267000000000004,0.0004441722383829676,1857.1684999999989,3,292,12571,5738,5.684341886080802e-14,0.29562868267857434,0.9
unseen,ASHP,4,seasonal_daily,unseen_test,conformal_upper_bound,0.05,2,1028,0.0077910992217898765,0.0,0.004847331581046886,-1.2283999999999988,1.2653862055520306e-05,2114.9500999999996,3,292,13852,4457,5.684341886080802e-14,0.29562868267857434,0.9
unseen,ASHP,4,seasonal_daily,unseen_test,conformal_upper_bound,0.05,3,1028,-0.0027621595330739185,0.0,0.0009065725463856602,-1.3219499999999997,-0.0013703809267735468,2122.901400000001,3,292,13726,4583,5.684341886080802e-14,0.29562868267857434,0.9
unseen,ASHP,4,seasonal_daily,unseen_test,conformal_upper_bound,0.1,1,1028,-0.008519747081712053,0.0,-0.0005393387326506539,-1.0199999999999996,-0.0025907038822391222,3095.3729999999973,3,292,11351,6958,5.684341886080802e-14,0.29562868267857434,0.9
unseen,ASHP,4,seasonal_daily,unseen_test,conformal_upper_bound,0.1,2,1028,-0.021878793774319047,0.0,-0.004956874272041208,-1.3220000000000005,-0.004671419449409682,3311.611,3,292,11631,6678,5.684341886080802e-14,0.29562868267857434,0.9
unseen,ASHP,4,seasonal_daily,unseen_test,conformal_upper_bound,0.1,3,1028,-0.03819075875486383,0.0,-0.012132841690101934,-1.3219999999999996,-0.007021396633405451,3155.714399999996,3,292,10908,7401,5.684341886080802e-14,0.29562868267857434,0.9
unseen,ASHP,4,seasonal_daily,unseen_test,conformal_upper_bound,0.15,1,1028,-0.03445321011673148,0.0,-0.010210903658581122,-1.314,-0.006191600607206926,3929.3979499999978,3,292,10415,7894,5.684341886080802e-14,0.29562868267857434,0.9
unseen,ASHP,4,seasonal_daily,unseen_test,conformal_upper_bound,0.15,2,1028,-0.048020330739299615,0.0,-0.015241060533644601,-1.3220000000000005,-0.008607648446962072,4030.867050000005,3,292,10129,8180,5.684341886080802e-14,0.29562868267857434,0.9
unseen,ASHP,4,seasonal_daily,unseen_test,conformal_upper_bound,0.15,3,1028,-0.06379868677042803,0.0,-0.02245992065669898,-1.3219999999999987,-0.010770205599507168,3716.8751500000017,3,292,9155,9154,5.684341886080802e-14,0.29562868267857434,0.9
unseen,ASHP,4,seasonal_daily,unseen_test,conformal_upper_bound,0.2,1,1028,-0.05440428015564198,0.0,-0.018403275414302672,-1.3468000000000002,-0.008903948413546527,4477.823400000003,3,292,9714,8595,5.684341886080802e-14,0.29562868267857434,0.9
unseen,ASHP,4,seasonal_daily,unseen_test,conformal_upper_bound,0.2,2,1028,-0.066688326848249,0.0,-0.02335738056417239,-1.3383999999999998,-0.011233975151541672,4465.531199999998,3,292,9121,9188,5.684341886080802e-14,0.29562868267857434,0.9
unseen,ASHP,4,seasonal_daily,unseen_test,conformal_upper_bound,0.2,3,1028,-0.08422587548638125,0.0,-0.030881397035730195,-1.557,-0.013148830487351167,4040.5169999999935,3,292,8043,10266,5.684341886080802e-14,0.29562868267857434,0.9
unseen,ASHP,4,seasonal_weekly,unseen_test,reference_no_forecast,0.0,0,1028,0.0,0.0,0.0,0.0,0.0,0.0,438,0,0,0,0.0,0.29562868267857434,0.9
unseen,ASHP,4,seasonal_weekly,unseen_test,median,0.05,1,1028,0.0007679961089494149,0.0,0.0005048479717248615,-0.5104999999999995,-0.00013179704645945438,474.4587999999997,135,81,3245,338,5.684341886080802e-14,0.29562868267857434,0.9
unseen,ASHP,4,seasonal_weekly,unseen_test,median,0.05,2,1028,0.005812159533073923,0.0,0.0021981672825208635,-0.5248499999999998,0.0003295870289391105,513.1133999999996,135,81,3439,144,5.684341886080802e-14,0.29562868267857434,0.9
unseen,ASHP,4,seasonal_weekly,unseen_test,median,0.05,3,1028,0.0023244163424124458,0.0,0.0012032409717794637,-0.6124999999999998,-0.0001552971615102023,513.6729999999995,135,81,3437,146,5.684341886080802e-14,0.29562868267857434,0.9
unseen,ASHP,4,seasonal_weekly,unseen_test,median,0.1,1,1028,-0.004610603112840471,0.0,-0.0008991565216796094,-0.7950000000000008,-0.0010146556890255093,888.1927,135,81,3156,427,5.684341886080802e-14,0.29562868267857434,0.9
unseen,ASHP,4,seasonal_weekly,unseen_test,median,0.1,2,1028,-0.0025260700389105094,0.0,8.794384532628952e-06,-1.0691000000000006,-0.0010566419831214617,939.8002999999997,135,81,3252,331,5.684341886080802e-14,0.29562868267857434,0.9
unseen,ASHP,4,seasonal_weekly,unseen_test,median,0.1,3,1028,-0.011281712062256812,0.0,-0.0026708708785976353,-1.3420000000000005,-0.002019367889284493,907.0558999999998,135,81,3122,461,5.684341886080802e-14,0.29562868267857434,0.9
unseen,ASHP,4,seasonal_weekly,unseen_test,median,0.15,1,1028,-0.01551804474708171,0.0,-0.004139147755828358,-1.1266000000000003,-0.0024839737658474167,1231.8708999999997,135,81,3011,572,5.684341886080802e-14,0.29562868267857434,0.9
unseen,ASHP,4,seasonal_weekly,unseen_test,median,0.15,2,1028,-0.013829863813229567,0.0,-0.0036249920110127346,-1.5759999999999996,-0.002476992531675799,1264.553549999999,135,81,3009,574,5.684341886080802e-14,0.29562868267857434,0.9
unseen,ASHP,4,seasonal_weekly,unseen_test,median,0.15,3,1028,-0.022789542801556394,0.0,-0.006782474803167559,-1.4939999999999998,-0.0033689553640822117,1195.010999999999,135,81,2815,768,5.684341886080802e-14,0.29562868267857434,0.9
unseen,ASHP,4,seasonal_weekly,unseen_test,median,0.2,1,1028,-0.026847665369649814,0.0,-0.007653639788581036,-1.2890000000000001,-0.003819176329902734,1515.3383999999992,135,81,2916,667,5.684341886080802e-14,0.29562868267857434,0.9
unseen,ASHP,4,seasonal_weekly,unseen_test,median,0.2,2,1028,-0.025235797665369653,0.0,-0.007996603467346201,-1.5759999999999996,-0.0037465569580757484,1522.1077999999995,135,81,2826,757,5.684341886080802e-14,0.29562868267857434,0.9
unseen,ASHP,4,seasonal_weekly,unseen_test,median,0.2,3,1028,-0.03631867704280157,0.0,-0.012359363233469037,-1.7694,-0.004813912047934694,1425.4779999999998,135,81,2609,974,5.684341886080802e-14,0.29562868267857434,0.9
unseen,ASHP,4,seasonal_weekly,unseen_test,conformal_upper_bound,0.05,1,1028,0.0059736867704280085,0.0,0.0031680939988901194,-0.6088000000000005,-0.0009507756585704191,1961.9461999999992,4,402,13347,5063,5.684341886080802e-14,0.29562868267857434,0.9
unseen,ASHP,4,seasonal_weekly,unseen_test,conformal_upper_bound,0.05,2,1028,0.011180836575875477,0.0,0.00544189984322858,-0.91005,-0.0006514663004382245,2126.5350499999995,4,402,14085,4325,5.684341886080802e-14,0.29562868267857434,0.9
unseen,ASHP,4,seasonal_weekly,unseen_test,conformal_upper_bound,0.05,3,1028,0.007962013618677044,0.0,0.0034210277755820848,-1.3379999999999992,-0.0010300183686723695,2115.2713500000013,4,402,13912,4498,5.684341886080802e-14,0.29562868267857434,0.9
unseen,ASHP,4,seasonal_weekly,unseen_test,conformal_upper_bound,0.1,1,1028,-0.0169453307392996,0.0,-0.004487108060487433,-0.9356999999999998,-0.004623205609211182,3324.5812999999953,4,402,12191,6219,5.684341886080802e-14,0.29562868267857434,0.9
unseen,ASHP,4,seasonal_weekly,unseen_test,conformal_upper_bound,0.1,2,1028,-0.010901459143968858,0.0,-0.0013863191272504732,-1.3379999999999992,-0.004352825628944558,3482.4555999999957,4,402,12293,6117,5.684341886080802e-14,0.29562868267857434,0.9
unseen,ASHP,4,seasonal_weekly,unseen_test,conformal_upper_bound,0.1,3,1028,-0.026111478599221766,0.0,-0.010345438632550264,-1.3379999999999992,-0.005808699451921462,3280.4514999999988,4,402,11473,6937,5.684341886080802e-14,0.29562868267857434,0.9
unseen,ASHP,4,seasonal_weekly,unseen_test,conformal_upper_bound,0.15,1,1028,-0.042892169260700386,0.0,-0.014388339166650138,-1.0676999999999994,-0.008165287323637076,4253.670149999994,4,402,11250,7160,5.684341886080802e-14,0.29562868267857434,0.9
unseen,ASHP,4,seasonal_weekly,unseen_test,conformal_upper_bound,0.15,2,1028,-0.030198978599221743,0.0,-0.008327019616406896,-1.3379999999999992,-0.007264432371932613,4326.7492,4,402,10892,7518,5.684341886080802e-14,0.29562868267857434,0.9
unseen,ASHP,4,seasonal_weekly,unseen_test,conformal_upper_bound,0.15,3,1028,-0.054055204280155554,0.0,-0.023185444401607004,-1.338,-0.00926769517503525,3891.5863000000018,4,402,9685,8725,5.684341886080802e-14,0.29562868267857434,0.9
unseen,ASHP,4,seasonal_weekly,unseen_test,conformal_upper_bound,0.2,1,1028,-0.06704610894941633,0.0,-0.025150243578425116,-1.338,-0.011192260868557668,4864.0934,4,402,10532,7878,5.684341886080802e-14,0.29562868267857434,0.9
unseen,ASHP,4,seasonal_weekly,unseen_test,conformal_upper_bound,0.2,2,1028,-0.04928404669260693,0.0,-0.0172551269428465,-1.338,-0.009801916275499284,4850.039200000003,4,402,9886,8524,5.684341886080802e-14,0.29562868267857434,0.9
unseen,ASHP,4,seasonal_weekly,unseen_test,conformal_upper_bound,0.2,3,1028,-0.0831321011673151,0.0,-0.03843805893283352,-1.5615999999999999,-0.012627470615557903,4247.705999999997,4,402,8519,9891,5.684341886080802e-14,0.29562868267857434,0.9
unseen,ASHP,4,elastic_net,unseen_test,reference_no_forecast,0.0,0,1028,0.0,0.0,0.0,0.0,0.0,0.0,438,0,0,0,0.0,0.29562868267857434,0.9
unseen,ASHP,4,elastic_net,unseen_test,median,0.05,1,1028,-1.3345901422711111e-05,0.0,-3.3116380701516405e-06,-0.013719586662547023,-1.5655242649180753e-06,0.7075656299300221,429,0,33,170,2.842170943040401e-14,0.29562868267857434,0.9
unseen,ASHP,4,elastic_net,unseen_test,median,0.05,2,1028,-1.3345901422711111e-05,0.0,-3.3116380701516405e-06,-0.013719586662547023,-1.5655242649180753e-06,2.9421243438735885,429,0,65,138,2.842170943040401e-14,0.29562868267857434,0.9
unseen,ASHP,4,elastic_net,unseen_test,median,0.05,3,1028,-3.450421300264065e-05,0.0,-8.502587918024442e-06,-0.02175074430416757,-4.773130702333591e-06,6.640923848575344,429,0,97,106,2.842170943040401e-14,0.29562868267857434,0.9
unseen,ASHP,4,elastic_net,unseen_test,median,0.1,1,1028,-1.3345901422711111e-05,0.0,-3.3116380701516405e-06,-0.013719586662547023,-1.5655242649180753e-06,0.7075656299300221,429,0,33,170,2.842170943040401e-14,0.29562868267857434,0.9
unseen,ASHP,4,elastic_net,unseen_test,median,0.1,2,1028,-1.3345901422711111e-05,0.0,-3.3116380701516405e-06,-0.013719586662547023,-1.5655242649180753e-06,2.9421243438735885,429,0,65,138,2.842170943040401e-14,0.29562868267857434,0.9
unseen,ASHP,4,elastic_net,unseen_test,median,0.1,3,1028,-4.1885994656440914e-05,0.0,-1.0313623652519109e-05,-0.029339215844274236,-5.884213415434796e-06,6.829874704410421,429,0,97,106,2.842170943040401e-14,0.29562868267857434,0.9
unseen,ASHP,4,elastic_net,unseen_test,median,0.15,1,1028,-1.3345901422711111e-05,0.0,-3.3116380701516405e-06,-0.013719586662547023,-1.5655242649180753e-06,0.7075656299300221,429,0,33,170,2.842170943040401e-14,0.29562868267857434,0.9
unseen,ASHP,4,elastic_net,unseen_test,median,0.15,2,1028,-1.3345901422711111e-05,0.0,-3.3116380701516405e-06,-0.013719586662547023,-1.5655242649180753e-06,2.9421243438735885,429,0,65,138,2.842170943040401e-14,0.29562868267857434,0.9
unseen,ASHP,4,elastic_net,unseen_test,median,0.15,3,1028,-4.1885994656440914e-05,0.0,-1.0313623652519109e-05,-0.029339215844274236,-5.884213415434796e-06,6.829874704410421,429,0,97,106,2.842170943040401e-14,0.29562868267857434,0.9
unseen,ASHP,4,elastic_net,unseen_test,median,0.2,1,1028,-1.3345901422711111e-05,0.0,-3.3116380701516405e-06,-0.013719586662547023,-1.5655242649180753e-06,0.7075656299300221,429,0,33,170,2.842170943040401e-14,0.29562868267857434,0.9
unseen,ASHP,4,elastic_net,unseen_test,median,0.2,2,1028,-1.3345901422711111e-05,0.0,-3.3116380701516405e-06,-0.013719586662547023,-1.5655242649180753e-06,2.9421243438735885,429,0,65,138,2.842170943040401e-14,0.29562868267857434,0.9
unseen,ASHP,4,elastic_net,unseen_test,median,0.2,3,1028,-4.1885994656440914e-05,0.0,-1.0313623652519109e-05,-0.029339215844274236,-5.884213415434796e-06,6.829874704410421,429,0,97,106,2.842170943040401e-14,0.29562868267857434,0.9
unseen,ASHP,4,elastic_net,unseen_test,conformal_upper_bound,0.05,1,1028,0.003095491406533108,0.0,0.0009653930952233694,-0.2829585205608982,0.0003789881621080878,450.5221752879266,59,105,3965,11056,5.684341886080802e-14,0.29562868267857434,0.9
unseen,ASHP,4,elastic_net,unseen_test,conformal_upper_bound,0.05,2,1028,-0.009031815881797097,0.0,-0.003314316155957654,-0.4456456292757216,-0.0012687298106021185,543.2291567120425,59,105,4530,10491,5.684341886080802e-14,0.29562868267857434,0.9
unseen,ASHP,4,elastic_net,unseen_test,conformal_upper_bound,0.05,3,1028,0.004883924316805342,0.0,0.0015804812928569838,-0.39436112856305927,0.000638356763995834,549.209629748161,59,105,4592,10429,5.684341886080802e-14,0.29562868267857434,0.9
unseen,ASHP,4,elastic_net,unseen_test,conformal_upper_bound,0.1,1,1028,0.001105502414795333,0.0,0.00012426978288411042,-0.36516138366779893,5.182596469635711e-06,712.1308240689134,59,105,3802,11219,5.684341886080802e-14,0.29562868267857434,0.9
unseen,ASHP,4,elastic_net,unseen_test,conformal_upper_bound,0.1,2,1028,-0.017136634449692024,0.0,-0.006438787936745205,-0.6249306260190708,-0.002390830251719463,815.844266333879,59,105,3945,11076,5.684341886080802e-14,0.29562868267857434,0.9
unseen,ASHP,4,elastic_net,unseen_test,conformal_upper_bound,0.1,3,1028,0.0021414890649650744,0.0,0.0005218664254213221,-0.7518985745426692,0.00020421220631189793,731.7504414226248,59,105,3659,11362,5.684341886080802e-14,0.29562868267857434,0.9
unseen,ASHP,4,elastic_net,unseen_test,conformal_upper_bound,0.15,1,1028,-0.0016539923495558298,0.0,-0.001032516832845134,-0.38914921396740976,-0.0004661097181382416,872.1099645441623,59,105,3747,11274,5.684341886080802e-14,0.29562868267857434,0.9
unseen,ASHP,4,elastic_net,unseen_test,conformal_upper_bound,0.15,2,1028,-0.021598183810522587,0.0,-0.008312717718506083,-0.692749437134601,-0.003070110223738405,972.580503371631,59,105,3698,11323,5.684341886080802e-14,0.29562868267857434,0.9
unseen,ASHP,4,elastic_net,unseen_test,conformal_upper_bound,0.15,3,1028,0.00034499172801562625,0.0,-0.00029823366848335983,-0.8178028099603303,-0.00012605549343421498,807.523602320091,59,105,3208,11813,5.684341886080802e-14,0.29562868267857434,0.9
unseen,ASHP,4,elastic_net,unseen_test,conformal_upper_bound,0.2,1,1028,-0.004140262617955871,0.0,-0.002064193795249117,-0.518865618623213,-0.0008440819188218724,961.7108617568992,59,105,3747,11274,5.684341886080802e-14,0.29562868267857434,0.9
unseen,ASHP,4,elastic_net,unseen_test,conformal_upper_bound,0.2,2,1028,-0.024786147718410697,0.0,-0.009525421278211326,-0.692749437134601,-0.003513171158096327,1055.1266189641226,59,105,3522,11499,5.684341886080802e-14,0.29562868267857434,0.9
unseen,ASHP,4,elastic_net,unseen_test,conformal_upper_bound,0.2,3,1028,-0.0011890915181768237,0.0,-0.0008359789947715513,-0.8178028099603303,-0.00032413557819876163,835.4935308550139,59,105,2988,12033,5.684341886080802e-14,0.29562868267857434,0.9
unseen,ASHP,4,lightgbm,unseen_test,reference_no_forecast,0.0,0,1028,0.0,0.0,0.0,0.0,0.0,0.0,438,0,0,0,0.0,0.29562868267857434,0.9
unseen,ASHP,4,lightgbm,unseen_test,median,0.05,1,1028,0.0,0.0,0.0,0.0,0.0,0.0,438,0,0,0,0.0,0.29562868267857434,0.9
unseen,ASHP,4,lightgbm,unseen_test,median,0.05,2,1028,0.0,0.0,0.0,0.0,0.0,0.0,438,0,0,0,0.0,0.29562868267857434,0.9
unseen,ASHP,4,lightgbm,unseen_test,median,0.05,3,1028,0.0,0.0,0.0,0.0,0.0,0.0,438,0,0,0,0.0,0.29562868267857434,0.9
unseen,ASHP,4,lightgbm,unseen_test,median,0.1,1,1028,0.0,0.0,0.0,0.0,0.0,0.0,438,0,0,0,0.0,0.29562868267857434,0.9
unseen,ASHP,4,lightgbm,unseen_test,median,0.1,2,1028,0.0,0.0,0.0,0.0,0.0,0.0,438,0,0,0,0.0,0.29562868267857434,0.9
unseen,ASHP,4,lightgbm,unseen_test,median,0.1,3,1028,0.0,0.0,0.0,0.0,0.0,0.0,438,0,0,0,0.0,0.29562868267857434,0.9
unseen,ASHP,4,lightgbm,unseen_test,median,0.15,1,1028,0.0,0.0,0.0,0.0,0.0,0.0,438,0,0,0,0.0,0.29562868267857434,0.9
unseen,ASHP,4,lightgbm,unseen_test,median,0.15,2,1028,0.0,0.0,0.0,0.0,0.0,0.0,438,0,0,0,0.0,0.29562868267857434,0.9
unseen,ASHP,4,lightgbm,unseen_test,median,0.15,3,1028,0.0,0.0,0.0,0.0,0.0,0.0,438,0,0,0,0.0,0.29562868267857434,0.9
unseen,ASHP,4,lightgbm,unseen_test,median,0.2,1,1028,0.0,0.0,0.0,0.0,0.0,0.0,438,0,0,0,0.0,0.29562868267857434,0.9
unseen,ASHP,4,lightgbm,unseen_test,median,0.2,2,1028,0.0,0.0,0.0,0.0,0.0,0.0,438,0,0,0,0.0,0.29562868267857434,0.9
unseen,ASHP,4,lightgbm,unseen_test,median,0.2,3,1028,0.0,0.0,0.0,0.0,0.0,0.0,438,0,0,0,0.0,0.29562868267857434,0.9
unseen,ASHP,4,lightgbm,unseen_test,conformal_upper_bound,0.05,1,1028,0.0011672944354858097,0.0,0.0004285900993320554,-0.28273707087328015,0.00017857894611048776,419.4242366861433,69,94,3666,15904,5.684341886080802e-14,0.29562868267857434,0.9
unseen,ASHP,4,lightgbm,unseen_test,conformal_upper_bound,0.05,2,1028,-0.00646561601360963,0.0,-0.0022771597364060563,-0.4814666255880229,-0.0008451940061541509,543.8509772687795,69,94,4453,15117,2.842170943040401e-14,0.29562868267857434,0.9
unseen,ASHP,4,lightgbm,unseen_test,conformal_upper_bound,0.05,3,1028,0.0008085547916111793,0.0,0.00029741484291905207,-0.4459783745652284,0.0001560574346442244,579.7101656823103,69,94,4605,14965,5.684341886080802e-14,0.29562868267857434,0.9
unseen,ASHP,4,lightgbm,unseen_test,conformal_upper_bound,0.1,1,1028,-0.0012677825945955595,0.0,-0.0005572812420408666,-0.3060403459783365,-0.00023464208518173175,663.9359777543583,69,94,3454,16116,5.684341886080802e-14,0.29562868267857434,0.9
unseen,ASHP,4,lightgbm,unseen_test,conformal_upper_bound,0.1,2,1028,-0.012968928861420969,0.0,-0.00470684448880302,-0.7996111420672367,-0.001828713594083471,821.9905642085554,69,94,3863,15707,2.842170943040401e-14,0.29562868267857434,0.9
unseen,ASHP,4,lightgbm,unseen_test,conformal_upper_bound,0.1,3,1028,-0.004839771248032537,0.0,-0.001840163530515244,-0.8509591890396981,-0.0006594894683832052,815.3342366650639,69,94,3763,15807,5.684341886080802e-14,0.29562868267857434,0.9
unseen,ASHP,4,lightgbm,unseen_test,conformal_upper_bound,0.15,1,1028,-0.00444222107023971,0.0,-0.0017846263271822115,-0.4140074179335418,-0.0006955601372422139,816.7852852248351,69,94,3385,16185,5.684341886080802e-14,0.29562868267857434,0.9
unseen,ASHP,4,lightgbm,unseen_test,conformal_upper_bound,0.15,2,1028,-0.018213306983726363,0.0,-0.006784645178970141,-0.813124845929972,-0.0026186560684358625,976.1613724465532,69,94,3609,15961,5.684341886080802e-14,0.29562868267857434,0.9
unseen,ASHP,4,lightgbm,unseen_test,conformal_upper_bound,0.15,3,1028,-0.008308200916248287,0.0,-0.0031883436218915493,-0.8592316130221769,-0.001180304586979769,911.0409356071694,69,94,3288,16282,5.684341886080802e-14,0.29562868267857434,0.9
unseen,ASHP,4,lightgbm,unseen_test,conformal_upper_bound,0.2,1,1028,-0.007582090806052766,0.0,-0.0030519183953717157,-0.5146845709978978,-0.0011586171572341285,903.9071664555663,69,94,3355,16215,5.684341886080802e-14,0.29562868267857434,0.9
unseen,ASHP,4,lightgbm,unseen_test,conformal_upper_bound,0.2,2,1028,-0.02198239373268776,0.0,-0.008320540492893966,-0.813124845929972,-0.003166332860305036,1071.9147714199776,69,94,3383,16187,5.684341886080802e-14,0.29562868267857434,0.9
unseen,ASHP,4,lightgbm,unseen_test,conformal_upper_bound,0.2,3,1028,-0.009844349009211733,0.0,-0.0038240686170451094,-0.8592316130221769,-0.0014166856318193661,962.2363516691836,69,94,3016,16554,5.684341886080802e-14,0.29562868267857434,0.9
unseen,GSHP,4,persistence,unseen_test,reference_no_forecast,0.0,0,360,0.0,0.0,0.0,0.0,0.0,0.0,180,0,0,0,0.0,0.26496513643952635,0.9
unseen,GSHP,4,persistence,unseen_test,median,0.05,1,360,0.0,0.0,0.0,0.0,0.0,0.0,180,0,0,0,0.0,0.26496513643952635,0.9
unseen,GSHP,4,persistence,unseen_test,median,0.05,2,360,0.0,0.0,0.0,0.0,0.0,0.0,180,0,0,0,0.0,0.26496513643952635,0.9
unseen,GSHP,4,persistence,unseen_test,median,0.05,3,360,0.0,0.0,0.0,0.0,0.0,0.0,180,0,0,0,0.0,0.26496513643952635,0.9
unseen,GSHP,4,persistence,unseen_test,median,0.1,1,360,0.0,0.0,0.0,0.0,0.0,0.0,180,0,0,0,0.0,0.26496513643952635,0.9
unseen,GSHP,4,persistence,unseen_test,median,0.1,2,360,0.0,0.0,0.0,0.0,0.0,0.0,180,0,0,0,0.0,0.26496513643952635,0.9
unseen,GSHP,4,persistence,unseen_test,median,0.1,3,360,0.0,0.0,0.0,0.0,0.0,0.0,180,0,0,0,0.0,0.26496513643952635,0.9
unseen,GSHP,4,persistence,unseen_test,median,0.15,1,360,0.0,0.0,0.0,0.0,0.0,0.0,180,0,0,0,0.0,0.26496513643952635,0.9
unseen,GSHP,4,persistence,unseen_test,median,0.15,2,360,0.0,0.0,0.0,0.0,0.0,0.0,180,0,0,0,0.0,0.26496513643952635,0.9
unseen,GSHP,4,persistence,unseen_test,median,0.15,3,360,0.0,0.0,0.0,0.0,0.0,0.0,180,0,0,0,0.0,0.26496513643952635,0.9
unseen,GSHP,4,persistence,unseen_test,median,0.2,1,360,0.0,0.0,0.0,0.0,0.0,0.0,180,0,0,0,0.0,0.26496513643952635,0.9
unseen,GSHP,4,persistence,unseen_test,median,0.2,2,360,0.0,0.0,0.0,0.0,0.0,0.0,180,0,0,0,0.0,0.26496513643952635,0.9
unseen,GSHP,4,persistence,unseen_test,median,0.2,3,360,0.0,0.0,0.0,0.0,0.0,0.0,180,0,0,0,0.0,0.26496513643952635,0.9
unseen,GSHP,4,persistence,unseen_test,conformal_upper_bound,0.05,1,360,0.002966666666666661,0.0,0.0006899224806201535,0.0,0.0002880363266139262,118.51700000000021,20,80,1300,10780,0.0,0.26496513643952635,0.9
unseen,GSHP,4,persistence,unseen_test,conformal_upper_bound,0.05,2,360,0.006702777777777798,0.0,0.0015587855297157665,0.0,0.0006612503966863415,148.55800000000013,20,80,1600,10480,3.552713678800501e-15,0.26496513643952635,0.9
unseen,GSHP,4,persistence,unseen_test,conformal_upper_bound,0.05,3,360,0.006702777777777798,0.0,0.0015587855297157665,0.0,0.0006612503966863415,169.267,20,80,1700,10380,3.552713678800501e-15,0.26496513643952635,0.9
unseen,GSHP,4,persistence,unseen_test,conformal_upper_bound,0.1,1,360,0.0,0.0,0.0,0.0,0.0,129.14800000000002,20,80,1080,11000,0.0,0.26496513643952635,0.9
unseen,GSHP,4,persistence,unseen_test,conformal_upper_bound,0.1,2,360,0.009888888888888935,0.0,0.002299741602067194,0.0,0.0009891436718416932,160.79000000000013,20,80,1280,10800,0.0,0.26496513643952635,0.9
unseen,GSHP,4,persistence,unseen_test,conformal_upper_bound,0.1,3,360,0.0,0.0,0.0,0.0,0.0,177.15199999999996,20,80,1280,10800,0.0,0.26496513643952635,0.9
unseen,GSHP,4,persistence,unseen_test,conformal_upper_bound,0.15,1,360,0.0,0.0,0.0,0.0,0.0,135.73000000000002,20,80,1020,11060,3.552713678800501e-15,0.26496513643952635,0.9
unseen,GSHP,4,persistence,unseen_test,conformal_upper_bound,0.15,2,360,0.009888888888888935,0.0,0.002299741602067194,0.0,0.0009891436718416932,173.30899999999994,20,80,1140,10940,2.842170943040401e-14,0.26496513643952635,0.9
unseen,GSHP,4,persistence,unseen_test,conformal_upper_bound,0.15,3,360,0.0,0.0,0.0,0.0,0.0,188.83499999999978,20,80,1120,10960,0.0,0.26496513643952635,0.9
unseen,GSHP,4,persistence,unseen_test,conformal_upper_bound,0.2,1,360,0.0,0.0,0.0,0.0,0.0,142.62,20,80,1000,11080,3.552713678800501e-15,0.26496513643952635,0.9
unseen,GSHP,4,persistence,unseen_test,conformal_upper_bound,0.2,2,360,0.009888888888888935,0.0,0.002299741602067194,0.0,0.0009891436718416932,184.21199999999993,20,80,1080,11000,0.0,0.26496513643952635,0.9
unseen,GSHP,4,persistence,unseen_test,conformal_upper_bound,0.2,3,360,0.0,0.0,0.0,0.0,0.0,199.3360000000001,20,80,1000,11080,0.0,0.26496513643952635,0.9
unseen,GSHP,4,seasonal_daily,unseen_test,reference_no_forecast,0.0,0,360,0.0,0.0,0.0,0.0,0.0,0.0,180,0,0,0,0.0,0.26496513643952635,0.9
unseen,GSHP,4,seasonal_daily,unseen_test,median,0.05,1,360,0.0004083333333333192,0.0,0.000808732500559169,-0.14425000000000043,-0.00014262850635166698,425.04100000000034,0,60,3120,1820,2.842170943040401e-14,0.26496513643952635,0.9
unseen,GSHP,4,seasonal_daily,unseen_test,median,0.05,2,360,0.04760277777777774,0.0,0.011864567987813324,-0.14999999999999947,0.004131472302357035,568.3759999999996,0,60,3940,1000,2.842170943040401e-14,0.26496513643952635,0.9
unseen,GSHP,4,seasonal_daily,unseen_test,median,0.05,3,360,0.06236666666666673,0.0,0.015327007607702366,-0.12274999999999991,0.005547693363361993,629.4870000000004,0,60,4180,760,2.842170943040401e-14,0.26496513643952635,0.9
unseen,GSHP,4,seasonal_daily,unseen_test,median,0.1,1,360,-0.005127777777777793,0.0,0.00026806840539871866,-0.30650000000000066,-0.0007096222344816599,755.8420000000003,0,60,2940,2000,2.842170943040401e-14,0.26496513643952635,0.9
unseen,GSHP,4,seasonal_daily,unseen_test,median,0.1,2,360,0.08552777777777795,0.0,0.021733965008897037,-0.15000000000000036,0.007693976993612179,957.2000000000006,0,60,3440,1500,5.684341886080802e-14,0.26496513643952635,0.9
unseen,GSHP,4,seasonal_daily,unseen_test,median,0.1,3,360,0.04722777777777786,0.0,0.01188680745969008,-0.2635000000000005,0.003840288601604216,956.3419999999983,0,60,3400,1540,2.842170943040401e-14,0.26496513643952635,0.9
unseen,GSHP,4,seasonal_daily,unseen_test,median,0.15,1,360,-0.00792777777777778,0.0,0.00048041510467696316,-0.3590000000000009,-0.0010048784405432246,1005.61,0,60,2820,2120,2.842170943040401e-14,0.26496513643952635,0.9
unseen,GSHP,4,seasonal_daily,unseen_test,median,0.15,2,360,0.09090000000000004,0.0,0.024555656098678415,-0.1744999999999992,0.00864421486547767,1242.4119999999994,0,60,3140,1800,5.684341886080802e-14,0.26496513643952635,0.9
unseen,GSHP,4,seasonal_daily,unseen_test,median,0.15,3,360,0.003900000000000064,0.0,0.00353055167664161,-0.3590000000000009,0.000309921428770426,1176.4630000000004,0,60,2900,2040,5.684341886080802e-14,0.26496513643952635,0.9
unseen,GSHP,4,seasonal_daily,unseen_test,median,0.2,1,360,-0.00781111111111109,0.0,0.0014268837940550523,-0.3590000000000009,-0.0009833420413662235,1196.7800000000016,0,60,2700,2240,2.842170943040401e-14,0.26496513643952635,0.9
unseen,GSHP,4,seasonal_daily,unseen_test,median,0.2,2,360,0.0635555555555556,0.0,0.01728595740890589,-0.2919999999999989,0.007086542280214264,1443.0639999999999,0,60,2920,2020,5.684341886080802e-14,0.26496513643952635,0.9
unseen,GSHP,4,seasonal_daily,unseen_test,median,0.2,3,360,-0.03843333333333334,0.0,-0.008105823504888294,-0.3590000000000009,-0.003128500373100628,1322.536000000001,0,60,2740,2200,2.842170943040401e-14,0.26496513643952635,0.9
unseen,GSHP,4,seasonal_daily,unseen_test,conformal_upper_bound,0.05,1,360,0.0,0.0,0.0,0.0,0.0,621.7990000000013,0,180,4300,6660,2.842170943040401e-14,0.26496513643952635,0.9
unseen,GSHP,4,seasonal_daily,unseen_test,conformal_upper_bound,0.05,2,360,0.03127499999999995,0.0,0.005504809373182989,-0.08699999999999997,0.0019631859722325927,879.6740000000013,0,180,5860,5100,2.842170943040401e-14,0.26496513643952635,0.9
unseen,GSHP,4,seasonal_daily,unseen_test,conformal_upper_bound,0.05,3,360,0.042599999999999874,0.0,0.009341833807518423,-0.07900000000000018,0.0035728667091899998,908.1080000000009,0,180,6020,4940,5.684341886080802e-14,0.26496513643952635,0.9
unseen,GSHP,4,seasonal_daily,unseen_test,conformal_upper_bound,0.1,1,360,-0.006361111111111089,0.0,-0.001479328165374672,-0.1144999999999996,-0.0005941161082483227,1008.3580000000002,0,180,3960,7000,2.842170943040401e-14,0.26496513643952635,0.9
unseen,GSHP,4,seasonal_daily,unseen_test,conformal_upper_bound,0.1,2,360,0.0033666666666666905,0.0,-0.0006177533120465477,-0.1144999999999996,-0.00031949903441142645,1244.1479999999983,0,180,4720,6240,2.842170943040401e-14,0.26496513643952635,0.9
unseen,GSHP,4,seasonal_daily,unseen_test,conformal_upper_bound,0.1,3,360,0.01220555555555558,0.0,0.0013402392046072415,-0.1144999999999996,0.0009411030345597895,1205.1099999999994,0,180,4480,6480,2.842170943040401e-14,0.26496513643952635,0.9
unseen,GSHP,4,seasonal_daily,unseen_test,conformal_upper_bound,0.15,1,360,-0.027219444444444393,0.0,-0.010274141429428209,-0.2607499999999989,-0.0021907102000368814,1253.9630000000004,0,180,3760,7200,2.842170943040401e-14,0.26496513643952635,0.9
unseen,GSHP,4,seasonal_daily,unseen_test,conformal_upper_bound,0.15,2,360,-0.03377500000000004,0.0,-0.015452378643360215,-0.2607499999999989,-0.002941485278900539,1441.2030000000009,0,180,4040,6920,2.842170943040401e-14,0.26496513643952635,0.9
unseen,GSHP,4,seasonal_daily,unseen_test,conformal_upper_bound,0.15,3,360,-0.03971944444444448,0.0,-0.015698172737216454,-0.2607499999999989,-0.0029004606294664526,1372.8559999999989,0,180,3760,7200,2.842170943040401e-14,0.26496513643952635,0.9
unseen,GSHP,4,seasonal_daily,unseen_test,conformal_upper_bound,0.2,1,360,-0.047777777777777745,0.0,-0.020695880767010254,-0.30299999999999905,-0.0034945088384984915,1384.8319999999992,0,180,3380,7580,2.842170943040401e-14,0.26496513643952635,0.9
unseen,GSHP,4,seasonal_daily,unseen_test,conformal_upper_bound,0.2,2,360,-0.05708888888888884,0.0,-0.026896208320540016,-0.30299999999999905,-0.004398241294812758,1568.0680000000004,0,180,3520,7440,2.842170943040401e-14,0.26496513643952635,0.9
unseen,GSHP,4,seasonal_daily,unseen_test,conformal_upper_bound,0.2,3,360,-0.060277777777777805,0.0,-0.026119912074798506,-0.30299999999999905,-0.004204259267928063,1459.9239999999995,0,180,3200,7760,2.842170943040401e-14,0.26496513643952635,0.9
unseen,GSHP,4,seasonal_weekly,unseen_test,reference_no_forecast,0.0,0,360,0.0,0.0,0.0,0.0,0.0,0.0,180,0,0,0,0.0,0.26496513643952635,0.9
unseen,GSHP,4,seasonal_weekly,unseen_test,median,0.05,1,360,-6.666666666663466e-05,0.0,0.0007001501455233193,-0.14109999999999978,0.0003337874399596627,359.5240000000001,20,40,2460,1080,2.842170943040401e-14,0.26496513643952635,0.9
unseen,GSHP,4,seasonal_weekly,unseen_test,median,0.05,2,360,-0.05450555555555549,0.0,-0.011960056572822906,-0.4469499999999993,-0.004368587752310147,467.1969999999995,20,40,3080,460,0.0,0.26496513643952635,0.9
unseen,GSHP,4,seasonal_weekly,unseen_test,median,0.05,3,360,-0.09587777777777759,0.0,-0.021581503601246662,-0.8192999999999993,-0.007340321821424488,516.2919999999998,20,40,3320,220,0.0,0.26496513643952635,0.9
unseen,GSHP,4,seasonal_weekly,unseen_test,median,0.1,1,360,-0.015744444444444505,0.0,-0.002485742514053566,-0.28220000000000045,-0.0007619495821625971,639.406,20,40,2400,1140,2.842170943040401e-14,0.26496513643952635,0.9
unseen,GSHP,4,seasonal_weekly,unseen_test,median,0.1,2,360,-0.1756944444444447,0.0,-0.040169751759192816,-1.2110000000000003,-0.013072626570400953,847.1800000000001,20,40,2960,580,2.842170943040401e-14,0.26496513643952635,0.9
unseen,GSHP,4,seasonal_weekly,unseen_test,median,0.1,3,360,-0.1756944444444447,0.0,-0.040169751759192816,-1.2110000000000003,-0.013072626570400953,861.1600000000001,20,40,2980,560,2.842170943040401e-14,0.26496513643952635,0.9
unseen,GSHP,4,seasonal_weekly,unseen_test,median,0.15,1,360,-0.034155555555555606,0.0,-0.006307294088359122,-0.42330000000000023,-0.0020615909519568574,853.9640000000006,20,40,2280,1260,2.842170943040401e-14,0.26496513643952635,0.9
unseen,GSHP,4,seasonal_weekly,unseen_test,median,0.15,2,360,-0.29659722222222185,0.0,-0.07030876941876965,-1.2110000000000003,-0.022400950629784963,1140.1699999999996,20,40,2740,800,0.0,0.26496513643952635,0.9
unseen,GSHP,4,seasonal_weekly,unseen_test,median,0.15,3,360,-0.29659722222222185,0.0,-0.07030876941876965,-1.2110000000000003,-0.022400950629784925,1031.4810000000004,20,40,2540,1000,2.842170943040401e-14,0.26496513643952635,0.9
unseen,GSHP,4,seasonal_weekly,unseen_test,median,0.2,1,360,-0.08227777777777769,0.0,-0.017444144091096913,-0.5644,-0.006082647280902739,985.9160000000002,20,40,2200,1340,2.842170943040401e-14,0.26496513643952635,0.9
unseen,GSHP,4,seasonal_weekly,unseen_test,median,0.2,2,360,-0.34116666666666634,0.0,-0.08116882850673639,-1.1066000000000003,-0.025319474906640712,1328.623999999998,20,40,2620,920,2.842170943040401e-14,0.26496513643952635,0.9
unseen,GSHP,4,seasonal_weekly,unseen_test,median,0.2,3,360,-0.34116666666666634,0.0,-0.08116882850673639,-1.1066000000000003,-0.025319474906640712,1094.5359999999991,20,40,2140,1400,2.842170943040401e-14,0.26496513643952635,0.9
unseen,GSHP,4,seasonal_weekly,unseen_test,conformal_upper_bound,0.05,1,360,-0.016963888888888876,0.0,-0.003473738426308804,-0.14775000000000027,-0.0012714956668978298,697.429999999999,0,180,4820,3480,2.842170943040401e-14,0.26496513643952635,0.9
unseen,GSHP,4,seasonal_weekly,unseen_test,conformal_upper_bound,0.05,2,360,-0.11430833333333339,0.0,-0.04427482044934184,-0.5148000000000001,-0.008230368261054168,925.3799999999994,0,180,6100,2200,2.842170943040401e-14,0.26496513643952635,0.9
unseen,GSHP,4,seasonal_weekly,unseen_test,conformal_upper_bound,0.05,3,360,-0.12450555555555542,0.0,-0.043071456402998504,-0.4709999999999992,-0.009695946575284884,878.977,0,180,5800,2500,2.842170943040401e-14,0.26496513643952635,0.9
unseen,GSHP,4,seasonal_weekly,unseen_test,conformal_upper_bound,0.1,1,360,-0.08170555555555556,0.0,-0.01805858796372872,-0.45589999999999886,-0.006547480246132764,1011.4079999999988,0,180,4380,3920,2.842170943040401e-14,0.26496513643952635,0.9
unseen,GSHP,4,seasonal_weekly,unseen_test,conformal_upper_bound,0.1,2,360,-0.16398333333333348,0.0,-0.06173714657276096,-0.6865000000000006,-0.01184166989230005,1200.1519999999987,0,180,4960,3340,2.842170943040401e-14,0.26496513643952635,0.9
unseen,GSHP,4,seasonal_weekly,unseen_test,conformal_upper_bound,0.1,3,360,-0.1644611111111113,0.0,-0.06199624515073159,-0.6726000000000005,-0.011862199387694419,1046.3560000000011,0,180,4360,3940,2.842170943040401e-14,0.26496513643952635,0.9
unseen,GSHP,4,seasonal_weekly,unseen_test,conformal_upper_bound,0.15,1,360,-0.12521666666666673,0.0,-0.028292688782548234,-0.4709999999999992,-0.01005954397771818,1200.2940000000008,0,180,3940,4360,2.842170943040401e-14,0.26496513643952635,0.9
unseen,GSHP,4,seasonal_weekly,unseen_test,conformal_upper_bound,0.15,2,360,-0.15062222222222238,0.0,-0.0555755189460422,-0.5734500000000002,-0.0111627809092834,1293.0239999999994,0,180,4140,4160,2.842170943040401e-14,0.26496513643952635,0.9
unseen,GSHP,4,seasonal_weekly,unseen_test,conformal_upper_bound,0.15,3,360,-0.15165277777777808,0.0,-0.05613438855317647,-0.5920000000000005,-0.01120662920299426,1073.8860000000009,0,180,3500,4800,2.842170943040401e-14,0.26496513643952635,0.9
unseen,GSHP,4,seasonal_weekly,unseen_test,conformal_upper_bound,0.2,1,360,-0.15496666666666678,0.0,-0.03506285411613031,-0.5910000000000002,-0.012224036307715933,1337.956,0,180,3740,4560,2.842170943040401e-14,0.26496513643952635,0.9
unseen,GSHP,4,seasonal_weekly,unseen_test,conformal_upper_bound,0.2,2,360,-0.1606444444444444,0.0,-0.0610105635350998,-0.6870000000000003,-0.011577684649067364,1364.5880000000006,0,180,3540,4760,2.842170943040401e-14,0.26496513643952635,0.9
unseen,GSHP,4,seasonal_weekly,unseen_test,conformal_upper_bound,0.2,3,360,-0.1647222222222223,0.0,-0.0632219397703372,-0.7256,-0.01173851144847728,1103.7399999999989,0,180,2980,5320,2.842170943040401e-14,0.26496513643952635,0.9
unseen,GSHP,4,elastic_net,unseen_test,reference_no_forecast,0.0,0,360,0.0,0.0,0.0,0.0,0.0,0.0,180,0,0,0,0.0,0.26496513643952635,0.9
unseen,GSHP,4,elastic_net,unseen_test,median,0.05,1,360,0.0,0.0,0.0,0.0,0.0,0.0,180,0,0,0,0.0,0.26496513643952635,0.9
unseen,GSHP,4,elastic_net,unseen_test,median,0.05,2,360,0.0,0.0,0.0,0.0,0.0,0.0,180,0,0,0,0.0,0.26496513643952635,0.9
unseen,GSHP,4,elastic_net,unseen_test,median,0.05,3,360,0.0,0.0,0.0,0.0,0.0,0.0,180,0,0,0,0.0,0.26496513643952635,0.9
unseen,GSHP,4,elastic_net,unseen_test,median,0.1,1,360,0.0,0.0,0.0,0.0,0.0,0.0,180,0,0,0,0.0,0.26496513643952635,0.9
unseen,GSHP,4,elastic_net,unseen_test,median,0.1,2,360,0.0,0.0,0.0,0.0,0.0,0.0,180,0,0,0,0.0,0.26496513643952635,0.9
unseen,GSHP,4,elastic_net,unseen_test,median,0.1,3,360,0.0,0.0,0.0,0.0,0.0,0.0,180,0,0,0,0.0,0.26496513643952635,0.9
unseen,GSHP,4,elastic_net,unseen_test,median,0.15,1,360,0.0,0.0,0.0,0.0,0.0,0.0,180,0,0,0,0.0,0.26496513643952635,0.9
unseen,GSHP,4,elastic_net,unseen_test,median,0.15,2,360,0.0,0.0,0.0,0.0,0.0,0.0,180,0,0,0,0.0,0.26496513643952635,0.9
unseen,GSHP,4,elastic_net,unseen_test,median,0.15,3,360,0.0,0.0,0.0,0.0,0.0,0.0,180,0,0,0,0.0,0.26496513643952635,0.9
unseen,GSHP,4,elastic_net,unseen_test,median,0.2,1,360,0.0,0.0,0.0,0.0,0.0,0.0,180,0,0,0,0.0,0.26496513643952635,0.9
unseen,GSHP,4,elastic_net,unseen_test,median,0.2,2,360,0.0,0.0,0.0,0.0,0.0,0.0,180,0,0,0,0.0,0.26496513643952635,0.9
unseen,GSHP,4,elastic_net,unseen_test,median,0.2,3,360,0.0,0.0,0.0,0.0,0.0,0.0,180,0,0,0,0.0,0.26496513643952635,0.9
unseen,GSHP,4,elastic_net,unseen_test,conformal_upper_bound,0.05,1,360,-0.002329631078821349,0.0,-0.0005967292722390751,-0.04193335941878429,-0.00021218638329302387,115.39550775214713,20,0,1280,11220,2.842170943040401e-14,0.26496513643952635,0.9
unseen,GSHP,4,elastic_net,unseen_test,conformal_upper_bound,0.05,2,360,-0.002329631078821349,0.0,-0.0005967292722390751,-0.04193335941878429,-0.0002121863832931423,138.71535058562108,20,0,1440,11060,0.0,0.26496513643952635,0.9
unseen,GSHP,4,elastic_net,unseen_test,conformal_upper_bound,0.05,3,360,-0.015928869781569467,0.0,-0.004080140825197098,-0.24478629664946627,-0.0014306788216179218,144.7488412665058,20,0,1460,11040,0.0,0.26496513643952635,0.9
unseen,GSHP,4,elastic_net,unseen_test,conformal_upper_bound,0.1,1,360,-0.002329631078821349,0.0,-0.0005967292722390751,-0.04193335941878429,-0.00021218638329302387,129.22592511096283,20,0,1020,11480,2.842170943040401e-14,0.26496513643952635,0.9
unseen,GSHP,4,elastic_net,unseen_test,conformal_upper_bound,0.1,2,360,-0.002329631078821349,0.0,-0.0005967292722390751,-0.04193335941878429,-0.00021218638329318178,151.90154305415376,20,0,1080,11420,2.842170943040401e-14,0.26496513643952635,0.9
unseen,GSHP,4,elastic_net,unseen_test,conformal_upper_bound,0.1,3,360,-0.01592886978156953,0.0,-0.00408014082519711,-0.24478629664946716,-0.0014306788216179218,166.21770961372587,20,0,1100,11400,0.0,0.26496513643952635,0.9
unseen,GSHP,4,elastic_net,unseen_test,conformal_upper_bound,0.15,1,360,-0.002329631078821349,0.0,-0.0005967292722390751,-0.04193335941878429,-0.0002121863832931423,130.90544169216074,20,0,940,11560,0.0,0.26496513643952635,0.9
unseen,GSHP,4,elastic_net,unseen_test,conformal_upper_bound,0.15,2,360,-0.002329631078821349,0.0,-0.0005967292722390751,-0.04193335941878429,-0.00021218638329318178,152.1895124398773,20,0,900,11600,2.842170943040401e-14,0.26496513643952635,0.9
unseen,GSHP,4,elastic_net,unseen_test,conformal_upper_bound,0.15,3,360,-0.01592886978156953,0.0,-0.00408014082519711,-0.24478629664946716,-0.0014306788216179218,168.80520127145724,20,0,920,11580,0.0,0.26496513643952635,0.9
unseen,GSHP,4,elastic_net,unseen_test,conformal_upper_bound,0.2,1,360,-0.002329631078821349,0.0,-0.0005967292722390751,-0.04193335941878429,-0.0002121863832931423,132.92640304852483,20,0,940,11560,0.0,0.26496513643952635,0.9
unseen,GSHP,4,elastic_net,unseen_test,conformal_upper_bound,0.2,2,360,-0.002329631078821349,0.0,-0.0005967292722390751,-0.04193335941878429,-0.00021218638329318178,154.13236344318858,20,0,900,11600,2.842170943040401e-14,0.26496513643952635,0.9
unseen,GSHP,4,elastic_net,unseen_test,conformal_upper_bound,0.2,3,360,-0.01592886978156953,0.0,-0.00408014082519711,-0.24478629664946716,-0.0014306788216179218,166.2474052753717,20,0,880,11620,0.0,0.26496513643952635,0.9
unseen,GSHP,4,lightgbm,unseen_test,reference_no_forecast,0.0,0,360,0.0,0.0,0.0,0.0,0.0,0.0,180,0,0,0,0.0,0.26496513643952635,0.9
unseen,GSHP,4,lightgbm,unseen_test,median,0.05,1,360,0.0,0.0,0.0,0.0,0.0,0.0,180,0,0,0,0.0,0.26496513643952635,0.9
unseen,GSHP,4,lightgbm,unseen_test,median,0.05,2,360,0.0,0.0,0.0,0.0,0.0,0.0,180,0,0,0,0.0,0.26496513643952635,0.9
unseen,GSHP,4,lightgbm,unseen_test,median,0.05,3,360,0.0,0.0,0.0,0.0,0.0,0.0,180,0,0,0,0.0,0.26496513643952635,0.9
unseen,GSHP,4,lightgbm,unseen_test,median,0.1,1,360,0.0,0.0,0.0,0.0,0.0,0.0,180,0,0,0,0.0,0.26496513643952635,0.9
unseen,GSHP,4,lightgbm,unseen_test,median,0.1,2,360,0.0,0.0,0.0,0.0,0.0,0.0,180,0,0,0,0.0,0.26496513643952635,0.9
unseen,GSHP,4,lightgbm,unseen_test,median,0.1,3,360,0.0,0.0,0.0,0.0,0.0,0.0,180,0,0,0,0.0,0.26496513643952635,0.9
unseen,GSHP,4,lightgbm,unseen_test,median,0.15,1,360,0.0,0.0,0.0,0.0,0.0,0.0,180,0,0,0,0.0,0.26496513643952635,0.9
unseen,GSHP,4,lightgbm,unseen_test,median,0.15,2,360,0.0,0.0,0.0,0.0,0.0,0.0,180,0,0,0,0.0,0.26496513643952635,0.9
unseen,GSHP,4,lightgbm,unseen_test,median,0.15,3,360,0.0,0.0,0.0,0.0,0.0,0.0,180,0,0,0,0.0,0.26496513643952635,0.9
unseen,GSHP,4,lightgbm,unseen_test,median,0.2,1,360,0.0,0.0,0.0,0.0,0.0,0.0,180,0,0,0,0.0,0.26496513643952635,0.9
unseen,GSHP,4,lightgbm,unseen_test,median,0.2,2,360,0.0,0.0,0.0,0.0,0.0,0.0,180,0,0,0,0.0,0.26496513643952635,0.9
unseen,GSHP,4,lightgbm,unseen_test,median,0.2,3,360,0.0,0.0,0.0,0.0,0.0,0.0,180,0,0,0,0.0,0.26496513643952635,0.9
unseen,GSHP,4,lightgbm,unseen_test,conformal_upper_bound,0.05,1,360,-0.005997051996549787,0.0,-0.0015361301220670565,-0.10794693593789617,-0.0005372330714317049,106.30424916048621,20,0,1240,9360,2.842170943040401e-14,0.26496513643952635,0.9
unseen,GSHP,4,lightgbm,unseen_test,conformal_upper_bound,0.05,2,360,-0.005997051996549787,0.0,-0.0015361301220670565,-0.10794693593789617,-0.0005372330714317049,158.68164475638855,20,0,1580,9020,2.842170943040401e-14,0.26496513643952635,0.9
unseen,GSHP,4,lightgbm,unseen_test,conformal_upper_bound,0.05,3,360,-0.019050346502624778,0.0,-0.004879699411532987,-0.23495930110934982,-0.0017095857691716374,190.35776974255722,20,0,1780,8820,2.842170943040401e-14,0.26496513643952635,0.9
unseen,GSHP,4,lightgbm,unseen_test,conformal_upper_bound,0.1,1,360,-0.005997051996549787,0.0,-0.0015361301220670565,-0.10794693593789617,-0.0005372330714317049,132.3277207904961,20,0,1060,9540,2.842170943040401e-14,0.26496513643952635,0.9
unseen,GSHP,4,lightgbm,unseen_test,conformal_upper_bound,0.1,2,360,-0.005997051996549787,0.0,-0.0015361301220670565,-0.10794693593789617,-0.0005372330714316654,189.73336411301867,20,0,1340,9260,0.0,0.26496513643952635,0.9
unseen,GSHP,4,lightgbm,unseen_test,conformal_upper_bound,0.1,3,360,-0.032103641008699765,0.0,-0.008223268700998917,-0.46991860221869963,-0.0027559849704860066,221.3731787972185,20,0,1380,9220,2.842170943040401e-14,0.26496513643952635,0.9
unseen,GSHP,4,lightgbm,unseen_test,conformal_upper_bound,0.15,1,360,-0.005997051996549787,0.0,-0.0015361301220670565,-0.10794693593789617,-0.0005372330714317049,141.5469150058968,20,0,1000,9600,2.842170943040401e-14,0.26496513643952635,0.9
unseen,GSHP,4,lightgbm,unseen_test,conformal_upper_bound,0.15,2,360,-0.005997051996549787,0.0,-0.0015361301220670565,-0.10794693593789617,-0.0005372330714317049,197.90389336093736,20,0,1160,9440,2.842170943040401e-14,0.26496513643952635,0.9
unseen,GSHP,4,lightgbm,unseen_test,conformal_upper_bound,0.15,3,360,-0.033881210002177774,0.0,-0.008678588627607014,-0.5019148441013037,-0.002889847425618086,233.10051862893036,20,0,1160,9440,2.842170943040401e-14,0.26496513643952635,0.9
unseen,GSHP,4,lightgbm,unseen_test,conformal_upper_bound,0.2,1,360,-0.005997051996549787,0.0,-0.0015361301220670565,-0.10794693593789617,-0.0005372330714316654,146.2898096986961,20,0,980,9620,0.0,0.26496513643952635,0.9
unseen,GSHP,4,lightgbm,unseen_test,conformal_upper_bound,0.2,2,360,-0.005997051996549787,0.0,-0.0015361301220670565,-0.10794693593789617,-0.0005372330714316654,204.9069668012349,20,0,1100,9500,0.0,0.26496513643952635,0.9
unseen,GSHP,4,lightgbm,unseen_test,conformal_upper_bound,0.2,3,360,-0.033881210002177774,0.0,-0.008678588627607014,-0.5019148441013037,-0.002889847425618086,237.85402199171077,20,0,1060,9540,2.842170943040401e-14,0.26496513643952635,0.9
unseen,mixed,4,persistence,unseen_test,reference_no_forecast,0.0,0,1290,0.0,0.0,0.0,0.0,0.0,0.0,775,0,0,0,0.0,0.279813349536171,0.9
unseen,mixed,4,persistence,unseen_test,median,0.05,1,1290,0.0,0.0,0.0,0.0,0.0,0.0,645,1,0,12445,0.0,0.279813349536171,0.9
unseen,mixed,4,persistence,unseen_test,median,0.05,2,1290,0.0,0.0,0.0,0.0,0.0,0.0,645,1,0,12445,0.0,0.279813349536171,0.9
unseen,mixed,4,persistence,unseen_test,median,0.05,3,1290,0.0,0.0,0.0,0.0,0.0,0.0,645,1,0,12445,0.0,0.279813349536171,0.9
unseen,mixed,4,persistence,unseen_test,median,0.1,1,1290,0.0,0.0,0.0,0.0,0.0,0.0,645,1,0,12445,0.0,0.279813349536171,0.9
unseen,mixed,4,persistence,unseen_test,median,0.1,2,1290,0.0,0.0,0.0,0.0,0.0,0.0,645,1,0,12445,0.0,0.279813349536171,0.9
unseen,mixed,4,persistence,unseen_test,median,0.1,3,1290,0.0,0.0,0.0,0.0,0.0,0.0,645,1,0,12445,0.0,0.279813349536171,0.9
unseen,mixed,4,persistence,unseen_test,median,0.15,1,1290,0.0,0.0,0.0,0.0,0.0,0.0,645,1,0,12445,0.0,0.279813349536171,0.9
unseen,mixed,4,persistence,unseen_test,median,0.15,2,1290,0.0,0.0,0.0,0.0,0.0,0.0,645,1,0,12445,0.0,0.279813349536171,0.9
unseen,mixed,4,persistence,unseen_test,median,0.15,3,1290,0.0,0.0,0.0,0.0,0.0,0.0,645,1,0,12445,0.0,0.279813349536171,0.9
unseen,mixed,4,persistence,unseen_test,median,0.2,1,1290,0.0,0.0,0.0,0.0,0.0,0.0,645,1,0,12445,0.0,0.279813349536171,0.9
unseen,mixed,4,persistence,unseen_test,median,0.2,2,1290,0.0,0.0,0.0,0.0,0.0,0.0,645,1,0,12445,0.0,0.279813349536171,0.9
unseen,mixed,4,persistence,unseen_test,median,0.2,3,1290,0.0,0.0,0.0,0.0,0.0,0.0,645,1,0,12445,0.0,0.279813349536171,0.9
unseen,mixed,4,persistence,unseen_test,conformal_upper_bound,0.05,1,1290,-0.0012615116279069756,0.0,-0.0004560360734292363,-0.24460000000000015,-0.0001638274500896665,280.3835,230,73,3064,37169,5.684341886080802e-14,0.279813349536171,0.9
unseen,mixed,4,persistence,unseen_test,conformal_upper_bound,0.05,2,1290,-0.0003430620155038758,0.0,-0.0001116099287619084,-0.3711000000000002,-4.960725570109114e-05,319.1079500000003,230,73,3297,36936,5.684341886080802e-14,0.279813349536171,0.9
unseen,mixed,4,persistence,unseen_test,conformal_upper_bound,0.05,3,1290,0.0007041860465116285,0.0,0.00018586303460654818,-0.24834999999999985,6.194726900392113e-05,387.7123499999999,230,73,3769,36464,5.684341886080802e-14,0.279813349536171,0.9
unseen,mixed,4,persistence,unseen_test,conformal_upper_bound,0.1,1,1290,-0.0024305426356589148,0.0,-0.0008131837923481198,-0.3430000000000004,-0.0003039900798324747,362.7398000000001,230,73,2705,37528,5.684341886080802e-14,0.279813349536171,0.9
unseen,mixed,4,persistence,unseen_test,conformal_upper_bound,0.1,2,1290,-0.0018718604651162818,0.0,-0.0006071725511558823,-0.3879999999999999,-0.0002328121814700314,402.3158999999998,230,73,2762,37471,5.684341886080802e-14,0.279813349536171,0.9
unseen,mixed,4,persistence,unseen_test,conformal_upper_bound,0.1,3,1290,-0.0006697674418604692,0.0,-0.0002862133424260644,-0.43400000000000016,-8.634133699847412e-05,530.7536,230,73,3223,37010,5.684341886080802e-14,0.279813349536171,0.9
unseen,mixed,4,persistence,unseen_test,conformal_upper_bound,0.15,1,1290,-0.003711860465116279,0.0,-0.0011919073409696662,-0.3669000000000002,-0.00044201164667337844,402.4559500000003,230,73,2581,37652,5.684341886080802e-14,0.279813349536171,0.9
unseen,mixed,4,persistence,unseen_test,conformal_upper_bound,0.15,2,1290,-0.003152984496124035,0.0,-0.0009998646417001798,-0.3879999999999999,-0.00038829801885829814,432.89425,230,73,2515,37718,5.684341886080802e-14,0.279813349536171,0.9
unseen,mixed,4,persistence,unseen_test,conformal_upper_bound,0.15,3,1290,-0.001840426356589149,0.0,-0.0007115516039941961,-0.43400000000000016,-0.00023644935409493855,611.4657499999997,230,73,3007,37226,5.684341886080802e-14,0.279813349536171,0.9
unseen,mixed,4,persistence,unseen_test,conformal_upper_bound,0.2,1,1290,-0.004271472868217055,0.0,-0.001358034836133451,-0.47520000000000007,-0.0005012018406090675,413.84200000000027,230,73,2564,37669,5.684341886080802e-14,0.279813349536171,0.9
unseen,mixed,4,persistence,unseen_test,conformal_upper_bound,0.2,2,1290,-0.004551782945736437,0.0,-0.001466584377112834,-0.4833999999999996,-0.00055327666336198,450.02799999999985,230,73,2380,37853,5.684341886080802e-14,0.279813349536171,0.9
unseen,mixed,4,persistence,unseen_test,conformal_upper_bound,0.2,3,1290,-0.0029776744186046527,0.0,-0.0010992899800688935,-0.4979999999999998,-0.0003820934406835371,650.0363999999998,230,73,2915,37318,5.684341886080802e-14,0.279813349536171,0.9
unseen,mixed,4,seasonal_daily,unseen_test,reference_no_forecast,0.0,0,1290,0.0,0.0,0.0,0.0,0.0,0.0,775,0,0,0,0.0,0.279813349536171,0.9
unseen,mixed,4,seasonal_daily,unseen_test,median,0.05,1,1290,0.004860310077519382,0.0,0.0012257164190797524,-0.4944999999999995,0.00034858952577048667,1403.3360499999987,71,87,9869,4129,5.684341886080802e-14,0.279813349536171,0.9
unseen,mixed,4,seasonal_daily,unseen_test,median,0.05,2,1290,-0.006893798449612387,0.0,-0.0016381808740098648,-0.8925500000000013,-0.0008452020903996262,1719.34695,71,87,11655,2343,5.684341886080802e-14,0.279813349536171,0.9
unseen,mixed,4,seasonal_daily,unseen_test,median,0.05,3,1290,-0.005777325581395352,0.0,-0.001213178059866213,-0.9992000000000001,-0.0007305677106014733,1830.674050000001,71,87,12314,1684,5.684341886080802e-14,0.279813349536171,0.9
unseen,mixed,4,seasonal_daily,unseen_test,median,0.1,1,1290,-0.013102248062015508,0.0,-0.003772285641131494,-0.8046000000000002,-0.0017575893782066031,2499.264700000001,71,87,9333,4665,5.684341886080802e-14,0.279813349536171,0.9
unseen,mixed,4,seasonal_daily,unseen_test,median,0.1,2,1290,-0.05184976744186048,0.0,-0.013764491298256909,-1.7851000000000004,-0.005387844132557543,3015.943799999998,71,87,10717,3281,5.684341886080802e-14,0.279813349536171,0.9
unseen,mixed,4,seasonal_daily,unseen_test,median,0.1,3,1290,-0.05304697674418607,0.0,-0.01417759856722181,-1.7851000000000004,-0.005468668141819077,3149.353099999999,71,87,11020,2978,5.684341886080802e-14,0.279813349536171,0.9
unseen,mixed,4,seasonal_daily,unseen_test,median,0.15,1,1290,-0.035000232558139506,0.0,-0.010015152190360923,-1.2068999999999996,-0.004135840427680483,3378.213799999996,71,87,8931,5067,5.684341886080802e-14,0.279813349536171,0.9
unseen,mixed,4,seasonal_daily,unseen_test,median,0.15,2,1290,-0.08531189922480642,0.0,-0.023081310435373023,-2.113999999999999,-0.00836995632406821,3949.850799999997,71,87,9836,4162,5.684341886080802e-14,0.279813349536171,0.9
unseen,mixed,4,seasonal_daily,unseen_test,median,0.15,3,1290,-0.0870441085271319,0.0,-0.024306971397099687,-2.242000000000001,-0.008539636974684264,4047.787549999997,71,87,9914,4084,5.684341886080802e-14,0.279813349536171,0.9
unseen,mixed,4,seasonal_daily,unseen_test,median,0.2,1,1290,-0.05764356589147292,0.0,-0.016779250107107936,-1.4410000000000012,-0.006444557101799908,4075.441999999999,71,87,8538,5460,5.684341886080802e-14,0.279813349536171,0.9
unseen,mixed,4,seasonal_daily,unseen_test,median,0.2,2,1290,-0.10727767441860488,0.0,-0.029696462750508374,-2.1140000000000008,-0.0104124163301529,4630.522799999997,71,87,9006,4992,5.684341886080802e-14,0.279813349536171,0.9
unseen,mixed,4,seasonal_daily,unseen_test,median,0.2,3,1290,-0.10847534883720945,0.0,-0.030866881863985323,-2.242000000000001,-0.010460678250254296,4677.5644,71,87,8901,5097,5.684341886080802e-14,0.279813349536171,0.9
unseen,mixed,4,seasonal_daily,unseen_test,conformal_upper_bound,0.05,1,1290,-0.003207170542635663,0.0,-0.0006813481518979399,-0.6331499999999997,-0.0005431885851318518,2554.058850000002,3,466,17893,15737,5.684341886080802e-14,0.279813349536171,0.9
unseen,mixed,4,seasonal_daily,unseen_test,conformal_upper_bound,0.05,2,1290,-0.014761899224806203,0.0,-0.005056804797537904,-1.2807499999999994,-0.0019509061817091099,3354.1888999999987,3,466,22538,11092,5.684341886080802e-14,0.279813349536171,0.9
unseen,mixed,4,seasonal_daily,unseen_test,conformal_upper_bound,0.05,3,1290,-0.01882248062015504,0.0,-0.007378239898722772,-1.3629999999999995,-0.0022318033425834925,3551.483500000003,3,466,23485,10145,5.684341886080802e-14,0.279813349536171,0.9
unseen,mixed,4,seasonal_daily,unseen_test,conformal_upper_bound,0.1,1,1290,-0.032263488372093065,0.0,-0.010456369679586238,-1.1793999999999998,-0.0036394596989591825,4174.010799999998,3,466,16399,17231,5.684341886080802e-14,0.279813349536171,0.9
unseen,mixed,4,seasonal_daily,unseen_test,conformal_upper_bound,0.1,2,1290,-0.048043023255813964,0.0,-0.017962907938002117,-1.529,-0.005222015130948905,4951.156399999994,3,466,18547,15083,5.684341886080802e-14,0.279813349536171,0.9
unseen,mixed,4,seasonal_daily,unseen_test,conformal_upper_bound,0.1,3,1290,-0.04531589147286819,0.0,-0.01769759838555977,-1.3629999999999995,-0.004959638160525537,4980.588599999994,3,466,18265,15365,5.684341886080802e-14,0.279813349536171,0.9
unseen,mixed,4,seasonal_daily,unseen_test,conformal_upper_bound,0.15,1,1290,-0.06784011627906973,0.0,-0.02360277887600638,-1.3299000000000003,-0.006830725983801649,5189.918200000003,3,466,15185,18445,5.684341886080802e-14,0.279813349536171,0.9
unseen,mixed,4,seasonal_daily,unseen_test,conformal_upper_bound,0.15,2,1290,-0.0671069379844962,0.0,-0.02522779458704826,-1.529,-0.007019795851795549,5717.771999999993,3,466,15833,17797,5.684341886080802e-14,0.279813349536171,0.9
unseen,mixed,4,seasonal_daily,unseen_test,conformal_upper_bound,0.15,3,1290,-0.06252197674418608,0.0,-0.024063755828732547,-1.3630000000000004,-0.006714574994061974,5645.003249999995,3,466,15146,18484,5.684341886080802e-14,0.279813349536171,0.9
unseen,mixed,4,seasonal_daily,unseen_test,conformal_upper_bound,0.2,1,1290,-0.09101813953488375,0.0,-0.03301259350786974,-1.3630000000000004,-0.008820945484467126,5801.257799999998,3,466,14160,19470,5.684341886080802e-14,0.279813349536171,0.9
unseen,mixed,4,seasonal_daily,unseen_test,conformal_upper_bound,0.2,2,1290,-0.08021503875968997,0.0,-0.030286113036868484,-1.5290000000000004,-0.008173192513960394,6138.088000000001,3,466,13956,19674,5.684341886080802e-14,0.279813349536171,0.9
unseen,mixed,4,seasonal_daily,unseen_test,conformal_upper_bound,0.2,3,1290,-0.07399054263565887,0.0,-0.028169951839894854,-1.3629999999999995,-0.007674846682686723,5985.599599999991,3,466,13149,20481,5.684341886080802e-14,0.279813349536171,0.9
unseen,mixed,4,seasonal_weekly,unseen_test,reference_no_forecast,0.0,0,1290,0.0,0.0,0.0,0.0,0.0,0.0,775,0,0,0,0.0,0.279813349536171,0.9
unseen,mixed,4,seasonal_weekly,unseen_test,median,0.05,1,1290,-0.005346589147286831,0.0,-0.0013724402333785228,-0.5087999999999999,-0.0007130156792953151,1295.1332499999999,109,45,9123,4591,5.684341886080802e-14,0.279813349536171,0.9
unseen,mixed,4,seasonal_weekly,unseen_test,median,0.05,2,1290,-0.01324686046511627,0.0,-0.0032395665683665207,-1.3082000000000003,-0.0015620988104631953,1582.5983,109,45,10723,2991,5.684341886080802e-14,0.279813349536171,0.9
unseen,mixed,4,seasonal_weekly,unseen_test,median,0.05,3,1290,-0.02185209302325581,0.0,-0.005138200517658462,-1.6128,-0.002283714700780372,1685.2077500000003,109,45,11299,2415,5.684341886080802e-14,0.279813349536171,0.9
unseen,mixed,4,seasonal_weekly,unseen_test,median,0.1,1,1290,-0.035087286821705435,0.0,-0.00931177787280251,-1.0175999999999998,-0.0037554138629143944,2294.407599999999,109,45,8579,5135,5.684341886080802e-14,0.279813349536171,0.9
unseen,mixed,4,seasonal_weekly,unseen_test,median,0.1,2,1290,-0.056987596899224835,0.0,-0.015518071058578168,-1.8840000000000003,-0.005982960225753731,2763.8321,109,45,9825,3889,5.684341886080802e-14,0.279813349536171,0.9
unseen,mixed,4,seasonal_weekly,unseen_test,median,0.1,3,1290,-0.05917062015503875,0.0,-0.015826938652754897,-1.8840000000000003,-0.0061055827628576104,2855.0544999999993,109,45,9969,3745,1.1368683772161603e-13,0.279813349536171,0.9
unseen,mixed,4,seasonal_weekly,unseen_test,median,0.15,1,1290,-0.06984178294573642,0.0,-0.01882978856317864,-1.5263999999999998,-0.00711018164083743,3101.087049999995,109,45,8173,5541,5.684341886080802e-14,0.279813349536171,0.9
unseen,mixed,4,seasonal_weekly,unseen_test,median,0.15,2,1290,-0.09976833333333328,0.0,-0.027898266496073968,-1.8840000000000003,-0.010044607646524276,3625.1609499999995,109,45,9006,4708,5.684341886080802e-14,0.279813349536171,0.9
unseen,mixed,4,seasonal_weekly,unseen_test,median,0.15,3,1290,-0.09432007751937976,0.0,-0.026136351808740667,-2.077,-0.009509249240141893,3653.3589500000026,109,45,8895,4819,5.684341886080802e-14,0.279813349536171,0.9
unseen,mixed,4,seasonal_weekly,unseen_test,median,0.2,1,1290,-0.10080465116279078,0.0,-0.027549637936538012,-1.8840000000000003,-0.0102277999443077,3733.443800000004,109,45,7826,5888,5.684341886080802e-14,0.279813349536171,0.9
unseen,mixed,4,seasonal_weekly,unseen_test,median,0.2,2,1290,-0.12505565891472878,0.0,-0.03535024120277099,-2.0520000000000005,-0.012412014458135489,4228.423199999999,109,45,8291,5423,5.684341886080802e-14,0.279813349536171,0.9
unseen,mixed,4,seasonal_weekly,unseen_test,median,0.2,3,1290,-0.12071255813953487,0.0,-0.03386226716112271,-2.077,-0.012003227808823643,4192.3632000000025,109,45,8039,5675,1.1368683772161603e-13,0.279813349536171,0.9
unseen,mixed,4,seasonal_weekly,unseen_test,conformal_upper_bound,0.05,1,1290,-0.008250387596899222,0.0,-0.0020548414434331226,-0.7036499999999997,-0.0013314709865330646,2605.8730499999974,0,485,18264,16833,5.684341886080802e-14,0.279813349536171,0.9
unseen,mixed,4,seasonal_weekly,unseen_test,conformal_upper_bound,0.05,2,1290,-0.02947410852713178,0.0,-0.008564148036118546,-1.311,-0.0035866844676445543,3299.6143999999954,0,485,22358,12739,5.684341886080802e-14,0.279813349536171,0.9
unseen,mixed,4,seasonal_weekly,unseen_test,conformal_upper_bound,0.05,3,1290,-0.03450790697674422,0.0,-0.011239301333649062,-1.311,-0.003671299466175603,3456.219799999996,0,485,23030,12067,5.684341886080802e-14,0.279813349536171,0.9
unseen,mixed,4,seasonal_weekly,unseen_test,conformal_upper_bound,0.1,1,1290,-0.035409689922480635,0.0,-0.01126099521766354,-1.311,-0.004278016836927733,4180.921699999992,0,485,16690,18407,5.684341886080802e-14,0.279813349536171,0.9
unseen,mixed,4,seasonal_weekly,unseen_test,conformal_upper_bound,0.1,2,1290,-0.04999356589147288,0.0,-0.01489556048096443,-1.3579999999999988,-0.005627882513024598,4742.832499999999,0,485,18297,16800,5.684341886080802e-14,0.279813349536171,0.9
unseen,mixed,4,seasonal_weekly,unseen_test,conformal_upper_bound,0.1,3,1290,-0.060850310077519454,0.0,-0.020068844606890957,-1.3579999999999988,-0.006151990675962859,4727.748899999986,0,485,17854,17243,5.684341886080802e-14,0.279813349536171,0.9
unseen,mixed,4,seasonal_weekly,unseen_test,conformal_upper_bound,0.15,1,1290,-0.057588720930232595,0.0,-0.019464898389714023,-1.311,-0.006468658383225291,5084.628850000002,0,485,15369,19728,5.684341886080802e-14,0.279813349536171,0.9
unseen,mixed,4,seasonal_weekly,unseen_test,conformal_upper_bound,0.15,2,1290,-0.06215961240310085,0.0,-0.01945974521548499,-1.3579999999999997,-0.0066284758235068755,5440.343600000006,0,485,15781,19316,5.684341886080802e-14,0.279813349536171,0.9
unseen,mixed,4,seasonal_weekly,unseen_test,conformal_upper_bound,0.15,3,1290,-0.07501627906976745,0.0,-0.025355688646911945,-1.5370000000000004,-0.0072199552276504516,5261.8660999999975,0,485,14824,20273,5.684341886080802e-14,0.279813349536171,0.9
unseen,mixed,4,seasonal_weekly,unseen_test,conformal_upper_bound,0.2,1,1290,-0.07415891472868219,0.0,-0.02593283581400642,-1.311,-0.008091828024452722,5627.570799999995,0,485,14121,20976,5.684341886080802e-14,0.279813349536171,0.9
unseen,mixed,4,seasonal_weekly,unseen_test,conformal_upper_bound,0.2,2,1290,-0.07367705426356597,0.0,-0.024546553367314393,-1.3579999999999997,-0.007650595720998722,5826.583200000007,0,485,13969,21128,5.684341886080802e-14,0.279813349536171,0.9
unseen,mixed,4,seasonal_weekly,unseen_test,conformal_upper_bound,0.2,3,1290,-0.08231240310077523,0.0,-0.028020763110259198,-1.5370000000000004,-0.007881938891907688,5540.835800000004,0,485,12801,22296,5.684341886080802e-14,0.279813349536171,0.9
unseen,mixed,4,elastic_net,unseen_test,reference_no_forecast,0.0,0,1290,0.0,0.0,0.0,0.0,0.0,0.0,775,0,0,0,0.0,0.279813349536171,0.9
unseen,mixed,4,elastic_net,unseen_test,median,0.05,1,1290,-1.2945913452490687e-05,0.0,-3.052505683132679e-06,-0.009680313671421636,-1.4594760438895303e-06,4.866574725374827,721,0,188,2057,5.684341886080802e-14,0.279813349536171,0.9
unseen,mixed,4,elastic_net,unseen_test,median,0.05,2,1290,3.930726217698999e-05,0.0,8.559026324458574e-06,-0.0035110894714014407,3.7765162905399015e-06,18.452267158271972,721,0,357,1888,5.684341886080802e-14,0.279813349536171,0.9
unseen,mixed,4,elastic_net,unseen_test,median,0.05,3,1290,0.00010283392362039267,0.0,1.6116518159949612e-05,-0.12013463656697398,4.947414492135983e-06,36.82142264878904,721,0,503,1742,5.684341886080802e-14,0.279813349536171,0.9
unseen,mixed,4,elastic_net,unseen_test,median,0.1,1,1290,-1.2945913452490687e-05,0.0,-3.052505683132679e-06,-0.009680313671421636,-1.4594760438895303e-06,4.866574725374827,721,0,188,2057,5.684341886080802e-14,0.279813349536171,0.9
unseen,mixed,4,elastic_net,unseen_test,median,0.1,2,1290,3.930726217698999e-05,0.0,8.559026324458574e-06,-0.0035110894714014407,3.7765162905399015e-06,18.572976059282652,721,0,357,1888,5.684341886080802e-14,0.279813349536171,0.9
unseen,mixed,4,elastic_net,unseen_test,median,0.1,3,1290,8.759909526114467e-05,0.0,1.2097834868140586e-05,-0.13978756515040391,2.744298198875242e-06,40.444531936344376,721,0,503,1742,5.684341886080802e-14,0.279813349536171,0.9
unseen,mixed,4,elastic_net,unseen_test,median,0.15,1,1290,-1.2945913452490687e-05,0.0,-3.052505683132679e-06,-0.009680313671421636,-1.4594760438895303e-06,4.866574725374827,721,0,188,2057,5.684341886080802e-14,0.279813349536171,0.9
unseen,mixed,4,elastic_net,unseen_test,median,0.15,2,1290,3.930726217698999e-05,0.0,8.559026324458574e-06,-0.0035110894714014407,3.7765162905399015e-06,18.572976059282652,721,0,357,1888,5.684341886080802e-14,0.279813349536171,0.9
unseen,mixed,4,elastic_net,unseen_test,median,0.15,3,1290,8.759909526114467e-05,0.0,1.2097834868140586e-05,-0.13978756515040391,2.744298198875242e-06,40.444531936344376,721,0,503,1742,5.684341886080802e-14,0.279813349536171,0.9
unseen,mixed,4,elastic_net,unseen_test,median,0.2,1,1290,-1.2945913452490687e-05,0.0,-3.052505683132679e-06,-0.009680313671421636,-1.4594760438895303e-06,4.866574725374827,721,0,188,2057,5.684341886080802e-14,0.279813349536171,0.9
unseen,mixed,4,elastic_net,unseen_test,median,0.2,2,1290,3.930726217698999e-05,0.0,8.559026324458574e-06,-0.0035110894714014407,3.7765162905399015e-06,18.572976059282652,721,0,357,1888,5.684341886080802e-14,0.279813349536171,0.9
unseen,mixed,4,elastic_net,unseen_test,median,0.2,3,1290,8.759909526114467e-05,0.0,1.2097834868140586e-05,-0.13978756515040391,2.744298198875242e-06,40.444531936344376,721,0,503,1742,5.684341886080802e-14,0.279813349536171,0.9
unseen,mixed,4,elastic_net,unseen_test,conformal_upper_bound,0.05,1,1290,-0.001679534985669848,0.0,-0.00042851813959137656,-0.25170609775371844,-0.00017794099595067924,465.5736197170142,143,9,5211,27858,5.684341886080802e-14,0.279813349536171,0.9
unseen,mixed,4,elastic_net,unseen_test,conformal_upper_bound,0.05,2,1290,-0.001310472289493708,0.0,-0.0002944853157023278,-0.34602869131783276,-9.880720567958781e-05,609.6078124757852,143,9,6308,26761,5.684341886080802e-14,0.279813349536171,0.9
unseen,mixed,4,elastic_net,unseen_test,conformal_upper_bound,0.05,3,1290,0.0002544549301244043,0.0,0.00017975196459019097,-0.35462222117237907,0.00011236005468992354,775.3722312755614,143,9,7448,25621,5.684341886080802e-14,0.279813349536171,0.9
unseen,mixed,4,elastic_net,unseen_test,conformal_upper_bound,0.1,1,1290,-0.0026018578085887072,0.0,-0.0006957101420514236,-0.31809181851091495,-0.0002733991944460497,598.0253404614767,143,9,4627,28442,5.684341886080802e-14,0.279813349536171,0.9
unseen,mixed,4,elastic_net,unseen_test,conformal_upper_bound,0.1,2,1290,-0.0020720546492317433,0.0,-0.0004957905354887255,-0.34602869131783276,-0.00016389801362678088,771.9377136727234,143,9,5238,27831,5.684341886080802e-14,0.279813349536171,0.9
unseen,mixed,4,elastic_net,unseen_test,conformal_upper_bound,0.1,3,1290,-0.0010234383216726139,0.0,-0.0001781909712931472,-0.3546222211723782,-4.8313479730721215e-06,996.4772758917321,143,9,6023,27046,5.684341886080802e-14,0.279813349536171,0.9
unseen,mixed,4,elastic_net,unseen_test,conformal_upper_bound,0.15,1,1290,-0.0031394039879831504,0.0,-0.0008438452467066488,-0.3684413399214659,-0.0003185121008602327,646.4472070960138,143,9,4495,28574,5.684341886080802e-14,0.279813349536171,0.9
unseen,mixed,4,elastic_net,unseen_test,conformal_upper_bound,0.15,2,1290,-0.0027041621718768756,0.0,-0.0006642618560348378,-0.368781248325627,-0.00021660700998406474,837.9090960304615,143,9,4846,28223,5.684341886080802e-14,0.279813349536171,0.9
unseen,mixed,4,elastic_net,unseen_test,conformal_upper_bound,0.15,3,1290,-0.002138270527348646,0.0,-0.0004816354026746159,-0.3733348737563862,-0.00010782324706059971,1093.7003377764715,143,9,5438,27631,5.684341886080802e-14,0.279813349536171,0.9
unseen,mixed,4,elastic_net,unseen_test,conformal_upper_bound,0.2,1,1290,-0.0031473127130794763,0.0,-0.0008483116809918856,-0.41314498100346064,-0.00031891964660337016,658.4033674812141,143,9,4474,28595,5.684341886080802e-14,0.279813349536171,0.9
unseen,mixed,4,elastic_net,unseen_test,conformal_upper_bound,0.2,2,1290,-0.0028819111747329764,0.0,-0.0007188189769919937,-0.4587076971452939,-0.00024230536180734922,859.5711180956729,143,9,4732,28337,5.684341886080802e-14,0.279813349536171,0.9
unseen,mixed,4,elastic_net,unseen_test,conformal_upper_bound,0.2,3,1290,-0.002471593878612223,0.0,-0.0005777493858311559,-0.48015659502659425,-0.00014577311383467807,1140.1692587848745,143,9,5168,27901,5.684341886080802e-14,0.279813349536171,0.9
unseen,mixed,4,lightgbm,unseen_test,reference_no_forecast,0.0,0,1290,0.0,0.0,0.0,0.0,0.0,0.0,775,0,0,0,0.0,0.279813349536171,0.9
unseen,mixed,4,lightgbm,unseen_test,median,0.05,1,1290,0.0,0.0,0.0,0.0,0.0,1.0613241085562108,768,0,19,164,2.842170943040401e-14,0.279813349536171,0.9
unseen,mixed,4,lightgbm,unseen_test,median,0.05,2,1290,0.0,0.0,0.0,0.0,0.0,3.515575943304816,768,0,43,140,5.684341886080802e-14,0.279813349536171,0.9
unseen,mixed,4,lightgbm,unseen_test,median,0.05,3,1290,0.0,0.0,0.0,0.0,0.0,6.39779021348421,768,0,66,117,5.684341886080802e-14,0.279813349536171,0.9
unseen,mixed,4,lightgbm,unseen_test,median,0.1,1,1290,0.0,0.0,0.0,0.0,0.0,1.3237876288556985,768,0,19,164,2.842170943040401e-14,0.279813349536171,0.9
unseen,mixed,4,lightgbm,unseen_test,median,0.1,2,1290,0.0,0.0,0.0,0.0,0.0,5.055028381414818,768,0,41,142,5.684341886080802e-14,0.279813349536171,0.9
unseen,mixed,4,lightgbm,unseen_test,median,0.1,3,1290,0.0,0.0,0.0,0.0,0.0,9.921280290095561,768,0,62,121,5.684341886080802e-14,0.279813349536171,0.9
unseen,mixed,4,lightgbm,unseen_test,median,0.15,1,1290,0.0,0.0,0.0,0.0,0.0,1.4464607717763565,768,0,19,164,2.842170943040401e-14,0.279813349536171,0.9
unseen,mixed,4,lightgbm,unseen_test,median,0.15,2,1290,0.0,0.0,0.0,0.0,0.0,5.968477215001556,768,0,41,142,5.684341886080802e-14,0.279813349536171,0.9
unseen,mixed,4,lightgbm,unseen_test,median,0.15,3,1290,0.0,0.0,0.0,0.0,0.0,12.083057282273092,768,0,59,124,5.684341886080802e-14,0.279813349536171,0.9
unseen,mixed,4,lightgbm,unseen_test,median,0.2,1,1290,0.0,0.0,0.0,0.0,0.0,1.4995658833773826,768,0,19,164,2.842170943040401e-14,0.279813349536171,0.9
unseen,mixed,4,lightgbm,unseen_test,median,0.2,2,1290,0.0,0.0,0.0,0.0,0.0,6.212232955692222,768,0,40,143,5.684341886080802e-14,0.279813349536171,0.9
unseen,mixed,4,lightgbm,unseen_test,median,0.2,3,1290,0.0,0.0,0.0,0.0,0.0,13.201573383199893,768,0,58,125,5.684341886080802e-14,0.279813349536171,0.9
unseen,mixed,4,lightgbm,unseen_test,conformal_upper_bound,0.05,1,1290,-0.002927254729098397,0.0,-0.0008092041525893385,-0.2539408459362047,-0.00029879154178056244,485.5298763897819,154,10,5107,27053,5.684341886080802e-14,0.279813349536171,0.9
unseen,mixed,4,lightgbm,unseen_test,conformal_upper_bound,0.05,2,1290,-0.0024723264302620967,0.0,-0.0007546218185288235,-0.3444286113340578,-0.00024371128604621146,679.2819236409388,154,10,6497,25663,5.684341886080802e-14,0.279813349536171,0.9
unseen,mixed,4,lightgbm,unseen_test,conformal_upper_bound,0.05,3,1290,0.0009489456561451859,0.0,0.0002550864162163416,-0.2816480212532948,0.00014551516563468894,833.4172665228177,154,10,7458,24702,5.684341886080802e-14,0.279813349536171,0.9
unseen,mixed,4,lightgbm,unseen_test,conformal_upper_bound,0.1,1,1290,-0.004523627412548336,0.0,-0.0012761520613996425,-0.32537516961432456,-0.00047044491442389775,647.7969134658582,154,10,4537,27623,5.684341886080802e-14,0.279813349536171,0.9
unseen,mixed,4,lightgbm,unseen_test,conformal_upper_bound,0.1,2,1290,-0.005310677251663061,0.0,-0.0015874409238502084,-0.4251861922380198,-0.0005410289891520547,901.923355363545,154,10,5461,26699,5.684341886080802e-14,0.279813349536171,0.9
unseen,mixed,4,lightgbm,unseen_test,conformal_upper_bound,0.1,3,1290,-0.0011250275423094719,0.0,-0.00035313954798082693,-0.3995988349171524,-9.648689750773947e-05,1139.865942476848,154,10,6155,26005,5.684341886080802e-14,0.279813349536171,0.9
unseen,mixed,4,lightgbm,unseen_test,conformal_upper_bound,0.15,1,1290,-0.005581554668148238,0.0,-0.0016074984066552658,-0.3599831348248772,-0.0005903393445937017,716.6039637112742,154,10,4341,27819,5.684341886080802e-14,0.279813349536171,0.9
unseen,mixed,4,lightgbm,unseen_test,conformal_upper_bound,0.15,2,1290,-0.006405464991077069,0.0,-0.0018979666696225122,-0.4251861922380198,-0.0006531655459654719,985.0189310661435,154,10,4937,27223,5.684341886080802e-14,0.279813349536171,0.9
unseen,mixed,4,lightgbm,unseen_test,conformal_upper_bound,0.15,3,1290,-0.002187251558237053,0.0,-0.0006398621222139245,-0.4229172745950214,-0.0002120835961013936,1276.4750324779448,154,10,5536,26624,5.684341886080802e-14,0.279813349536171,0.9
unseen,mixed,4,lightgbm,unseen_test,conformal_upper_bound,0.2,1,1290,-0.00600887275711579,0.0,-0.00175737753887143,-0.40257786489497027,-0.0006484259271462545,738.3487949919773,154,10,4300,27860,5.684341886080802e-14,0.279813349536171,0.9
unseen,mixed,4,lightgbm,unseen_test,conformal_upper_bound,0.2,2,1290,-0.007076829028659966,0.0,-0.002091529813982796,-0.4816999633753394,-0.0007210898282430873,1024.067174312162,154,10,4688,27472,5.684341886080802e-14,0.279813349536171,0.9
unseen,mixed,4,lightgbm,unseen_test,conformal_upper_bound,0.2,3,1290,-0.0031450227079409527,0.0,-0.0009386418032310765,-0.48097709494485796,-0.00033582009132978533,1342.7134802122514,154,10,5190,26970,5.684341886080802e-14,0.279813349536171,0.9
unseen,mixed,5,persistence,unseen_test,reference_no_forecast,0.0,0,578,0.0,0.0,0.0,0.0,0.0,0.0,255,0,0,0,0.0,0.28641329423382655,0.9
unseen,mixed,5,persistence,unseen_test,median,0.05,1,578,0.0,0.0,0.0,0.0,0.0,0.0,228,0,0,2565,0.0,0.28641329423382655,0.9
unseen,mixed,5,persistence,unseen_test,median,0.05,2,578,0.0,0.0,0.0,0.0,0.0,0.0,228,0,0,2565,0.0,0.28641329423382655,0.9
unseen,mixed,5,persistence,unseen_test,median,0.05,3,578,0.0,0.0,0.0,0.0,0.0,0.0,228,0,0,2565,0.0,0.28641329423382655,0.9
unseen,mixed,5,persistence,unseen_test,median,0.1,1,578,0.0,0.0,0.0,0.0,0.0,0.0,228,0,0,2565,0.0,0.28641329423382655,0.9
unseen,mixed,5,persistence,unseen_test,median,0.1,2,578,0.0,0.0,0.0,0.0,0.0,0.0,228,0,0,2565,0.0,0.28641329423382655,0.9
unseen,mixed,5,persistence,unseen_test,median,0.1,3,578,0.0,0.0,0.0,0.0,0.0,0.0,228,0,0,2565,0.0,0.28641329423382655,0.9
unseen,mixed,5,persistence,unseen_test,median,0.15,1,578,0.0,0.0,0.0,0.0,0.0,0.0,228,0,0,2565,0.0,0.28641329423382655,0.9
unseen,mixed,5,persistence,unseen_test,median,0.15,2,578,0.0,0.0,0.0,0.0,0.0,0.0,228,0,0,2565,0.0,0.28641329423382655,0.9
unseen,mixed,5,persistence,unseen_test,median,0.15,3,578,0.0,0.0,0.0,0.0,0.0,0.0,228,0,0,2565,0.0,0.28641329423382655,0.9
unseen,mixed,5,persistence,unseen_test,median,0.2,1,578,0.0,0.0,0.0,0.0,0.0,0.0,228,0,0,2565,0.0,0.28641329423382655,0.9
unseen,mixed,5,persistence,unseen_test,median,0.2,2,578,0.0,0.0,0.0,0.0,0.0,0.0,228,0,0,2565,0.0,0.28641329423382655,0.9
unseen,mixed,5,persistence,unseen_test,median,0.2,3,578,0.0,0.0,0.0,0.0,0.0,0.0,228,0,0,2565,0.0,0.28641329423382655,0.9
unseen,mixed,5,persistence,unseen_test,conformal_upper_bound,0.05,1,578,-0.002344809688581313,0.0,-0.0006600715881233298,-0.16570000000000018,-0.0002409038151145352,109.66405000000002,88,28,991,10932,5.684341886080802e-14,0.28641329423382655,0.9
unseen,mixed,5,persistence,unseen_test,conformal_upper_bound,0.05,2,578,-0.0036477508650519016,0.0,-0.0010033413942480156,-0.3289500000000003,-0.00037239152654945797,131.12964999999997,88,28,1087,10836,5.684341886080802e-14,0.28641329423382655,0.9
unseen,mixed,5,persistence,unseen_test,conformal_upper_bound,0.05,3,578,-0.0027290657439446326,0.0,-0.0007716184604200601,-0.38400000000000034,-0.0003105125181296119,150.27295,88,28,1182,10741,5.684341886080802e-14,0.28641329423382655,0.9
unseen,mixed,5,persistence,unseen_test,conformal_upper_bound,0.1,1,578,-0.004151557093425603,0.0,-0.001121700319262718,-0.33140000000000036,-0.0004218193761630278,138.36680000000004,88,28,875,11048,5.684341886080802e-14,0.28641329423382655,0.9
unseen,mixed,5,persistence,unseen_test,conformal_upper_bound,0.1,2,578,-0.005609515570934257,0.0,-0.0014984134292909787,-0.4760000000000004,-0.0005651589651106516,160.41870000000003,88,28,900,11023,5.684341886080802e-14,0.28641329423382655,0.9
unseen,mixed,5,persistence,unseen_test,conformal_upper_bound,0.1,3,578,-0.00528771626297578,0.0,-0.001450843042176965,-0.4139999999999997,-0.0005777119736738284,186.57069999999996,88,28,919,11004,5.684341886080802e-14,0.28641329423382655,0.9
unseen,mixed,5,persistence,unseen_test,conformal_upper_bound,0.15,1,578,-0.004888062283737023,0.0,-0.001315985408828003,-0.4802999999999997,-0.0004893270041538143,146.10660000000004,88,28,862,11061,5.684341886080802e-14,0.28641329423382655,0.9
unseen,mixed,5,persistence,unseen_test,conformal_upper_bound,0.15,2,578,-0.006152768166089967,0.0,-0.001651901130602424,-0.4802999999999997,-0.0006188027703582316,170.40024999999994,88,28,823,11100,5.684341886080802e-14,0.28641329423382655,0.9
unseen,mixed,5,persistence,unseen_test,conformal_upper_bound,0.15,3,578,-0.006386159169550172,0.0,-0.001757987743586651,-0.4802999999999997,-0.0006945296395298663,209.672,88,28,824,11099,5.684341886080802e-14,0.28641329423382655,0.9
unseen,mixed,5,persistence,unseen_test,conformal_upper_bound,0.2,1,578,-0.0049186851211072665,0.0,-0.0013252342271216433,-0.4980000000000002,-0.0004930575406458766,146.6380000000001,88,28,862,11061,5.684341886080802e-14,0.28641329423382655,0.9
unseen,mixed,5,persistence,unseen_test,conformal_upper_bound,0.2,2,578,-0.0061833910034602094,0.0,-0.0016611499488960644,-0.4980000000000002,-0.0006225333068502446,171.64599999999993,88,28,814,11109,5.684341886080802e-14,0.28641329423382655,0.9
unseen,mixed,5,persistence,unseen_test,conformal_upper_bound,0.2,3,578,-0.006696885813148792,0.0,-0.0018293349348733905,-0.4980000000000002,-0.0007259113203558682,219.72199999999998,88,28,805,11118,5.684341886080802e-14,0.28641329423382655,0.9
unseen,mixed,5,seasonal_daily,unseen_test,reference_no_forecast,0.0,0,578,0.0,0.0,0.0,0.0,0.0,0.0,255,0,0,0,0.0,0.28641329423382655,0.9
unseen,mixed,5,seasonal_daily,unseen_test,median,0.05,1,578,0.011655276816608984,0.0,0.0021899099061688182,-0.627349999999999,0.0010280114748846584,568.9105500000004,19,23,3117,1149,5.684341886080802e-14,0.28641329423382655,0.9
unseen,mixed,5,seasonal_daily,unseen_test,median,0.05,2,578,0.0015955017301038004,0.0,0.0001847600157548268,-1.16085,0.0004195521755020551,683.7503000000006,19,23,3634,632,5.684341886080802e-14,0.28641329423382655,0.9
unseen,mixed,5,seasonal_daily,unseen_test,median,0.05,3,578,0.002718425605536326,0.0,0.0006236192941258265,-1.4209999999999994,0.0006166159782600997,721.0697500000007,19,23,3787,479,5.684341886080802e-14,0.28641329423382655,0.9
unseen,mixed,5,seasonal_daily,unseen_test,median,0.1,1,578,-0.0011731833910034704,0.0,-0.0009808078843144955,-1.253000000000001,-0.00010761843765840358,1008.0961000000004,19,23,2942,1324,5.684341886080802e-14,0.28641329423382655,0.9
unseen,mixed,5,seasonal_daily,unseen_test,median,0.1,2,578,-0.022497404844290643,0.0,-0.005258486084680648,-1.7715000000000005,-0.001424680715719326,1188.3491000000015,19,23,3293,973,5.684341886080802e-14,0.28641329423382655,0.9
unseen,mixed,5,seasonal_daily,unseen_test,median,0.1,3,578,-0.016725086505190324,0.0,-0.003919271619177942,-1.6870000000000012,-0.0010737250963354383,1192.6882000000012,19,23,3272,994,5.684341886080802e-14,0.28641329423382655,0.9
unseen,mixed,5,seasonal_daily,unseen_test,median,0.15,1,578,-0.023820415224913533,0.0,-0.006299900484815314,-1.253000000000001,-0.0020695703383013467,1354.4741000000004,19,23,2773,1493,1.1368683772161603e-13,0.28641329423382655,0.9
unseen,mixed,5,seasonal_daily,unseen_test,median,0.15,2,578,-0.05298278546712807,0.0,-0.01211226370205235,-2.5260000000000007,-0.0037823052504127688,1557.4988500000002,19,23,3013,1253,5.684341886080802e-14,0.28641329423382655,0.9
unseen,mixed,5,seasonal_daily,unseen_test,median,0.15,3,578,-0.052655449826989636,0.0,-0.011813828615737381,-1.8794000000000008,-0.004000681402875545,1518.5187999999998,19,23,2859,1407,5.684341886080802e-14,0.28641329423382655,0.9
unseen,mixed,5,seasonal_daily,unseen_test,median,0.2,1,578,-0.047491349480968864,0.0,-0.011793019538119799,-1.2699999999999996,-0.004079499875771978,1621.6484000000012,19,23,2658,1608,5.684341886080802e-14,0.28641329423382655,0.9
unseen,mixed,5,seasonal_daily,unseen_test,median,0.2,2,578,-0.08071660899653983,0.0,-0.018542621334421267,-2.4891999999999994,-0.00614685297133773,1835.7470000000008,19,23,2769,1497,5.684341886080802e-14,0.28641329423382655,0.9
unseen,mixed,5,seasonal_daily,unseen_test,median,0.2,3,578,-0.0739650519031142,0.0,-0.016381509075560102,-2.270000000000001,-0.005451711170949309,1739.3095999999994,19,23,2565,1701,1.1368683772161603e-13,0.28641329423382655,0.9
unseen,mixed,5,seasonal_daily,unseen_test,conformal_upper_bound,0.05,1,578,3.719723183391093e-05,0.0,-5.0018488278262964e-05,-0.5752000000000002,-0.00032890554483418417,1086.4940500000002,1,145,6058,5636,5.684341886080802e-14,0.28641329423382655,0.9
unseen,mixed,5,seasonal_daily,unseen_test,conformal_upper_bound,0.05,2,578,0.006838494809688581,0.0,0.001753864656109671,-1.3220999999999998,0.0004933190316868368,1376.5147000000004,1,145,7295,4399,5.684341886080802e-14,0.28641329423382655,0.9
unseen,mixed,5,seasonal_daily,unseen_test,conformal_upper_bound,0.05,3,578,0.009230190311418692,0.0,0.0027210581758745273,-1.564000000000001,0.0007570069315940811,1440.9811999999997,1,145,7539,4155,5.684341886080802e-14,0.28641329423382655,0.9
unseen,mixed,5,seasonal_daily,unseen_test,conformal_upper_bound,0.1,1,578,-0.020639100346020758,0.0,-0.006330884422312733,-1.1699999999999995,-0.0023190493581606406,1749.1875000000011,1,145,5426,6268,5.684341886080802e-14,0.28641329423382655,0.9
unseen,mixed,5,seasonal_daily,unseen_test,conformal_upper_bound,0.1,2,578,-0.0129477508650519,0.0,-0.0037090469646344987,-1.564000000000001,-0.0013810776673832642,2098.3957,1,145,6110,5584,1.1368683772161603e-13,0.28641329423382655,0.9
unseen,mixed,5,seasonal_daily,unseen_test,conformal_upper_bound,0.1,3,578,-0.005329411764705889,0.0,-0.002170194509226,-1.564000000000001,-0.0006723837746163049,2071.6463999999996,1,145,5877,5817,1.1368683772161603e-13,0.28641329423382655,0.9
unseen,mixed,5,seasonal_daily,unseen_test,conformal_upper_bound,0.15,1,578,-0.04634999999999999,0.0,-0.013935485368969979,-1.2834500000000002,-0.004419835691238429,2158.0229999999992,1,145,4959,6735,5.684341886080802e-14,0.28641329423382655,0.9
unseen,mixed,5,seasonal_daily,unseen_test,conformal_upper_bound,0.15,2,578,-0.040212110726643595,0.0,-0.011941588366634535,-1.564000000000001,-0.003921794226575074,2461.4756500000008,1,145,5263,6431,5.684341886080802e-14,0.28641329423382655,0.9
unseen,mixed,5,seasonal_daily,unseen_test,conformal_upper_bound,0.15,3,578,-0.035166349480968834,0.0,-0.01228530747819049,-1.564,-0.0032141877568087505,2384.7885999999985,1,145,4943,6751,5.684341886080802e-14,0.28641329423382655,0.9
unseen,mixed,5,seasonal_daily,unseen_test,conformal_upper_bound,0.2,1,578,-0.06495778546712803,0.0,-0.019445923747928123,-1.4500000000000002,-0.005865832727504308,2416.910599999999,1,145,4636,7058,5.684341886080802e-14,0.28641329423382655,0.9
unseen,mixed,5,seasonal_daily,unseen_test,conformal_upper_bound,0.2,2,578,-0.06133425605536332,0.0,-0.01879393387007968,-1.564000000000001,-0.005682491535063376,2665.716600000004,1,145,4689,7005,1.1368683772161603e-13,0.28641329423382655,0.9
unseen,mixed,5,seasonal_daily,unseen_test,conformal_upper_bound,0.2,3,578,-0.06049965397923876,0.0,-0.020871893081052074,-1.564000000000001,-0.005201249848475329,2566.4226000000003,1,145,4327,7367,1.1368683772161603e-13,0.28641329423382655,0.9
unseen,mixed,5,seasonal_weekly,unseen_test,reference_no_forecast,0.0,0,578,0.0,0.0,0.0,0.0,0.0,0.0,255,0,0,0,0.0,0.28641329423382655,0.9
unseen,mixed,5,seasonal_weekly,unseen_test,median,0.05,1,578,0.000491349480968867,0.0,-0.0004189896360180106,-0.6099999999999994,-5.559267102447121e-05,403.82955,45,12,2171,629,1.1368683772161603e-13,0.28641329423382655,0.9
unseen,mixed,5,seasonal_weekly,unseen_test,median,0.05,2,578,0.002059429065743957,0.0,0.00039781371911370343,-0.7008999999999999,0.0002413693506883933,464.5883500000001,45,12,2452,348,1.1368683772161603e-13,0.28641329423382655,0.9
unseen,mixed,5,seasonal_weekly,unseen_test,median,0.05,3,578,-0.0023073529411764752,0.0,-8.951927090424406e-05,-1.307500000000001,9.853419883671737e-06,471.32055,45,12,2449,351,5.684341886080802e-14,0.28641329423382655,0.9
unseen,mixed,5,seasonal_weekly,unseen_test,median,0.1,1,578,-0.018265743944636672,0.0,-0.0046641250468173285,-0.8033999999999999,-0.0016864025510787734,723.2926000000003,45,12,2046,754,5.684341886080802e-14,0.28641329423382655,0.9
unseen,mixed,5,seasonal_weekly,unseen_test,median,0.1,2,578,-0.028161418685121103,0.0,-0.005918555596770502,-1.9337999999999997,-0.002132871410712093,817.3768,45,12,2247,553,1.1368683772161603e-13,0.28641329423382655,0.9
unseen,mixed,5,seasonal_weekly,unseen_test,median,0.1,3,578,-0.03480847750865052,0.0,-0.006874053271011804,-1.9659999999999993,-0.002562944098253053,816.3456999999997,45,12,2190,610,1.1368683772161603e-13,0.28641329423382655,0.9
unseen,mixed,5,seasonal_weekly,unseen_test,median,0.15,1,578,-0.04705276816608999,0.0,-0.011027731473303815,-1.501949999999999,-0.003990644850792636,984.1220499999995,45,12,1939,861,1.1368683772161603e-13,0.28641329423382655,0.9
unseen,mixed,5,seasonal_weekly,unseen_test,median,0.15,2,578,-0.06155138408304502,0.0,-0.013947322842920249,-1.966000000000001,-0.00487507504630273,1089.4906499999997,45,12,2064,736,1.1368683772161603e-13,0.28641329423382655,0.9
unseen,mixed,5,seasonal_weekly,unseen_test,median,0.15,3,578,-0.06669411764705883,0.0,-0.014391534811087856,-1.9659999999999993,-0.005174101832183261,1080.6968499999996,45,12,1995,805,1.1368683772161603e-13,0.28641329423382655,0.9
unseen,mixed,5,seasonal_weekly,unseen_test,median,0.2,1,578,-0.07586401384083043,0.0,-0.017362644757500573,-1.9659999999999993,-0.006205796747950933,1192.5933999999997,45,12,1872,928,1.1368683772161603e-13,0.28641329423382655,0.9
unseen,mixed,5,seasonal_weekly,unseen_test,median,0.2,2,578,-0.08745501730103807,0.0,-0.020046701991056893,-1.9659999999999993,-0.006750961887938568,1294.4212,45,12,1926,874,5.684341886080802e-14,0.28641329423382655,0.9
unseen,mixed,5,seasonal_weekly,unseen_test,median,0.2,3,578,-0.09404290657439454,0.0,-0.020875006284224094,-1.9659999999999993,-0.007139394038796285,1269.8423999999995,45,12,1835,965,1.1368683772161603e-13,0.28641329423382655,0.9
unseen,mixed,5,seasonal_weekly,unseen_test,conformal_upper_bound,0.05,1,578,-0.009383996539792393,0.0,-0.0021296154104298664,-0.8358999999999996,-0.0010320930097107246,1095.6397000000006,2,179,6087,3900,5.684341886080802e-14,0.28641329423382655,0.9
unseen,mixed,5,seasonal_weekly,unseen_test,conformal_upper_bound,0.05,2,578,-0.018355882352941194,0.0,-0.0038335301546591977,-0.9149999999999991,-0.0018182409861556155,1337.6351999999997,2,179,7159,2828,1.1368683772161603e-13,0.28641329423382655,0.9
unseen,mixed,5,seasonal_weekly,unseen_test,conformal_upper_bound,0.05,3,578,-0.0239226643598616,0.0,-0.004296749858940503,-1.2649999999999988,-0.002025824943466812,1371.4769500000002,2,179,7223,2764,1.1368683772161603e-13,0.28641329423382655,0.9
unseen,mixed,5,seasonal_weekly,unseen_test,conformal_upper_bound,0.1,1,578,-0.05240692041522495,0.0,-0.012593208465724749,-1.189,-0.005121017173724584,1840.9974000000025,2,179,5606,4381,5.684341886080802e-14,0.28641329423382655,0.9
unseen,mixed,5,seasonal_weekly,unseen_test,conformal_upper_bound,0.1,2,578,-0.06383131487889272,0.0,-0.014616092432761093,-1.396,-0.005791837272066436,2030.536900000001,2,179,5928,4059,1.1368683772161603e-13,0.28641329423382655,0.9
unseen,mixed,5,seasonal_weekly,unseen_test,conformal_upper_bound,0.1,3,578,-0.06413027681660897,0.0,-0.01429449511907838,-1.668000000000001,-0.0056629720980539994,2036.6900999999991,2,179,5809,4178,1.1368683772161603e-13,0.28641329423382655,0.9
unseen,mixed,5,seasonal_weekly,unseen_test,conformal_upper_bound,0.15,1,578,-0.07628019031141871,0.0,-0.018662247523128405,-1.334,-0.007277123499141712,2308.873899999999,2,179,5193,4794,5.684341886080802e-14,0.28641329423382655,0.9
unseen,mixed,5,seasonal_weekly,unseen_test,conformal_upper_bound,0.15,2,578,-0.08466401384083037,0.0,-0.020051095597272913,-1.395999999999999,-0.0077693136149319785,2409.097449999999,2,179,5114,4873,5.684341886080802e-14,0.28641329423382655,0.9
unseen,mixed,5,seasonal_weekly,unseen_test,conformal_upper_bound,0.15,3,578,-0.0812233564013841,0.0,-0.019388688014271863,-1.6679999999999993,-0.007467666307107576,2378.9972499999994,2,179,4908,5079,1.1368683772161603e-13,0.28641329423382655,0.9
unseen,mixed,5,seasonal_weekly,unseen_test,conformal_upper_bound,0.2,1,578,-0.08987820069204157,0.0,-0.022078862401240414,-1.396,-0.008468989831775037,2606.7618,2,179,4882,5105,5.684341886080802e-14,0.28641329423382655,0.9
unseen,mixed,5,seasonal_weekly,unseen_test,conformal_upper_bound,0.2,2,578,-0.09961314878892742,0.0,-0.02442262591774488,-1.396,-0.009060466852997107,2620.1007999999997,2,179,4630,5357,1.1368683772161603e-13,0.28641329423382655,0.9
unseen,mixed,5,seasonal_weekly,unseen_test,conformal_upper_bound,0.2,3,578,-0.0975512110726644,0.0,-0.024079046411388198,-1.6680000000000001,-0.008894508172956492,2558.8403999999973,2,179,4364,5623,1.1368683772161603e-13,0.28641329423382655,0.9
unseen,mixed,5,elastic_net,unseen_test,reference_no_forecast,0.0,0,578,0.0,0.0,0.0,0.0,0.0,0.0,255,0,0,0,0.0,0.28641329423382655,0.9
unseen,mixed,5,elastic_net,unseen_test,median,0.05,1,578,0.0,0.0,0.0,0.0,0.0,1.226009032928041,244,0,42,248,0.0,0.28641329423382655,0.9
unseen,mixed,5,elastic_net,unseen_test,median,0.05,2,578,7.459233721056628e-05,0.0,1.3606774390836608e-05,0.0,6.20499166128312e-06,4.901003723148396,244,0,80,210,2.842170943040401e-14,0.28641329423382655,0.9
unseen,mixed,5,elastic_net,unseen_test,median,0.05,3,578,0.0002619923239023438,0.0,4.779137612228089e-05,0.0,2.2012255433111544e-05,10.563366195658016,244,0,116,174,5.684341886080802e-14,0.28641329423382655,0.9
unseen,mixed,5,elastic_net,unseen_test,median,0.1,1,578,0.0,0.0,0.0,0.0,0.0,1.226009032928041,244,0,42,248,0.0,0.28641329423382655,0.9
unseen,mixed,5,elastic_net,unseen_test,median,0.1,2,578,7.459233721056628e-05,0.0,1.3606774390836608e-05,0.0,6.20499166128312e-06,4.926652675807189,244,0,80,210,2.842170943040401e-14,0.28641329423382655,0.9
unseen,mixed,5,elastic_net,unseen_test,median,0.1,3,578,0.0002619923239023438,0.0,4.779137612228089e-05,0.0,2.2012255433111544e-05,11.225280208262118,244,0,116,174,5.684341886080802e-14,0.28641329423382655,0.9
unseen,mixed,5,elastic_net,unseen_test,median,0.15,1,578,0.0,0.0,0.0,0.0,0.0,1.226009032928041,244,0,42,248,0.0,0.28641329423382655,0.9
unseen,mixed,5,elastic_net,unseen_test,median,0.15,2,578,7.459233721056628e-05,0.0,1.3606774390836608e-05,0.0,6.20499166128312e-06,4.926652675807189,244,0,80,210,2.842170943040401e-14,0.28641329423382655,0.9
unseen,mixed,5,elastic_net,unseen_test,median,0.15,3,578,0.0002619923239023438,0.0,4.779137612228089e-05,0.0,2.2012255433111544e-05,11.225280208262118,244,0,116,174,5.684341886080802e-14,0.28641329423382655,0.9
unseen,mixed,5,elastic_net,unseen_test,median,0.2,1,578,0.0,0.0,0.0,0.0,0.0,1.226009032928041,244,0,42,248,0.0,0.28641329423382655,0.9
unseen,mixed,5,elastic_net,unseen_test,median,0.2,2,578,7.459233721056628e-05,0.0,1.3606774390836608e-05,0.0,6.20499166128312e-06,4.926652675807189,244,0,80,210,2.842170943040401e-14,0.28641329423382655,0.9
unseen,mixed,5,elastic_net,unseen_test,median,0.2,3,578,0.0002619923239023438,0.0,4.779137612228089e-05,0.0,2.2012255433111544e-05,11.225280208262118,244,0,116,174,5.684341886080802e-14,0.28641329423382655,0.9
unseen,mixed,5,elastic_net,unseen_test,conformal_upper_bound,0.05,1,578,-0.002172831943274049,0.0,-0.00046836867845540935,-0.24085966484496169,-0.00015918320099522323,140.56806619377483,47,5,1260,8140,5.684341886080802e-14,0.28641329423382655,0.9
unseen,mixed,5,elastic_net,unseen_test,conformal_upper_bound,0.05,2,578,-0.0014297343386440722,0.0,-0.0003119161237131027,-0.3205002870502547,-8.911976924203767e-05,165.2939684759321,47,5,1364,8036,5.684341886080802e-14,0.28641329423382655,0.9
unseen,mixed,5,elastic_net,unseen_test,conformal_upper_bound,0.05,3,578,0.0011636326769852128,0.0,0.00024455450623480073,-0.21265354738478237,0.00011664129530425682,216.27156651102663,47,5,1641,7759,5.684341886080802e-14,0.28641329423382655,0.9
unseen,mixed,5,elastic_net,unseen_test,conformal_upper_bound,0.1,1,578,-0.0035184194570721233,0.0,-0.0007953376206329015,-0.3193186904567291,-0.00026327788251864624,180.3195796210743,47,5,1110,8290,5.684341886080802e-14,0.28641329423382655,0.9
unseen,mixed,5,elastic_net,unseen_test,conformal_upper_bound,0.1,2,578,-0.002872644834128649,0.0,-0.0006054684874800573,-0.3983627125439817,-0.00017958467291455282,195.1987034582554,47,5,1101,8299,5.684341886080802e-14,0.28641329423382655,0.9
unseen,mixed,5,elastic_net,unseen_test,conformal_upper_bound,0.1,3,578,-0.0008562975151347677,0.0,-0.0003403851800610003,-0.3302498004489114,-0.00010893559102417551,285.57131891615126,47,5,1349,8051,5.684341886080802e-14,0.28641329423382655,0.9
unseen,mixed,5,elastic_net,unseen_test,conformal_upper_bound,0.15,1,578,-0.004406321519690452,0.0,-0.0010228269047861099,-0.47631810049015844,-0.00034358237614315535,187.1083721366848,47,5,1105,8295,5.684341886080802e-14,0.28641329423382655,0.9
unseen,mixed,5,elastic_net,unseen_test,conformal_upper_bound,0.15,2,578,-0.003190304239983658,0.0,-0.0006697494801643133,-0.3983627125439808,-0.00019532255608033662,205.2105725538641,47,5,994,8406,5.684341886080802e-14,0.28641329423382655,0.9
unseen,mixed,5,elastic_net,unseen_test,conformal_upper_bound,0.15,3,578,-0.0017471984461038031,0.0,-0.0005973987324204053,-0.3504572824534904,-0.00021453782171263088,317.6032498219059,47,5,1221,8179,5.684341886080802e-14,0.28641329423382655,0.9
unseen,mixed,5,elastic_net,unseen_test,conformal_upper_bound,0.2,1,578,-0.00445508817770405,0.0,-0.0010347355887356043,-0.4946547878034995,-0.00034792166482185767,187.22948520772587,47,5,1105,8295,5.684341886080802e-14,0.28641329423382655,0.9
unseen,mixed,5,elastic_net,unseen_test,conformal_upper_bound,0.2,2,578,-0.003303060037914207,0.0,-0.0006967892398598884,-0.3983627125439808,-0.00020396378387773511,206.70766298425227,47,5,988,8412,5.684341886080802e-14,0.28641329423382655,0.9
unseen,mixed,5,elastic_net,unseen_test,conformal_upper_bound,0.2,3,578,-0.0021687702325163876,0.0,-0.0007194872891573252,-0.4349914886600379,-0.0002599439146932766,329.03648129396,47,5,1178,8222,5.684341886080802e-14,0.28641329423382655,0.9
unseen,mixed,5,lightgbm,unseen_test,reference_no_forecast,0.0,0,578,0.0,0.0,0.0,0.0,0.0,0.0,255,0,0,0,0.0,0.28641329423382655,0.9
unseen,mixed,5,lightgbm,unseen_test,median,0.05,1,578,0.0,0.0,0.0,0.0,0.0,0.0,255,0,0,0,0.0,0.28641329423382655,0.9
unseen,mixed,5,lightgbm,unseen_test,median,0.05,2,578,0.0,0.0,0.0,0.0,0.0,0.0,255,0,0,0,0.0,0.28641329423382655,0.9
unseen,mixed,5,lightgbm,unseen_test,median,0.05,3,578,0.0,0.0,0.0,0.0,0.0,0.0,255,0,0,0,0.0,0.28641329423382655,0.9
unseen,mixed,5,lightgbm,unseen_test,median,0.1,1,578,0.0,0.0,0.0,0.0,0.0,0.0,255,0,0,0,0.0,0.28641329423382655,0.9
unseen,mixed,5,lightgbm,unseen_test,median,0.1,2,578,0.0,0.0,0.0,0.0,0.0,0.0,255,0,0,0,0.0,0.28641329423382655,0.9
unseen,mixed,5,lightgbm,unseen_test,median,0.1,3,578,0.0,0.0,0.0,0.0,0.0,0.0,255,0,0,0,0.0,0.28641329423382655,0.9
unseen,mixed,5,lightgbm,unseen_test,median,0.15,1,578,0.0,0.0,0.0,0.0,0.0,0.0,255,0,0,0,0.0,0.28641329423382655,0.9
unseen,mixed,5,lightgbm,unseen_test,median,0.15,2,578,0.0,0.0,0.0,0.0,0.0,0.0,255,0,0,0,0.0,0.28641329423382655,0.9
unseen,mixed,5,lightgbm,unseen_test,median,0.15,3,578,0.0,0.0,0.0,0.0,0.0,0.0,255,0,0,0,0.0,0.28641329423382655,0.9
unseen,mixed,5,lightgbm,unseen_test,median,0.2,1,578,0.0,0.0,0.0,0.0,0.0,0.0,255,0,0,0,0.0,0.28641329423382655,0.9
unseen,mixed,5,lightgbm,unseen_test,median,0.2,2,578,0.0,0.0,0.0,0.0,0.0,0.0,255,0,0,0,0.0,0.28641329423382655,0.9
unseen,mixed,5,lightgbm,unseen_test,median,0.2,3,578,0.0,0.0,0.0,0.0,0.0,0.0,255,0,0,0,0.0,0.28641329423382655,0.9
unseen,mixed,5,lightgbm,unseen_test,conformal_upper_bound,0.05,1,578,-0.0022032107309226077,0.0,-0.0005046558949506418,-0.3216449401137975,-0.00016474810254135105,128.5916090159932,32,8,1133,9630,1.1368683772161603e-13,0.28641329423382655,0.9
unseen,mixed,5,lightgbm,unseen_test,conformal_upper_bound,0.05,2,578,-0.0030376779694557816,0.0,-0.0007497760750478413,-0.31702152753456225,-0.00024094623145619912,183.6320822688659,32,8,1387,9376,5.684341886080802e-14,0.28641329423382655,0.9
unseen,mixed,5,lightgbm,unseen_test,conformal_upper_bound,0.05,3,578,-0.0011645904149009216,0.0,-0.0003064617466973113,-0.3269960987598033,-7.909740459071551e-05,218.52842247210506,32,8,1525,9238,5.684341886080802e-14,0.28641329423382655,0.9
unseen,mixed,5,lightgbm,unseen_test,conformal_upper_bound,0.1,1,578,-0.003063638418683276,0.0,-0.000731107131385757,-0.3862726754879917,-0.0002489909700609119,157.0705317417743,32,8,970,9793,5.684341886080802e-14,0.28641329423382655,0.9
unseen,mixed,5,lightgbm,unseen_test,conformal_upper_bound,0.1,2,578,-0.006294012227810294,0.0,-0.0015425724005050387,-0.3693509973417619,-0.0005442617983658572,238.39455370740296,32,8,1151,9612,5.684341886080802e-14,0.28641329423382655,0.9
unseen,mixed,5,lightgbm,unseen_test,conformal_upper_bound,0.1,3,578,-0.0019786312881226015,0.0,-0.0004985911049411217,-0.3269960987598042,-0.00012902040565736264,304.94605280609846,32,8,1277,9486,5.684341886080802e-14,0.28641329423382655,0.9
unseen,mixed,5,lightgbm,unseen_test,conformal_upper_bound,0.15,1,578,-0.0031950546030905793,0.0,-0.0007637327978225254,-0.3969246383312637,-0.0002592754403082449,163.35255795597692,32,8,925,9838,5.684341886080802e-14,0.28641329423382655,0.9
unseen,mixed,5,lightgbm,unseen_test,conformal_upper_bound,0.15,2,578,-0.007314973624899663,0.0,-0.0017908101357138897,-0.39598109052745123,-0.000637084807448651,257.6115054575138,32,8,1034,9729,5.684341886080802e-14,0.28641329423382655,0.9
unseen,mixed,5,lightgbm,unseen_test,conformal_upper_bound,0.15,3,578,-0.0034372785371469643,0.0,-0.0008620494057369212,-0.3693509973417619,-0.0002799656157832708,343.75007994972157,32,8,1135,9628,5.684341886080802e-14,0.28641329423382655,0.9
unseen,mixed,5,lightgbm,unseen_test,conformal_upper_bound,0.2,1,578,-0.0031950546030905793,0.0,-0.0007637327978225254,-0.3969246383312637,-0.0002592754403082449,164.75093228272667,32,8,924,9839,5.684341886080802e-14,0.28641329423382655,0.9
unseen,mixed,5,lightgbm,unseen_test,conformal_upper_bound,0.2,2,578,-0.007497431420846551,0.0,-0.0018372346128935257,-0.39598109052745123,-0.0006530636935578898,264.0344673151313,32,8,986,9777,5.684341886080802e-14,0.28641329423382655,0.9
unseen,mixed,5,lightgbm,unseen_test,conformal_upper_bound,0.2,3,578,-0.003965477328646561,0.0,-0.0009935778790332525,-0.3693509973417619,-0.00033531685876913843,365.3000438635324,32,8,1066,9697,1.1368683772161603e-13,0.28641329423382655,0.9
seen,ASHP,4,perfect_foresight,seen_test,perfect_foresight,0.05,1,2312,0.09159041955017312,0.04899999999999949,0.024487594195503802,0.0,0.0076385153939023225,1591.3215999999977,0,0,10192,3790,5.684341886080802e-14,0.25485450897454653,0.9
seen,ASHP,4,perfect_foresight,seen_test,perfect_foresight,0.05,2,2312,0.10005752595155708,0.13307500000000005,0.02621799738719188,0.0,0.008367007742106754,1806.2195500000003,0,0,11290,2692,5.684341886080802e-14,0.25485450897454653,0.9
seen,ASHP,4,perfect_foresight,seen_test,perfect_foresight,0.05,3,2312,0.10251420847750867,0.13554999999999984,0.026696578061639088,0.0,0.008623269720705259,1855.5236500000008,0,0,11470,2512,1.1368683772161603e-13,0.25485450897454653,0.9
seen,ASHP,4,perfect_foresight,seen_test,perfect_foresight,0.1,1,2312,0.17503477508650533,0.04899999999999949,0.0468442104195028,0.0,0.015250427930953662,2914.136999999994,0,0,9648,4334,5.684341886080802e-14,0.25485450897454653,0.9
seen,ASHP,4,perfect_foresight,seen_test,perfect_foresight,0.1,2,2312,0.19473036332179905,0.21150000000000024,0.0509508122196928,0.0,0.016956589309026555,3253.0229999999956,0,0,10430,3552,5.684341886080802e-14,0.25485450897454653,0.9
seen,ASHP,4,perfect_foresight,seen_test,perfect_foresight,0.1,3,2312,0.20052210207612436,0.26160000000000005,0.052129827133690194,0.0,0.017623797959593533,3296.731599999994,0,0,10419,3563,5.684341886080802e-14,0.25485450897454653,0.9
seen,ASHP,4,perfect_foresight,seen_test,perfect_foresight,0.15,1,2312,0.24373756487889253,0.04300000000000015,0.06532402212763447,0.0,0.021903997222233556,4031.3890999999917,0,0,9271,4711,1.1368683772161603e-13,0.25485450897454653,0.9
seen,ASHP,4,perfect_foresight,seen_test,perfect_foresight,0.15,2,2312,0.27726911764705897,0.19899999999999984,0.07250641495440888,0.0,0.024921230816682842,4407.843949999997,0,0,9685,4297,5.684341886080802e-14,0.25485450897454653,0.9
seen,ASHP,4,perfect_foresight,seen_test,perfect_foresight,0.15,3,2312,0.28621327854671275,0.2508249999999994,0.07437840657371791,0.0,0.02598038830476193,4421.569699999995,0,0,9552,4430,1.1368683772161603e-13,0.25485450897454653,0.9
seen,ASHP,4,perfect_foresight,seen_test,perfect_foresight,0.2,1,2312,0.29262776816609026,0.040000000000000036,0.07856886093755876,0.0,0.026666243051363076,4984.127999999993,0,0,8919,5063,1.1368683772161603e-13,0.25485450897454653,0.9
seen,ASHP,4,perfect_foresight,seen_test,perfect_foresight,0.2,2,2312,0.34221643598616003,0.19099999999999984,0.08930291620753943,0.0,0.031316275913303,5341.347399999991,0,0,9095,4887,5.684341886080802e-14,0.25485450897454653,0.9
seen,ASHP,4,perfect_foresight,seen_test,perfect_foresight,0.2,3,2312,0.35513365051903173,0.2250000000000001,0.09209770757699676,0.0,0.032864484963932586,5302.241799999998,0,0,8854,5128,1.1368683772161603e-13,0.25485450897454653,0.9
seen,ASHP,10,perfect_foresight,seen_test,perfect_foresight,0.05,1,2400,0.13364764583333325,0.0,0.019067445235826746,0.0,0.009175955873206713,3743.430349999999,0,0,12348,10036,2.2737367544323206e-13,0.35804533222723206,0.9
seen,ASHP,10,perfect_foresight,seen_test,perfect_foresight,0.05,2,2400,0.15267262499999995,0.0,0.021219124564949572,0.0,0.01041198209697934,4344.12580000001,0,0,13891,8493,2.2737367544323206e-13,0.35804533222723206,0.9
seen,ASHP,10,perfect_foresight,seen_test,perfect_foresight,0.05,3,2400,0.15960156249999977,0.0,0.021943908665268304,0.0,0.010864826606290972,4609.667750000009,0,0,14507,7877,1.1368683772161603e-13,0.35804533222723206,0.9
seen,ASHP,10,perfect_foresight,seen_test,perfect_foresight,0.1,1,2400,0.2381300833333333,0.0,0.03411771119546746,0.0,0.016974816041365748,6384.541899999991,0,0,11314,11070,2.2737367544323206e-13,0.35804533222723206,0.9
seen,ASHP,10,perfect_foresight,seen_test,perfect_foresight,0.1,2,2400,0.27906100000000006,0.0,0.03897698571026211,0.0,0.019836452483123945,7253.729499999996,0,0,12244,10140,2.2737367544323206e-13,0.35804533222723206,0.9
seen,ASHP,10,perfect_foresight,seen_test,perfect_foresight,0.1,3,2400,0.29405887499999994,0.0,0.040625180917452305,0.0,0.020906158476323024,7532.549700000011,0,0,12397,9987,2.2737367544323206e-13,0.35804533222723206,0.9
seen,ASHP,10,perfect_foresight,seen_test,perfect_foresight,0.15,1,2400,0.3034840208333334,0.0,0.04348681712497841,0.0,0.022023723516022928,8356.505399999998,0,0,10551,11833,2.2737367544323206e-13,0.35804533222723206,0.9
seen,ASHP,10,perfect_foresight,seen_test,perfect_foresight,0.15,2,2400,0.36822266666666703,0.0,0.051475901365395885,0.0,0.026911729358741684,9343.598299999996,0,0,11056,11328,2.2737367544323206e-13,0.35804533222723206,0.9
seen,ASHP,10,perfect_foresight,seen_test,perfect_foresight,0.15,3,2400,0.39247754166666715,0.0,0.05433191819616676,0.0,0.02882066684865066,9518.135499999997,0,0,10905,11479,2.2737367544323206e-13,0.35804533222723206,0.9
seen,ASHP,10,perfect_foresight,seen_test,perfect_foresight,0.2,1,2400,0.33285516666666654,0.0,0.04762005403984452,0.0,0.024163130309485296,9893.424000000019,0,0,9974,12410,2.2737367544323206e-13,0.35804533222723206,0.9
seen,ASHP,10,perfect_foresight,seen_test,perfect_foresight,0.2,2,2400,0.41092608333333397,0.0,0.05738491762657903,0.0,0.030286600024108025,10913.32359999999,0,0,10169,12215,2.2737367544323206e-13,0.35804533222723206,0.9
seen,ASHP,10,perfect_foresight,seen_test,perfect_foresight,0.2,3,2400,0.4422497499999997,0.0,0.06128609179104744,0.0,0.0329615681482539,11013.668600000005,0,0,9903,12481,1.1368683772161603e-13,0.35804533222723206,0.9
seen,GSHP,4,perfect_foresight,seen_test,perfect_foresight,0.05,1,1150,0.07694013043478264,0.08000000000000007,0.02517918136627757,0.0,0.009576113542280372,844.7849999999988,0,0,6301,714,5.684341886080802e-14,0.26255564077566856,0.9
seen,GSHP,4,perfect_foresight,seen_test,perfect_foresight,0.05,2,1150,0.07851352173913045,0.11494999999999989,0.025611649097192785,0.0,0.009827020381070299,910.9931999999993,0,0,6701,314,5.684341886080802e-14,0.26255564077566856,0.9
seen,GSHP,4,perfect_foresight,seen_test,perfect_foresight,0.05,3,1150,0.0790510434782609,0.11597499999999994,0.025760280178991624,0.0,0.009917798685780434,922.6715999999996,0,0,6765,250,5.684341886080802e-14,0.26255564077566856,0.9
seen,GSHP,4,perfect_foresight,seen_test,perfect_foresight,0.1,1,1150,0.14404382608695657,0.07100000000000017,0.04724075896945568,0.0,0.018632638572133434,1600.9954999999984,0,0,6096,919,5.684341886080802e-14,0.26255564077566856,0.9
seen,GSHP,4,perfect_foresight,seen_test,perfect_foresight,0.1,2,1150,0.15118269565217402,0.1074999999999997,0.0492092286794282,0.0,0.01979308058745,1720.3233999999989,0,0,6417,598,5.684341886080802e-14,0.26255564077566856,0.9
seen,GSHP,4,perfect_foresight,seen_test,perfect_foresight,0.1,3,1150,0.15246626086956525,0.12300000000000022,0.04956269298260703,0.0,0.02001511799276406,1737.3994999999982,0,0,6450,565,5.684341886080802e-14,0.26255564077566856,0.9
seen,GSHP,4,perfect_foresight,seen_test,perfect_foresight,0.15,1,1150,0.19854339130434773,0.07100000000000017,0.06517337314956238,0.0,0.026649455927535023,2277.2310000000034,0,0,5922,1093,5.684341886080802e-14,0.26255564077566856,0.9
seen,GSHP,4,perfect_foresight,seen_test,perfect_foresight,0.15,2,1150,0.21276356521739126,0.09899999999999998,0.06913361780249515,0.0,0.028907138650249686,2422.17685,0,0,6124,891,5.684341886080802e-14,0.26255564077566856,0.9
seen,GSHP,4,perfect_foresight,seen_test,perfect_foresight,0.15,3,1150,0.21630099999999985,0.10049999999999981,0.0701069671338577,0.0,0.029522697809383287,2417.227850000003,0,0,6073,942,5.684341886080802e-14,0.26255564077566856,0.9
seen,GSHP,4,perfect_foresight,seen_test,perfect_foresight,0.2,1,1150,0.23707234782608705,0.07050000000000001,0.07756384979738568,0.0,0.032663193278832915,2877.478799999999,0,0,5789,1226,5.684341886080802e-14,0.26255564077566856,0.9
seen,GSHP,4,perfect_foresight,seen_test,perfect_foresight,0.2,2,1150,0.2580215652173918,0.09649999999999981,0.08355152681043228,0.0,0.036098650793793964,3012.3913999999972,0,0,5872,1143,5.684341886080802e-14,0.26255564077566856,0.9
seen,GSHP,4,perfect_foresight,seen_test,perfect_foresight,0.2,3,1150,0.2635273043478267,0.09999999999999964,0.08516850816997826,0.0,0.03714640928440091,2974.113199999997,0,0,5736,1279,5.684341886080802e-14,0.26255564077566856,0.9
seen,GSHP,5,perfect_foresight,seen_test,perfect_foresight,0.05,1,284,0.08486971830985919,0.11649999999999983,0.02565161746926833,0.0,0.007810278900450985,179.20100000000014,0,0,1297,321,5.684341886080802e-14,0.22193947902327368,0.9
seen,GSHP,5,perfect_foresight,seen_test,perfect_foresight,0.05,2,284,0.08598978873239438,0.12220000000000009,0.025931324380390818,0.0,0.00795937520289809,202.47165000000007,0,0,1458,160,5.684341886080802e-14,0.22193947902327368,0.9
seen,GSHP,5,perfect_foresight,seen_test,perfect_foresight,0.05,3,284,0.08658169014084509,0.12420000000000009,0.026080794433029887,0.0,0.008054870727197374,205.36700000000005,0,0,1473,145,5.684341886080802e-14,0.22193947902327368,0.9
seen,GSHP,5,perfect_foresight,seen_test,perfect_foresight,0.1,1,284,0.16147007042253547,0.10900000000000176,0.049163360673836726,0.0,0.015398052116966574,339.28180000000026,0,0,1265,353,5.684341886080802e-14,0.22193947902327368,0.9
seen,GSHP,5,perfect_foresight,seen_test,perfect_foresight,0.1,2,284,0.16782711267605652,0.23199999999999998,0.05079993687225497,0.0,0.01621777156709099,361.70910000000026,0,0,1337,281,5.684341886080802e-14,0.22193947902327368,0.9
seen,GSHP,5,perfect_foresight,seen_test,perfect_foresight,0.1,3,284,0.1684190140845072,0.23199999999999998,0.05094940692489403,0.0,0.016313267091390277,362.5084000000001,0,0,1318,300,2.842170943040401e-14,0.22193947902327368,0.9
seen,GSHP,5,perfect_foresight,seen_test,perfect_foresight,0.15,1,284,0.22086408450704229,0.0891000000000024,0.067749616218376,0.0,0.02176984196547148,472.2379000000009,0,0,1222,396,2.842170943040401e-14,0.22193947902327368,0.9
seen,GSHP,5,perfect_foresight,seen_test,perfect_foresight,0.15,2,284,0.23464489436619723,0.16800000000000015,0.07142230033663505,0.0,0.023073734637263518,486.22525000000047,0,0,1215,403,5.684341886080802e-14,0.22193947902327368,0.9
seen,GSHP,5,perfect_foresight,seen_test,perfect_foresight,0.15,3,284,0.24104542253521127,0.23299999999999987,0.07338028869747994,0.0,0.02422782663955303,490.71735000000035,0,0,1208,410,2.842170943040401e-14,0.22193947902327368,0.9
seen,GSHP,5,perfect_foresight,seen_test,perfect_foresight,0.2,1,284,0.2653771126760568,0.07900000000000018,0.08156833405406883,0.0,0.02676899214100899,583.3277000000005,0,0,1179,439,2.842170943040401e-14,0.22193947902327368,0.9
seen,GSHP,5,perfect_foresight,seen_test,perfect_foresight,0.2,2,284,0.2877714788732397,0.15210000000000257,0.08754905557542386,0.0,0.028643557550588224,593.4113000000002,0,0,1149,469,5.684341886080802e-14,0.22193947902327368,0.9
seen,GSHP,5,perfect_foresight,seen_test,perfect_foresight,0.2,3,284,0.2998436619718312,0.23299999999999987,0.09120356950653759,0.0,0.030888009752874777,593.8238000000001,0,0,1130,488,2.842170943040401e-14,0.22193947902327368,0.9
seen,mixed,4,perfect_foresight,seen_test,perfect_foresight,0.05,1,1288,0.07710221273291926,0.04899999999999993,0.024497210729139903,0.0,0.00843606786871573,739.0195,0,0,5378,1024,5.684341886080802e-14,0.26130325287621625,0.9
seen,mixed,4,perfect_foresight,seen_test,perfect_foresight,0.05,2,1288,0.08070527950310559,0.11550000000000016,0.025533282287352507,0.0,0.008954547199179838,809.3242499999999,0,0,5806,596,5.684341886080802e-14,0.26130325287621625,0.9
seen,mixed,4,perfect_foresight,seen_test,perfect_foresight,0.05,3,1288,0.08157899844720497,0.11937500000000001,0.025757455921024495,0.0,0.009075859866881692,827.9654499999997,0,0,5909,493,5.684341886080802e-14,0.26130325287621625,0.9
seen,mixed,4,perfect_foresight,seen_test,perfect_foresight,0.1,1,1288,0.14549045031055893,0.04899999999999993,0.0462038339005848,0.0,0.016412328126988347,1399.9296000000004,0,0,5246,1156,5.684341886080802e-14,0.26130325287621625,0.9
seen,mixed,4,perfect_foresight,seen_test,perfect_foresight,0.1,2,1288,0.155767857142857,0.11300000000000021,0.04906995248238139,0.0,0.01792632585218725,1518.1770000000001,0,0,5559,843,5.684341886080802e-14,0.26130325287621625,0.9
seen,mixed,4,perfect_foresight,seen_test,perfect_foresight,0.1,3,1288,0.15781940993788807,0.1339999999999999,0.049617289976713434,0.0,0.018224750345822386,1534.3952000000013,0,0,5578,824,5.684341886080802e-14,0.26130325287621625,0.9
seen,mixed,4,perfect_foresight,seen_test,perfect_foresight,0.15,1,1288,0.20250186335403728,0.026000000000000023,0.06405628040229594,0.0,0.023299775994995137,1974.0955999999999,0,0,5068,1334,5.684341886080802e-14,0.26130325287621625,0.9
seen,mixed,4,perfect_foresight,seen_test,perfect_foresight,0.15,2,1288,0.21945069875776418,0.11300000000000021,0.06874963988817893,0.0,0.025787653754677987,2133.0673499999994,0,0,5312,1090,5.684341886080802e-14,0.26130325287621625,0.9
seen,mixed,4,perfect_foresight,seen_test,perfect_foresight,0.15,3,1288,0.22375551242236041,0.1339999999999999,0.06999011601064646,0.0,0.026513064964313136,2124.8624499999996,0,0,5244,1158,5.684341886080802e-14,0.26130325287621625,0.9
seen,mixed,4,perfect_foresight,seen_test,perfect_foresight,0.2,1,1288,0.24709021739130432,0.026000000000000023,0.07796772120760016,0.0,0.02859644267572293,2481.704000000001,0,0,4896,1506,5.684341886080802e-14,0.26130325287621625,0.9
seen,mixed,4,perfect_foresight,seen_test,perfect_foresight,0.2,2,1288,0.2699895962732921,0.10359999999999925,0.08427342760661874,0.0,0.03195184325898644,2661.850999999999,0,0,5078,1324,5.684341886080802e-14,0.26130325287621625,0.9
seen,mixed,4,perfect_foresight,seen_test,perfect_foresight,0.2,3,1288,0.27528990683229815,0.12650000000000006,0.08582942170126195,0.0,0.03288731206940086,2616.1075999999994,0,0,4920,1482,5.684341886080802e-14,0.26130325287621625,0.9
seen,mixed,5,perfect_foresight,seen_test,perfect_foresight,0.05,1,1234,0.08039035656401944,0.0,0.019372662684014375,0.0,0.00873748185930419,1009.9172500000001,0,0,5603,2336,1.1368683772161603e-13,0.2969708251748879,0.9
seen,mixed,5,perfect_foresight,seen_test,perfect_foresight,0.05,2,1234,0.08401649108589952,0.0,0.02009429724363091,0.0,0.009088458199317006,1103.3907000000008,0,0,6013,1926,5.684341886080802e-14,0.2969708251748879,0.9
seen,mixed,5,perfect_foresight,seen_test,perfect_foresight,0.05,3,1234,0.08558942463533224,0.0,0.020358147327131506,0.0,0.009250315398040939,1142.7693000000004,0,0,6159,1780,1.1368683772161603e-13,0.2969708251748879,0.9
seen,mixed,5,perfect_foresight,seen_test,perfect_foresight,0.1,1,1234,0.14723881685575363,0.0,0.035602548133397895,0.0,0.01683633080953499,1842.7234999999996,0,0,5321,2618,1.1368683772161603e-13,0.2969708251748879,0.9
seen,mixed,5,perfect_foresight,seen_test,perfect_foresight,0.1,2,1234,0.1579563209076174,0.0,0.03784175855598374,0.0,0.017977564153104662,1965.8384999999998,0,0,5543,2396,5.684341886080802e-14,0.2969708251748879,0.9
seen,mixed,5,perfect_foresight,seen_test,perfect_foresight,0.1,3,1234,0.16202179902755254,0.0,0.03861194747929409,0.0,0.018402213968294067,2023.6445999999994,0,0,5611,2328,1.1368683772161603e-13,0.2969708251748879,0.9
seen,mixed,5,perfect_foresight,seen_test,perfect_foresight,0.15,1,1234,0.2002929092382494,0.0,0.04845074005641472,0.0,0.02382269732413782,2549.677600000001,0,0,5087,2852,5.684341886080802e-14,0.2969708251748879,0.9
seen,mixed,5,perfect_foresight,seen_test,perfect_foresight,0.15,2,1234,0.21927062398703398,0.0,0.05252792255472138,0.0,0.026013795887366645,2670.2300000000023,0,0,5157,2782,5.684341886080802e-14,0.2969708251748879,0.9
seen,mixed,5,perfect_foresight,seen_test,perfect_foresight,0.15,3,1234,0.22647013776337127,0.0,0.05391973684148647,0.0,0.026826010482764832,2707.7402000000016,0,0,5151,2788,5.684341886080802e-14,0.2969708251748879,0.9
seen,mixed,5,perfect_foresight,seen_test,perfect_foresight,0.2,1,1234,0.2293847649918961,0.0,0.055608741598485015,0.0,0.027911817807841143,3145.7409999999963,0,0,4912,3027,1.1368683772161603e-13,0.2969708251748879,0.9
seen,mixed,5,perfect_foresight,seen_test,perfect_foresight,0.2,2,1234,0.2546303079416531,0.0,0.06108360487921994,0.0,0.03091996092110413,3244.782599999999,0,0,4871,3068,5.684341886080802e-14,0.2969708251748879,0.9
seen,mixed,5,perfect_foresight,seen_test,perfect_foresight,0.2,3,1234,0.26590518638573746,0.0,0.06330393866152509,0.0,0.03222041665986651,3239.948799999998,0,0,4804,3135,1.1368683772161603e-13,0.2969708251748879,0.9
seen,mixed,10,perfect_foresight,seen_test,perfect_foresight,0.05,1,1620,0.10218753086419752,0.0,0.016509842289434452,0.0,0.008370520696784097,2015.6525500000023,0,0,7509,4298,1.1368683772161603e-13,0.3463316087510941,0.9
seen,mixed,10,perfect_foresight,seen_test,perfect_foresight,0.05,2,1620,0.11322141975308629,0.0,0.017918322022564277,0.0,0.009185973751307568,2324.187850000004,0,0,8405,3402,2.2737367544323206e-13,0.3463316087510941,0.9
seen,mixed,10,perfect_foresight,seen_test,perfect_foresight,0.05,3,1620,0.11694598765432089,0.0,0.018380081477361036,0.0,0.009470585333164054,2403.1168000000025,0,0,8611,3196,2.2737367544323206e-13,0.3463316087510941,0.9
seen,mixed,10,perfect_foresight,seen_test,perfect_foresight,0.1,1,1620,0.18115537037037038,0.0,0.02935448628069291,0.0,0.015432784495372213,3562.4526000000064,0,0,6969,4838,1.1368683772161603e-13,0.3463316087510941,0.9
seen,mixed,10,perfect_foresight,seen_test,perfect_foresight,0.1,2,1620,0.20622382716049395,0.0,0.03264800046153089,0.0,0.01740738244540041,4013.404200000005,0,0,7575,4232,1.1368683772161603e-13,0.3463316087510941,0.9
seen,mixed,10,perfect_foresight,seen_test,perfect_foresight,0.1,3,1620,0.2152771604938274,0.0,0.033848900730318925,0.0,0.018136928202645806,4042.326300000006,0,0,7493,4314,1.1368683772161603e-13,0.3463316087510941,0.9
seen,mixed,10,perfect_foresight,seen_test,perfect_foresight,0.15,1,1620,0.2380150617283954,0.0,0.03851273226224045,0.0,0.02090083275707388,4766.9714500000055,0,0,6638,5169,1.1368683772161603e-13,0.3463316087510941,0.9
seen,mixed,10,perfect_foresight,seen_test,perfect_foresight,0.15,2,1620,0.2702824382716052,0.0,0.042732842085709745,0.0,0.02349033689606031,5239.160150000004,0,0,6925,4882,1.1368683772161603e-13,0.3463316087510941,0.9
seen,mixed,10,perfect_foresight,seen_test,perfect_foresight,0.15,3,1620,0.2852790432098769,0.0,0.04485875811122089,0.0,0.024811405657124853,5233.176300000003,0,0,6738,5069,1.1368683772161603e-13,0.3463316087510941,0.9
seen,mixed,10,perfect_foresight,seen_test,perfect_foresight,0.2,1,1620,0.2627106790123458,0.0,0.04240868433840534,0.0,0.02336004841587016,5720.753100000006,0,0,6283,5524,1.1368683772161603e-13,0.3463316087510941,0.9
seen,mixed,10,perfect_foresight,seen_test,perfect_foresight,0.2,2,1620,0.2990133333333337,0.0,0.04724893142574188,0.0,0.026357589789880734,6191.822600000007,0,0,6399,5408,2.2737367544323206e-13,0.3463316087510941,0.9
seen,mixed,10,perfect_foresight,seen_test,perfect_foresight,0.2,3,1620,0.3228596296296298,0.0,0.05062484155204526,0.0,0.028547602102953026,6158.868000000013,0,0,6144,5663,2.2737367544323206e-13,0.3463316087510941,0.9
unseen,ASHP,4,perfect_foresight,unseen_test,perfect_foresight,0.05,1,1028,0.0621703793774319,0.0,0.019270128853594793,0.0,0.008046693592671144,510.9451,0,0,3470,280,5.684341886080802e-14,0.29562868267857434,0.9
unseen,ASHP,4,perfect_foresight,unseen_test,perfect_foresight,0.05,2,1028,0.0644365272373541,0.0,0.01982616235600569,0.0,0.00833937110473323,539.9283499999999,0,0,3616,134,5.684341886080802e-14,0.29562868267857434,0.9
unseen,ASHP,4,perfect_foresight,unseen_test,perfect_foresight,0.05,3,1028,0.06500676070038912,0.0,0.019972076752892854,0.0,0.008433247540819762,542.3395999999997,0,0,3621,129,5.684341886080802e-14,0.29562868267857434,0.9
unseen,ASHP,4,perfect_foresight,unseen_test,perfect_foresight,0.1,1,1028,0.11836420233463023,0.0,0.03668074514358359,0.0,0.016056372814047763,969.6623000000001,0,0,3391,359,5.684341886080802e-14,0.29562868267857434,0.9
unseen,ASHP,4,perfect_foresight,unseen_test,perfect_foresight,0.1,2,1028,0.12443375486381314,0.0,0.038198612101272594,0.0,0.016873045533481863,1016.1292000000008,0,0,3474,276,5.684341886080802e-14,0.29562868267857434,0.9
unseen,ASHP,4,perfect_foresight,unseen_test,perfect_foresight,0.1,3,1028,0.12593968871595326,0.0,0.03857206371948549,0.0,0.017116420356700964,995.1400000000004,0,0,3388,362,5.684341886080802e-14,0.29562868267857434,0.9
unseen,ASHP,4,perfect_foresight,unseen_test,perfect_foresight,0.15,1,1028,0.16118944552529155,0.0,0.049944580719999465,0.0,0.022810942307899207,1366.1931499999992,0,0,3268,482,5.684341886080802e-14,0.29562868267857434,0.9
unseen,ASHP,4,perfect_foresight,unseen_test,perfect_foresight,0.15,2,1028,0.1748817120622567,0.0,0.053499941731667215,0.0,0.024745494981805543,1410.0495999999998,0,0,3281,469,5.684341886080802e-14,0.29562868267857434,0.9
unseen,ASHP,4,perfect_foresight,unseen_test,perfect_foresight,0.15,3,1028,0.17735885214007768,0.0,0.054102404456569,0.0,0.025150649383445866,1347.1511999999998,0,0,3123,627,5.684341886080802e-14,0.29562868267857434,0.9
unseen,ASHP,4,perfect_foresight,unseen_test,perfect_foresight,0.2,1,1028,0.18982003891050578,0.0,0.05879633103620605,0.0,0.027470330026079726,1704.4338000000014,0,0,3166,584,5.684341886080802e-14,0.29562868267857434,0.9
unseen,ASHP,4,perfect_foresight,unseen_test,perfect_foresight,0.2,2,1028,0.211548832684825,0.0,0.06438683852378964,0.0,0.030875827389390004,1737.717000000002,0,0,3116,634,5.684341886080802e-14,0.29562868267857434,0.9
unseen,ASHP,4,perfect_foresight,unseen_test,perfect_foresight,0.2,3,1028,0.21358968871595335,0.0,0.06485401994514464,0.0,0.03112214065238633,1639.8924000000002,0,0,2927,823,5.684341886080802e-14,0.29562868267857434,0.9
unseen,GSHP,4,perfect_foresight,unseen_test,perfect_foresight,0.05,1,360,0.08535833333333334,0.0,0.020874974467385714,0.0,0.007683840158549297,347.8970000000002,0,0,2460,1140,2.842170943040401e-14,0.26496513643952635,0.9
unseen,GSHP,4,perfect_foresight,unseen_test,perfect_foresight,0.05,2,360,0.09639444444444444,0.0673999999999999,0.023652752245163503,0.0,0.008757301912327067,421.0619999999998,0,0,2880,720,2.842170943040401e-14,0.26496513643952635,0.9
unseen,GSHP,4,perfect_foresight,unseen_test,perfect_foresight,0.05,3,360,0.10023055555555552,0.0673999999999999,0.024521963824289398,0.0,0.009136081579182569,498.25099999999924,0,0,3320,280,2.842170943040401e-14,0.26496513643952635,0.9
unseen,GSHP,4,perfect_foresight,unseen_test,perfect_foresight,0.1,1,360,0.11541666666666672,0.0,0.028710243137695393,0.0,0.01037236518836452,634.5600000000003,0,0,2400,1200,2.842170943040401e-14,0.26496513643952635,0.9
unseen,GSHP,4,perfect_foresight,unseen_test,perfect_foresight,0.1,2,360,0.1611222222222222,0.08450000000000024,0.040319418911830114,0.0,0.015277831125769876,741.5039999999999,0,0,2600,1000,2.842170943040401e-14,0.26496513643952635,0.9
unseen,GSHP,4,perfect_foresight,unseen_test,perfect_foresight,0.1,3,360,0.19057222222222228,0.08900000000000041,0.04674418604651155,0.0,0.018188234809561266,824.6680000000008,0,0,2860,740,7.105427357601002e-15,0.26496513643952635,0.9
unseen,GSHP,4,perfect_foresight,unseen_test,perfect_foresight,0.15,1,360,0.1019666666666667,0.0,0.025613147598300506,0.0,0.008788786928561502,831.6890000000004,0,0,2260,1340,5.684341886080802e-14,0.26496513643952635,0.9
unseen,GSHP,4,perfect_foresight,unseen_test,perfect_foresight,0.15,2,360,0.20790833333333292,0.08450000000000024,0.052470186593682695,0.0,0.02047110463641696,989.5769999999998,0,0,2400,1200,2.842170943040401e-14,0.26496513643952635,0.9
unseen,GSHP,4,perfect_foresight,unseen_test,perfect_foresight,0.15,3,360,0.2560833333333333,0.08900000000000041,0.06284844210045708,0.0,0.025354046475093067,1048.4090000000012,0,0,2520,1080,2.842170943040401e-14,0.26496513643952635,0.9
unseen,GSHP,4,perfect_foresight,unseen_test,perfect_foresight,0.2,1,360,0.10726666666666666,0.0,0.027579022969220372,0.0,0.009269171129633196,987.236000000001,0,0,2180,1420,2.842170943040401e-14,0.26496513643952635,0.9
unseen,GSHP,4,perfect_foresight,unseen_test,perfect_foresight,0.2,2,360,0.22119999999999987,0.0827,0.056608436784296064,0.0,0.02202390563161766,1142.4279999999994,0,0,2240,1360,2.842170943040401e-14,0.26496513643952635,0.9
unseen,GSHP,4,perfect_foresight,unseen_test,perfect_foresight,0.2,3,360,0.29494444444444434,0.0827,0.07343375106098297,0.0,0.030438404369241726,1221.4160000000013,0,0,2340,1260,2.842170943040401e-14,0.26496513643952635,0.9
unseen,mixed,4,perfect_foresight,unseen_test,perfect_foresight,0.05,1,1290,0.07297317829457364,0.0,0.021146163900966852,0.0,0.007314251225865036,1382.5573500000003,0,0,9720,4465,5.684341886080802e-14,0.279813349536171,0.9
unseen,mixed,4,perfect_foresight,unseen_test,perfect_foresight,0.05,2,1290,0.09391666666666651,0.12155000000000005,0.026051996239540427,0.0,0.009518931159637168,1698.4805000000003,0,0,11506,2679,5.684341886080802e-14,0.279813349536171,0.9
unseen,mixed,4,perfect_foresight,unseen_test,perfect_foresight,0.05,3,1290,0.09962918604651147,0.12840000000000007,0.027494925021383267,0.0,0.010199985138085541,1815.2667500000016,0,0,12167,2018,5.684341886080802e-14,0.279813349536171,0.9
unseen,mixed,4,perfect_foresight,unseen_test,perfect_foresight,0.1,1,1290,0.12644953488372077,0.0,0.03717066656515746,0.0,0.012996007647090406,2485.8189999999995,0,0,9196,4989,5.684341886080802e-14,0.279813349536171,0.9
unseen,mixed,4,perfect_foresight,unseen_test,perfect_foresight,0.1,2,1290,0.17230581395348812,0.14900000000000002,0.04819230406452514,0.0,0.018013712824698578,3026.270700000001,0,0,10612,3573,1.1368683772161603e-13,0.279813349536171,0.9
unseen,mixed,4,perfect_foresight,unseen_test,perfect_foresight,0.1,3,1290,0.18838403100775178,0.24065000000000003,0.052350207061962716,0.0,0.020094265811658983,3162.0278000000017,0,0,10883,3302,5.684341886080802e-14,0.279813349536171,0.9
unseen,mixed,4,perfect_foresight,unseen_test,perfect_foresight,0.15,1,1290,0.16293635658914696,0.0,0.04836524706207905,0.0,0.017041954894228523,3392.9068499999958,0,0,8729,5456,1.1368683772161603e-13,0.279813349536171,0.9
unseen,mixed,4,perfect_foresight,unseen_test,perfect_foresight,0.15,2,1290,0.23603608527131784,0.1401000000000001,0.06632268138562114,0.0,0.025522305921581726,4019.325549999996,0,0,9724,4461,5.684341886080802e-14,0.279813349536171,0.9
unseen,mixed,4,perfect_foresight,unseen_test,perfect_foresight,0.15,3,1290,0.2646188759689923,0.262,0.07378380163688475,0.0,0.029318092116263402,4088.2914500000024,0,0,9667,4518,5.684341886080802e-14,0.279813349536171,0.9
unseen,mixed,4,perfect_foresight,unseen_test,perfect_foresight,0.2,1,1290,0.18712341085271253,0.0,0.05568787729732792,0.0,0.01986270097332894,4133.395600000005,0,0,8352,5833,5.684341886080802e-14,0.279813349536171,0.9
unseen,mixed,4,perfect_foresight,unseen_test,perfect_foresight,0.2,2,1290,0.2757860465116278,0.11499999999999977,0.07777066239713239,0.0,0.030586723029801414,4777.185199999997,0,0,8969,5216,5.684341886080802e-14,0.279813349536171,0.9
unseen,mixed,4,perfect_foresight,unseen_test,perfect_foresight,0.2,3,1290,0.3116821705426354,0.20999999999999996,0.08726374260099018,0.0,0.035509675384858254,4763.9268000000075,0,0,8702,5483,5.684341886080802e-14,0.279813349536171,0.9
unseen,mixed,5,perfect_foresight,unseen_test,perfect_foresight,0.05,1,578,0.08294818339100347,0.0,0.018762035042945963,0.0,0.007840345440474381,492.5894500000004,0,0,2700,714,5.684341886080802e-14,0.28641329423382655,0.9
unseen,mixed,5,perfect_foresight,unseen_test,perfect_foresight,0.05,2,578,0.09369212802768165,0.0,0.020971598181900926,0.0,0.008920226429897597,567.8943500000006,0,0,3032,382,5.684341886080802e-14,0.28641329423382655,0.9
unseen,mixed,5,perfect_foresight,unseen_test,perfect_foresight,0.05,3,578,0.09555951557093426,0.0,0.021294894528953678,0.0,0.009069584338036542,584.6662500000003,0,0,3078,336,5.684341886080802e-14,0.28641329423382655,0.9
unseen,mixed,5,perfect_foresight,unseen_test,perfect_foresight,0.1,1,578,0.14989948096885813,0.0,0.03422124518697799,0.0,0.014786074455904153,888.6572000000009,0,0,2555,859,5.684341886080802e-14,0.28641329423382655,0.9
unseen,mixed,5,perfect_foresight,unseen_test,perfect_foresight,0.1,2,578,0.17775830449826988,0.0,0.03983711635593506,0.0,0.017647676521016308,1026.1572000000015,0,0,2813,601,5.684341886080802e-14,0.28641329423382655,0.9
unseen,mixed,5,perfect_foresight,unseen_test,perfect_foresight,0.1,3,578,0.1848479238754325,0.0,0.0412135359064502,0.0,0.018399777762073653,1034.1702000000012,0,0,2789,625,1.1368683772161603e-13,0.28641329423382655,0.9
unseen,mixed,5,perfect_foresight,unseen_test,perfect_foresight,0.15,1,578,0.20008425605536337,0.0,0.04594599448411187,0.0,0.02053641433006241,1214.7516,0,0,2427,987,1.1368683772161603e-13,0.28641329423382655,0.9
unseen,mixed,5,perfect_foresight,unseen_test,perfect_foresight,0.15,2,578,0.24423745674740455,0.0,0.054787534800252696,0.0,0.02515877143892458,1388.439500000001,0,0,2608,806,1.1368683772161603e-13,0.28641329423382655,0.9
unseen,mixed,5,perfect_foresight,unseen_test,perfect_foresight,0.15,3,578,0.2563013840830447,0.0,0.05708977162656272,0.0,0.026480608074978446,1382.7517000000007,0,0,2551,863,5.684341886080802e-14,0.28641329423382655,0.9
unseen,mixed,5,perfect_foresight,unseen_test,perfect_foresight,0.2,1,578,0.2291830449826991,0.0,0.05256600807567927,0.0,0.024066822821536805,1476.669400000001,0,0,2355,1059,5.684341886080802e-14,0.28641329423382655,0.9
unseen,mixed,5,perfect_foresight,unseen_test,perfect_foresight,0.2,2,578,0.2886487889273353,0.0,0.06473236771919949,0.0,0.03065420954814667,1673.2694000000024,0,0,2455,959,5.684341886080802e-14,0.28641329423382655,0.9
unseen,mixed,5,perfect_foresight,unseen_test,perfect_foresight,0.2,3,578,0.3044640138408303,0.0,0.06785882213028867,0.0,0.032441515740934866,1634.9042000000013,0,0,2343,1071,1.1368683772161603e-13,0.28641329423382655,0.9
seen,ASHP,4,persistence,seen_test,reference_no_forecast,0.0,0,2312,0.0,0.0,0.0,0.0,0.0,0.0,416,0,0,0,0.0,0.25485450897454653,0.99
seen,ASHP,4,persistence,seen_test,median,0.05,1,2312,0.0,0.0,0.0,0.0,0.0,0.0,403,1,0,1330,0.0,0.25485450897454653,0.99
seen,ASHP,4,persistence,seen_test,median,0.05,2,2312,0.0,0.0,0.0,0.0,0.0,0.0,403,1,0,1330,0.0,0.25485450897454653,0.99
seen,ASHP,4,persistence,seen_test,median,0.05,3,2312,0.0,0.0,0.0,0.0,0.0,0.0,403,1,0,1330,0.0,0.25485450897454653,0.99
seen,ASHP,4,persistence,seen_test,median,0.1,1,2312,0.0,0.0,0.0,0.0,0.0,0.0,403,1,0,1330,0.0,0.25485450897454653,0.99
seen,ASHP,4,persistence,seen_test,median,0.1,2,2312,0.0,0.0,0.0,0.0,0.0,0.0,403,1,0,1330,0.0,0.25485450897454653,0.99
seen,ASHP,4,persistence,seen_test,median,0.1,3,2312,0.0,0.0,0.0,0.0,0.0,0.0,403,1,0,1330,0.0,0.25485450897454653,0.99
seen,ASHP,4,persistence,seen_test,median,0.15,1,2312,0.0,0.0,0.0,0.0,0.0,0.0,403,1,0,1330,0.0,0.25485450897454653,0.99
seen,ASHP,4,persistence,seen_test,median,0.15,2,2312,0.0,0.0,0.0,0.0,0.0,0.0,403,1,0,1330,0.0,0.25485450897454653,0.99
seen,ASHP,4,persistence,seen_test,median,0.15,3,2312,0.0,0.0,0.0,0.0,0.0,0.0,403,1,0,1330,0.0,0.25485450897454653,0.99
seen,ASHP,4,persistence,seen_test,median,0.2,1,2312,0.0,0.0,0.0,0.0,0.0,0.0,403,1,0,1330,0.0,0.25485450897454653,0.99
seen,ASHP,4,persistence,seen_test,median,0.2,2,2312,0.0,0.0,0.0,0.0,0.0,0.0,403,1,0,1330,0.0,0.25485450897454653,0.99
seen,ASHP,4,persistence,seen_test,median,0.2,3,2312,0.0,0.0,0.0,0.0,0.0,0.0,403,1,0,1330,0.0,0.25485450897454653,0.99
seen,ASHP,4,persistence,seen_test,conformal_upper_bound,0.05,1,2312,0.0012187067474048446,0.0,0.00029065742037265356,-0.22360000000000024,9.37253677857268e-05,243.23350000000025,265,114,1566,8379,5.684341886080802e-14,0.25485450897454653,0.99
seen,ASHP,4,persistence,seen_test,conformal_upper_bound,0.05,2,2312,0.0022565960207612482,0.0,0.0005252357867573442,-0.21124999999999972,0.0001972311333641263,289.8978500000004,265,114,1715,8230,5.684341886080802e-14,0.25485450897454653,0.99
seen,ASHP,4,persistence,seen_test,conformal_upper_bound,0.05,3,2312,0.0016782006920415227,0.0,0.0003849869575235268,-0.21105000000000018,0.0001336661880939032,253.5432500000003,265,114,1535,8410,1.1368683772161603e-13,0.25485450897454653,0.99
seen,ASHP,4,persistence,seen_test,conformal_upper_bound,0.1,1,2312,0.0013664359861591706,0.0,0.00033407167620525213,-0.4447000000000001,0.00010193480049401708,353.64170000000024,265,114,1482,8463,5.684341886080802e-14,0.25485450897454653,0.99
seen,ASHP,4,persistence,seen_test,conformal_upper_bound,0.1,2,2312,0.002786202422145329,0.0,0.0006763902488924998,-0.4225000000000003,0.0002532024475113773,420.55580000000015,265,114,1512,8433,5.684341886080802e-14,0.25485450897454653,0.99
seen,ASHP,4,persistence,seen_test,conformal_upper_bound,0.1,3,2312,0.0016858131487889273,0.0,0.00040731362719873476,-0.3799999999999999,0.00012992557721149177,322.78920000000016,265,114,1225,8720,1.1368683772161603e-13,0.25485450897454653,0.99
seen,ASHP,4,persistence,seen_test,conformal_upper_bound,0.15,1,2312,0.001105536332179932,0.0,0.0002367270721030123,-0.6193499999999998,7.29565214257033e-05,412.0242000000003,265,114,1482,8463,5.684341886080802e-14,0.25485450897454653,0.99
seen,ASHP,4,persistence,seen_test,conformal_upper_bound,0.15,2,2312,0.002804995674740485,0.0,0.0006667976258547216,-0.63375,0.00024633325106591063,497.9959500000001,265,114,1417,8528,5.684341886080802e-14,0.25485450897454653,0.99
seen,ASHP,4,persistence,seen_test,conformal_upper_bound,0.15,3,2312,0.0016325259515570934,0.0,0.00034884701691567465,-0.3799999999999999,0.00011419222521867808,351.80830000000026,265,114,1105,8840,1.1368683772161603e-13,0.25485450897454653,0.99
seen,ASHP,4,persistence,seen_test,conformal_upper_bound,0.2,1,2312,0.000824826989619378,0.0,0.00013995872941560913,-0.7360000000000002,4.2513692425615385e-05,429.23020000000037,265,114,1482,8463,5.684341886080802e-14,0.25485450897454653,0.99
seen,ASHP,4,persistence,seen_test,conformal_upper_bound,0.2,2,2312,0.0024605536332179935,0.0,0.0005417329035558992,-0.7450000000000001,0.0002029329338545932,537.5444,265,114,1404,8541,5.684341886080802e-14,0.25485450897454653,0.99
seen,ASHP,4,persistence,seen_test,conformal_upper_bound,0.2,3,2312,0.0013149653979238752,0.0,0.00019527406069957194,-0.4319999999999995,6.95644145968782e-05,375.02500000000026,265,114,999,8946,1.1368683772161603e-13,0.25485450897454653,0.99
seen,ASHP,4,seasonal_daily,seen_test,reference_no_forecast,0.0,0,2312,0.0,0.0,0.0,0.0,0.0,0.0,416,0,0,0,0.0,0.25485450897454653,0.99
seen,ASHP,4,seasonal_daily,seen_test,median,0.05,1,2312,0.023670891003460197,0.0,0.0048774442643801765,-0.44899999999999984,0.0013536264205037246,353.2313999999999,109,141,1513,230,1.1368683772161603e-13,0.25485450897454653,0.99
seen,ASHP,4,seasonal_daily,seen_test,median,0.05,2,2312,0.02416100778546712,0.0,0.004959225820533222,-0.6676500000000001,0.0014155191931590522,376.3058999999998,109,141,1595,148,1.1368683772161603e-13,0.25485450897454653,0.99
seen,ASHP,4,seasonal_daily,seen_test,median,0.05,3,2312,0.025412240484429055,0.0,0.005186934586789646,-0.6676500000000001,0.0015088904048393681,378.81309999999974,109,141,1595,148,1.1368683772161603e-13,0.25485450897454653,0.99
seen,ASHP,4,seasonal_daily,seen_test,median,0.1,1,2312,0.04011972318339102,0.0,0.00803588196147818,-0.798,0.0021205666056311107,656.7641999999993,109,141,1466,277,5.684341886080802e-14,0.25485450897454653,0.99
seen,ASHP,4,seasonal_daily,seen_test,median,0.1,2,2312,0.04035951557093423,0.0,0.008169643158876465,-1.603299999999999,0.002250404691199047,710.0033999999996,109,141,1526,217,1.1368683772161603e-13,0.25485450897454653,0.99
seen,ASHP,4,seasonal_daily,seen_test,median,0.1,3,2312,0.03985415224913494,0.0,0.008085821156842348,-1.603299999999999,0.0021504993740994655,700.2208999999998,109,141,1499,244,1.1368683772161603e-13,0.25485450897454653,0.99
seen,ASHP,4,seasonal_daily,seen_test,median,0.15,1,2312,0.04791455449826983,0.0,0.009361779524298132,-1.0176000000000003,0.002205095991801224,919.7806500000003,109,141,1410,333,1.1368683772161603e-13,0.25485450897454653,0.99
seen,ASHP,4,seasonal_daily,seen_test,median,0.15,2,2312,0.04570482266435981,0.0,0.009240355663821717,-2.098,0.0021512893899206117,996.6995500000002,109,141,1455,288,1.1368683772161603e-13,0.25485450897454653,0.99
seen,ASHP,4,seasonal_daily,seen_test,median,0.15,3,2312,0.045306055363321746,0.0,0.009130443316262598,-2.098,0.0021313321498690344,979.3381500000005,109,141,1421,322,1.1368683772161603e-13,0.25485450897454653,0.99
seen,ASHP,4,seasonal_daily,seen_test,median,0.2,1,2312,0.0495532006920415,0.0,0.009442859469660227,-1.4657999999999993,0.0018997238798875097,1145.1395999999997,109,141,1367,376,1.1368683772161603e-13,0.25485450897454653,0.99
seen,ASHP,4,seasonal_daily,seen_test,median,0.2,2,2312,0.04339930795847749,0.0,0.00871665733526943,-2.098,0.0015414691257830252,1244.9033999999992,109,141,1399,344,5.684341886080802e-14,0.25485450897454653,0.99
seen,ASHP,4,seasonal_daily,seen_test,median,0.2,3,2312,0.045542733564013775,0.0,0.00905571501545593,-2.098,0.0017329857418511322,1216.0369999999991,109,141,1355,388,5.684341886080802e-14,0.25485450897454653,0.99
seen,ASHP,4,seasonal_daily,seen_test,conformal_upper_bound,0.05,1,2312,0.04289398788927331,0.0,0.010368587636100364,-0.7155500000000004,0.0021997176756474307,1208.1293000000005,17,538,5283,1399,1.1368683772161603e-13,0.25485450897454653,0.99
seen,ASHP,4,seasonal_daily,seen_test,conformal_upper_bound,0.05,2,2312,0.04798613754325253,0.0,0.011405932553544757,-1.1556500000000005,0.0027116925420611723,1361.9626000000007,17,538,5821,861,1.1368683772161603e-13,0.25485450897454653,0.99
seen,ASHP,4,seasonal_daily,seen_test,conformal_upper_bound,0.05,3,2312,0.04948174740484425,0.0,0.01190146202191669,-1.1769000000000007,0.0028832346060084705,1394.2067,17,538,5914,768,1.1368683772161603e-13,0.25485450897454653,0.99
seen,ASHP,4,seasonal_daily,seen_test,conformal_upper_bound,0.1,1,2312,0.06077785467128023,0.0,0.014631980298415961,-1.4311000000000007,0.002557937157230765,2232.456,17,538,5117,1565,5.684341886080802e-14,0.25485450897454653,0.99
seen,ASHP,4,seasonal_daily,seen_test,conformal_upper_bound,0.1,2,2312,0.07547331314878891,0.0,0.017877052003540273,-1.6090000000000009,0.003936715545683069,2455.2573000000007,17,538,5419,1263,1.1368683772161603e-13,0.25485450897454653,0.99
seen,ASHP,4,seasonal_daily,seen_test,conformal_upper_bound,0.1,3,2312,0.07875700692041522,0.0,0.018690820167753048,-1.6090000000000009,0.0041552055954532105,2462.9163000000012,17,538,5381,1301,1.1368683772161603e-13,0.25485450897454653,0.99
seen,ASHP,4,seasonal_daily,seen_test,conformal_upper_bound,0.15,1,2312,0.06209147923875436,0.0,0.015074485520534179,-1.6090000000000009,0.0018995887319556636,3056.898750000001,17,538,4902,1780,1.1368683772161603e-13,0.25485450897454653,0.99
seen,ASHP,4,seasonal_daily,seen_test,conformal_upper_bound,0.15,2,2312,0.08671507352941182,0.0,0.02038216698113611,-1.6090000000000009,0.0038745717731237216,3314.4125,17,538,5060,1622,1.1368683772161603e-13,0.25485450897454653,0.99
seen,ASHP,4,seasonal_daily,seen_test,conformal_upper_bound,0.15,3,2312,0.08283010380622842,0.0,0.019154721084698467,-1.9874999999999998,0.0035254300896976998,3278.223200000003,17,538,4940,1742,1.1368683772161603e-13,0.25485450897454653,0.99
seen,ASHP,4,seasonal_daily,seen_test,conformal_upper_bound,0.2,1,2312,0.05930346020761246,0.0,0.014067329073193541,-1.8860000000000001,0.0010844904439540413,3715.911000000003,17,538,4745,1937,1.1368683772161603e-13,0.25485450897454653,0.99
seen,ASHP,4,seasonal_daily,seen_test,conformal_upper_bound,0.2,2,2312,0.08201314878892732,0.0,0.01862638118680671,-2.2242000000000006,0.0025869683143464623,4003.9136000000017,17,538,4804,1878,1.1368683772161603e-13,0.25485450897454653,0.99
seen,ASHP,4,seasonal_daily,seen_test,conformal_upper_bound,0.2,3,2312,0.07582275086505189,0.0,0.016391408634575104,-2.2242000000000006,0.0021522309499763764,3906.506999999998,17,538,4582,2100,5.684341886080802e-14,0.25485450897454653,0.99
seen,ASHP,4,seasonal_weekly,seen_test,reference_no_forecast,0.0,0,2312,0.0,0.0,0.0,0.0,0.0,0.0,416,0,0,0,0.0,0.25485450897454653,0.99
seen,ASHP,4,seasonal_weekly,seen_test,median,0.05,1,2312,0.024679671280276816,0.0,0.004952302969973904,-0.6465000000000001,0.0013745976006358334,400.93985000000004,131,146,1732,297,5.684341886080802e-14,0.25485450897454653,0.99
seen,ASHP,4,seasonal_weekly,seen_test,median,0.05,2,2312,0.027478265570934253,0.0,0.005521124752053131,-0.6480000000000001,0.0016407132605156189,443.9313000000001,131,146,1878,151,1.1368683772161603e-13,0.25485450897454653,0.99
seen,ASHP,4,seasonal_weekly,seen_test,median,0.05,3,2312,0.027103957612456736,0.0,0.005442063473257214,-0.6327500000000001,0.0015894409362393498,445.8055000000002,131,146,1882,147,1.1368683772161603e-13,0.25485450897454653,0.99
seen,ASHP,4,seasonal_weekly,seen_test,median,0.1,1,2312,0.04177525951557093,0.0,0.008279775104974794,-0.6480000000000001,0.0021758100549726165,743.2041999999997,131,146,1671,358,5.684341886080802e-14,0.25485450897454653,0.99
seen,ASHP,4,seasonal_weekly,seen_test,median,0.1,2,2312,0.04504186851211077,0.0,0.008988801956430693,-0.9643000000000006,0.0024505157506756314,819.9094000000002,131,146,1766,263,1.1368683772161603e-13,0.25485450897454653,0.99
seen,ASHP,4,seasonal_weekly,seen_test,median,0.1,3,2312,0.04245406574394466,0.0,0.00843300039475578,-0.8984999999999994,0.0022489812759083965,806.1080000000002,131,146,1740,289,5.684341886080802e-14,0.25485450897454653,0.99
seen,ASHP,4,seasonal_weekly,seen_test,median,0.15,1,2312,0.04919835640138405,0.0,0.009532066434142143,-1.0660999999999996,0.002242017273671932,1025.9383000000003,131,146,1615,414,1.1368683772161603e-13,0.25485450897454653,0.99
seen,ASHP,4,seasonal_weekly,seen_test,median,0.15,2,2312,0.05133557525951551,0.0,0.010074402875396751,-1.1959999999999997,0.002376461751461514,1127.3952000000002,131,146,1665,364,5.684341886080802e-14,0.25485450897454653,0.99
seen,ASHP,4,seasonal_weekly,seen_test,median,0.15,3,2312,0.046579974048442836,0.0,0.009037471630861625,-2.0657499999999995,0.002056631123534783,1102.0838000000003,131,146,1626,403,5.684341886080802e-14,0.25485450897454653,0.99
seen,ASHP,4,seasonal_weekly,seen_test,median,0.2,1,2312,0.05069567474048439,0.0,0.00957322030082649,-1.3449999999999998,0.001986380776627707,1265.673,131,146,1582,447,5.684341886080802e-14,0.25485450897454653,0.99
seen,ASHP,4,seasonal_weekly,seen_test,median,0.2,2,2312,0.05334333910034603,0.0,0.010110444717185571,-1.3827999999999996,0.002072282744000368,1377.2581999999998,131,146,1581,448,1.1368683772161603e-13,0.25485450897454653,0.99
seen,ASHP,4,seasonal_weekly,seen_test,median,0.2,3,2312,0.04493425605536331,0.0,0.008287157668614459,-2.2200000000000006,0.0014096749426960602,1338.0960000000002,131,146,1530,499,1.1368683772161603e-13,0.25485450897454653,0.99
seen,ASHP,4,seasonal_weekly,seen_test,conformal_upper_bound,0.05,1,2312,0.04364515570934252,0.0,0.010702297928150988,-0.5413000000000006,0.0021369187657034458,1414.792350000001,23,610,6306,2138,1.1368683772161603e-13,0.25485450897454653,0.99
seen,ASHP,4,seasonal_weekly,seen_test,conformal_upper_bound,0.05,2,2312,0.05318440743944638,0.0,0.012800580379481261,-1.1384000000000007,0.0028955143458600408,1589.014900000001,23,610,6852,1592,5.684341886080802e-14,0.25485450897454653,0.99
seen,ASHP,4,seasonal_weekly,seen_test,conformal_upper_bound,0.05,3,2312,0.051749870242214537,0.0,0.012311795001310225,-1.2230000000000008,0.0027623238482797803,1617.899200000001,23,610,6918,1526,5.684341886080802e-14,0.25485450897454653,0.99
seen,ASHP,4,seasonal_weekly,seen_test,conformal_upper_bound,0.1,1,2312,0.06619290657439447,0.0,0.01582078400092977,-1.0858999999999996,0.0025040584886661765,2525.0770000000007,23,610,5986,2458,5.684341886080802e-14,0.25485450897454653,0.99
seen,ASHP,4,seasonal_weekly,seen_test,conformal_upper_bound,0.1,2,2312,0.07908248269896198,0.0,0.018620270047533746,-1.8311000000000002,0.00353763152933406,2773.7076,23,610,6276,2168,5.684341886080802e-14,0.25485450897454653,0.99
seen,ASHP,4,seasonal_weekly,seen_test,conformal_upper_bound,0.1,3,2312,0.07085060553633216,0.0,0.016301137251870993,-1.3931000000000004,0.002725745729838568,2775.3166999999994,23,610,6203,2241,5.684341886080802e-14,0.25485450897454653,0.99
seen,ASHP,4,seasonal_weekly,seen_test,conformal_upper_bound,0.15,1,2312,0.0711197880622838,0.0,0.016544231049120346,-1.678,0.0016870722859534401,3397.0765999999994,23,610,5726,2718,1.1368683772161603e-13,0.25485450897454653,0.99
seen,ASHP,4,seasonal_weekly,seen_test,conformal_upper_bound,0.15,2,2312,0.08591353806228369,0.0,0.01964988685006653,-2.306,0.0027760370470554874,3676.9068499999976,23,610,5862,2582,5.684341886080802e-14,0.25485450897454653,0.99
seen,ASHP,4,seasonal_weekly,seen_test,conformal_upper_bound,0.15,3,2312,0.06979628027681653,0.0,0.014750189361095034,-2.089649999999999,0.0013652737446379116,3622.7605000000012,23,610,5664,2780,5.684341886080802e-14,0.25485450897454653,0.99
seen,ASHP,4,seasonal_weekly,seen_test,conformal_upper_bound,0.2,1,2312,0.06885700692041528,0.0,0.015139533368902173,-1.8590000000000009,0.0007569609013027886,4055.271800000001,23,610,5527,2917,5.684341886080802e-14,0.25485450897454653,0.99
seen,ASHP,4,seasonal_weekly,seen_test,conformal_upper_bound,0.2,2,2312,0.08600891003460202,0.0,0.018333584089248452,-2.306,0.0017807887689873106,4349.994600000002,23,610,5489,2955,5.684341886080802e-14,0.25485450897454653,0.99
seen,ASHP,4,seasonal_weekly,seen_test,conformal_upper_bound,0.2,3,2312,0.060665830449826964,0.0,0.010140598469413646,-2.306,-0.00010318009910292858,4255.9562000000005,23,610,5226,3218,5.684341886080802e-14,0.25485450897454653,0.99
seen,ASHP,4,elastic_net,seen_test,reference_no_forecast,0.0,0,2312,0.0,0.0,0.0,0.0,0.0,0.0,416,0,0,0,0.0,0.25485450897454653,0.99
seen,ASHP,4,elastic_net,seen_test,median,0.05,1,2312,0.0,0.0,0.0,0.0,0.0,0.26011526367752413,413,0,12,72,0.0,0.25485450897454653,0.99
seen,ASHP,4,elastic_net,seen_test,median,0.05,2,2312,0.0,0.0,0.0,0.0,0.0,1.0689428475176843,413,0,20,64,0.0,0.25485450897454653,0.99
seen,ASHP,4,elastic_net,seen_test,median,0.05,3,2312,0.0,0.0,0.0,0.0,0.0,2.3539054713806142,413,0,28,56,5.684341886080802e-14,0.25485450897454653,0.99
seen,ASHP,4,elastic_net,seen_test,median,0.1,1,2312,0.0,0.0,0.0,0.0,0.0,0.26011526367752413,413,0,12,72,0.0,0.25485450897454653,0.99
seen,ASHP,4,elastic_net,seen_test,median,0.1,2,2312,0.0,0.0,0.0,0.0,0.0,1.0689428475176843,413,0,20,64,0.0,0.25485450897454653,0.99
seen,ASHP,4,elastic_net,seen_test,median,0.1,3,2312,0.0,0.0,0.0,0.0,0.0,2.3539054713806142,413,0,28,56,5.684341886080802e-14,0.25485450897454653,0.99
seen,ASHP,4,elastic_net,seen_test,median,0.15,1,2312,0.0,0.0,0.0,0.0,0.0,0.26011526367752413,413,0,12,72,0.0,0.25485450897454653,0.99
seen,ASHP,4,elastic_net,seen_test,median,0.15,2,2312,0.0,0.0,0.0,0.0,0.0,1.0689428475176843,413,0,20,64,0.0,0.25485450897454653,0.99
seen,ASHP,4,elastic_net,seen_test,median,0.15,3,2312,0.0,0.0,0.0,0.0,0.0,2.3539054713806142,413,0,28,56,5.684341886080802e-14,0.25485450897454653,0.99
seen,ASHP,4,elastic_net,seen_test,median,0.2,1,2312,0.0,0.0,0.0,0.0,0.0,0.26011526367752413,413,0,12,72,0.0,0.25485450897454653,0.99
seen,ASHP,4,elastic_net,seen_test,median,0.2,2,2312,0.0,0.0,0.0,0.0,0.0,1.0689428475176843,413,0,20,64,0.0,0.25485450897454653,0.99
seen,ASHP,4,elastic_net,seen_test,median,0.2,3,2312,0.0,0.0,0.0,0.0,0.0,2.3539054713806142,413,0,28,56,5.684341886080802e-14,0.25485450897454653,0.99
seen,ASHP,4,elastic_net,seen_test,conformal_upper_bound,0.05,1,2312,0.0006379457655260011,0.0,0.00010491006343849997,-0.05936631380610624,5.050790518800692e-05,66.82726025947461,352,0,390,785,5.684341886080802e-14,0.25485450897454653,0.99
seen,ASHP,4,elastic_net,seen_test,conformal_upper_bound,0.05,2,2312,0.0007308392740670069,0.0,0.0001246925305558794,-0.049965745748496104,6.28034761823127e-05,76.82988077362332,352,0,426,749,5.684341886080802e-14,0.25485450897454653,0.99
seen,ASHP,4,elastic_net,seen_test,conformal_upper_bound,0.05,3,2312,0.0003307625137367479,0.0,5.067121337075056e-05,-0.41886779372862293,2.0247337837671674e-05,73.60948686428416,352,0,406,769,1.1368683772161603e-13,0.25485450897454653,0.99
seen,ASHP,4,elastic_net,seen_test,conformal_upper_bound,0.1,1,2312,0.0004715992173990843,0.0,6.310602644284001e-05,-0.27473262761221307,2.3763935990210156e-05,101.90823903861872,352,0,379,796,5.684341886080802e-14,0.25485450897454653,0.99
seen,ASHP,4,elastic_net,seen_test,conformal_upper_bound,0.1,2,2312,0.0006088033229728806,0.0,9.903934789739756e-05,-0.2559314914969928,4.350760530073659e-05,111.74437990216714,352,0,374,801,1.1368683772161603e-13,0.25485450897454653,0.99
seen,ASHP,4,elastic_net,seen_test,conformal_upper_bound,0.1,3,2312,0.0002197576780365717,0.0,2.9493984883448986e-05,-0.6633602702339632,9.502492323707125e-06,93.19864287635087,352,0,325,850,5.684341886080802e-14,0.25485450897454653,0.99
seen,ASHP,4,elastic_net,seen_test,conformal_upper_bound,0.15,1,2312,0.00024158325802956621,0.0,9.916542681121332e-06,-0.4626189498288422,-5.757289636607591e-06,117.56390450545679,352,0,379,796,1.1368683772161603e-13,0.25485450897454653,0.99
seen,ASHP,4,elastic_net,seen_test,conformal_upper_bound,0.15,2,2312,0.0005794595288363897,0.0,9.50910802809274e-05,-0.3505829934746023,4.3064182439683504e-05,129.14203833828194,352,0,343,832,1.1368683772161603e-13,0.25485450897454653,0.99
seen,ASHP,4,elastic_net,seen_test,conformal_upper_bound,0.15,3,2312,0.00011799300289852687,0.0,1.4692450931863028e-05,-0.6633602702339632,3.2224898130535874e-06,100.63646677602382,352,0,291,884,1.1368683772161603e-13,0.25485450897454653,0.99
seen,ASHP,4,elastic_net,seen_test,conformal_upper_bound,0.2,1,2312,0.00021267262096655315,0.0,3.5307099630997324e-06,-0.5288751448407405,-9.062871444313186e-06,119.64184663770288,352,0,379,796,1.1368683772161603e-13,0.25485450897454653,0.99
seen,ASHP,4,elastic_net,seen_test,conformal_upper_bound,0.2,2,2312,0.0005630175508888923,0.0,9.267649919577325e-05,-0.3505829934746023,4.140423086839762e-05,137.18640687407472,352,0,330,845,1.1368683772161603e-13,0.25485450897454653,0.99
seen,ASHP,4,elastic_net,seen_test,conformal_upper_bound,0.2,3,2312,6.380342739800502e-05,0.0,5.518548229718725e-06,-0.6633602702339632,5.808091430026252e-08,107.15668762767528,352,0,262,913,1.1368683772161603e-13,0.25485450897454653,0.99
seen,ASHP,4,lightgbm,seen_test,reference_no_forecast,0.0,0,2312,0.0,0.0,0.0,0.0,0.0,0.0,416,0,0,0,0.0,0.25485450897454653,0.99
seen,ASHP,4,lightgbm,seen_test,median,0.05,1,2312,0.0,0.0,0.0,0.0,0.0,0.0,416,0,0,0,0.0,0.25485450897454653,0.99
seen,ASHP,4,lightgbm,seen_test,median,0.05,2,2312,0.0,0.0,0.0,0.0,0.0,0.0,416,0,0,0,0.0,0.25485450897454653,0.99
seen,ASHP,4,lightgbm,seen_test,median,0.05,3,2312,0.0,0.0,0.0,0.0,0.0,0.0,416,0,0,0,0.0,0.25485450897454653,0.99
seen,ASHP,4,lightgbm,seen_test,median,0.1,1,2312,0.0,0.0,0.0,0.0,0.0,0.0,416,0,0,0,0.0,0.25485450897454653,0.99
seen,ASHP,4,lightgbm,seen_test,median,0.1,2,2312,0.0,0.0,0.0,0.0,0.0,0.0,416,0,0,0,0.0,0.25485450897454653,0.99
seen,ASHP,4,lightgbm,seen_test,median,0.1,3,2312,0.0,0.0,0.0,0.0,0.0,0.0,416,0,0,0,0.0,0.25485450897454653,0.99
seen,ASHP,4,lightgbm,seen_test,median,0.15,1,2312,0.0,0.0,0.0,0.0,0.0,0.0,416,0,0,0,0.0,0.25485450897454653,0.99
seen,ASHP,4,lightgbm,seen_test,median,0.15,2,2312,0.0,0.0,0.0,0.0,0.0,0.0,416,0,0,0,0.0,0.25485450897454653,0.99
seen,ASHP,4,lightgbm,seen_test,median,0.15,3,2312,0.0,0.0,0.0,0.0,0.0,0.0,416,0,0,0,0.0,0.25485450897454653,0.99
seen,ASHP,4,lightgbm,seen_test,median,0.2,1,2312,0.0,0.0,0.0,0.0,0.0,0.0,416,0,0,0,0.0,0.25485450897454653,0.99
seen,ASHP,4,lightgbm,seen_test,median,0.2,2,2312,0.0,0.0,0.0,0.0,0.0,0.0,416,0,0,0,0.0,0.25485450897454653,0.99
seen,ASHP,4,lightgbm,seen_test,median,0.2,3,2312,0.0,0.0,0.0,0.0,0.0,0.0,416,0,0,0,0.0,0.25485450897454653,0.99
seen,ASHP,4,lightgbm,seen_test,conformal_upper_bound,0.05,1,2312,0.00029475491879412546,0.0,5.6340506264156315e-05,-0.21501339914740836,2.0102260252244904e-05,68.14587924253523,369,1,351,42,5.684341886080802e-14,0.25485450897454653,0.99
seen,ASHP,4,lightgbm,seen_test,conformal_upper_bound,0.05,2,2312,0.0004473759203014113,0.0,8.57620857694252e-05,-0.20711913303524465,3.902589602683703e-05,72.77911582068064,369,1,361,32,1.1368683772161603e-13,0.25485450897454653,0.99
seen,ASHP,4,lightgbm,seen_test,conformal_upper_bound,0.05,3,2312,7.498240541003625e-05,0.0,1.6967768616257987e-05,-0.4810175078053085,3.3652901471209416e-06,72.08730308185723,369,1,358,35,1.1368683772161603e-13,0.25485450897454653,0.99
seen,ASHP,4,lightgbm,seen_test,conformal_upper_bound,0.1,1,2312,0.000163495479086564,0.0,2.6302612670850393e-05,-0.4300267982948158,-1.1795263999850572e-06,113.04299226933448,369,1,338,55,1.1368683772161603e-13,0.25485450897454653,0.99
seen,ASHP,4,lightgbm,seen_test,conformal_upper_bound,0.1,2,2312,0.0002109003957801407,0.0,3.683283587198587e-05,-0.4142382660704902,1.0177876924191381e-05,124.80857258242732,369,1,335,58,1.1368683772161603e-13,0.25485450897454653,0.99
seen,ASHP,4,lightgbm,seen_test,conformal_upper_bound,0.1,3,2312,9.420974081373739e-05,0.0,2.2495615801339402e-05,-0.4810175078053085,7.075500993776439e-06,107.366967601275,369,1,299,94,1.1368683772161603e-13,0.25485450897454653,0.99
seen,ASHP,4,lightgbm,seen_test,conformal_upper_bound,0.15,1,2312,1.4248289466187332e-05,0.0,-5.2679830822014495e-06,-0.5761305542737531,-1.7589393357465108e-05,137.21042027007377,369,1,337,56,1.1368683772161603e-13,0.25485450897454653,0.99
seen,ASHP,4,lightgbm,seen_test,conformal_upper_bound,0.15,2,2312,-0.00015733579364829057,0.0,-3.824862785504987e-05,-0.4810175078053085,-2.6604974732081905e-05,162.34653618512112,369,1,309,84,5.684341886080802e-14,0.25485450897454653,0.99
seen,ASHP,4,lightgbm,seen_test,conformal_upper_bound,0.15,3,2312,-1.576286952226628e-05,0.0,4.3960634762341295e-07,-0.4810175078053085,-2.8377083798801845e-06,125.77071677588705,369,1,255,138,5.684341886080802e-14,0.25485450897454653,0.99
seen,ASHP,4,lightgbm,seen_test,conformal_upper_bound,0.2,1,2312,3.138118604238687e-06,0.0,-7.72001814332451e-06,-0.5761305542737531,-1.8868311142697564e-05,141.4441499927943,369,1,337,56,1.1368683772161603e-13,0.25485450897454653,0.99
seen,ASHP,4,lightgbm,seen_test,conformal_upper_bound,0.2,2,2312,-0.0003616003374350476,0.0,-7.941635960124106e-05,-0.4810175078053085,-4.7491684256427225e-05,184.3505979080002,369,1,300,93,5.684341886080802e-14,0.25485450897454653,0.99
seen,ASHP,4,lightgbm,seen_test,conformal_upper_bound,0.2,3,2312,-4.217226279567149e-05,0.0,-4.867747606035192e-06,-0.4810175078053085,-4.99201311464287e-06,136.73916083845475,369,1,222,171,5.684341886080802e-14,0.25485450897454653,0.99
seen,ASHP,10,persistence,seen_test,reference_no_forecast,0.0,0,2400,0.0,0.0,0.0,0.0,0.0,0.0,416,0,0,0,0.0,0.35804533222723206,0.99
seen,ASHP,10,persistence,seen_test,median,0.05,1,2400,0.0,0.0,0.0,0.0,0.0,0.0,381,1,0,3420,0.0,0.35804533222723206,0.99
seen,ASHP,10,persistence,seen_test,median,0.05,2,2400,0.0,0.0,0.0,0.0,0.0,0.0,381,1,0,3420,0.0,0.35804533222723206,0.99
seen,ASHP,10,persistence,seen_test,median,0.05,3,2400,0.0,0.0,0.0,0.0,0.0,0.0,381,1,0,3420,0.0,0.35804533222723206,0.99
seen,ASHP,10,persistence,seen_test,median,0.1,1,2400,0.0,0.0,0.0,0.0,0.0,0.0,381,1,0,3420,0.0,0.35804533222723206,0.99
seen,ASHP,10,persistence,seen_test,median,0.1,2,2400,0.0,0.0,0.0,0.0,0.0,0.0,381,1,0,3420,0.0,0.35804533222723206,0.99
seen,ASHP,10,persistence,seen_test,median,0.1,3,2400,0.0,0.0,0.0,0.0,0.0,0.0,381,1,0,3420,0.0,0.35804533222723206,0.99
seen,ASHP,10,persistence,seen_test,median,0.15,1,2400,0.0,0.0,0.0,0.0,0.0,0.0,381,1,0,3420,0.0,0.35804533222723206,0.99
seen,ASHP,10,persistence,seen_test,median,0.15,2,2400,0.0,0.0,0.0,0.0,0.0,0.0,381,1,0,3420,0.0,0.35804533222723206,0.99
seen,ASHP,10,persistence,seen_test,median,0.15,3,2400,0.0,0.0,0.0,0.0,0.0,0.0,381,1,0,3420,0.0,0.35804533222723206,0.99
seen,ASHP,10,persistence,seen_test,median,0.2,1,2400,0.0,0.0,0.0,0.0,0.0,0.0,381,1,0,3420,0.0,0.35804533222723206,0.99
seen,ASHP,10,persistence,seen_test,median,0.2,2,2400,0.0,0.0,0.0,0.0,0.0,0.0,381,1,0,3420,0.0,0.35804533222723206,0.99
seen,ASHP,10,persistence,seen_test,median,0.2,3,2400,0.0,0.0,0.0,0.0,0.0,0.0,381,1,0,3420,0.0,0.35804533222723206,0.99
seen,ASHP,10,persistence,seen_test,conformal_upper_bound,0.05,1,2400,0.00069174583333333,0.0,8.059605544452949e-05,-0.41299999999999937,4.4649960265890817e-05,598.5962299999974,208,87,2136,11100,2.2737367544323206e-13,0.35804533222723206,0.99
seen,ASHP,10,persistence,seen_test,conformal_upper_bound,0.05,2,2400,0.0027812166666666585,0.0,0.0003393431012565568,-0.3641299999999976,0.00017805992257303652,654.6771999999976,208,87,2116,11120,1.1368683772161603e-13,0.35804533222723206,0.99
seen,ASHP,10,persistence,seen_test,conformal_upper_bound,0.05,3,2400,0.0015402624999999936,0.0,0.00017722018450939424,-0.3641299999999976,9.594537232307706e-05,598.2290999999981,208,87,1866,11370,1.1368683772161603e-13,0.35804533222723206,0.99
seen,ASHP,10,persistence,seen_test,conformal_upper_bound,0.1,1,2400,-0.0005156583333333283,0.0,-6.664514324367515e-05,-0.7890999999999995,-2.7751614344235046e-05,801.1322499999958,208,87,1956,11280,2.2737367544323206e-13,0.35804533222723206,0.99
seen,ASHP,10,persistence,seen_test,conformal_upper_bound,0.1,2,2400,0.0027125291666666583,0.0,0.00031476121929056855,-0.7210999999999999,0.00016438532444250123,805.5129599999973,208,87,1788,11448,2.2737367544323206e-13,0.35804533222723206,0.99
seen,ASHP,10,persistence,seen_test,conformal_upper_bound,0.1,3,2400,0.0006569124999999969,0.0,5.125390816665182e-05,-0.7210999999999999,2.8127854634097578e-05,736.9253899999975,208,87,1548,11688,2.2737367544323206e-13,0.35804533222723206,0.99
seen,ASHP,10,persistence,seen_test,conformal_upper_bound,0.15,1,2400,-0.001069616666666654,0.0,-0.0001415678807740699,-0.8651299999999988,-7.03711448866784e-05,850.8310499999956,208,87,1956,11280,2.2737367544323206e-13,0.35804533222723206,0.99
seen,ASHP,10,persistence,seen_test,conformal_upper_bound,0.15,2,2400,0.002335945833333324,0.0,0.00024952182274577754,-1.1201499999999998,0.00013184749528965276,861.6539199999977,208,87,1599,11637,1.1368683772161603e-13,0.35804533222723206,0.99
seen,ASHP,10,persistence,seen_test,conformal_upper_bound,0.15,3,2400,5.717083333333132e-05,0.0,-4.145771016365652e-05,-1.1201499999999998,-2.1406005725263337e-05,776.0379199999978,208,87,1352,11884,2.2737367544323206e-13,0.35804533222723206,0.99
seen,ASHP,10,persistence,seen_test,conformal_upper_bound,0.2,1,2400,-0.001069616666666654,0.0,-0.0001415678807740699,-0.8651299999999988,-7.03711448866784e-05,851.0221099999956,208,87,1956,11280,2.2737367544323206e-13,0.35804533222723206,0.99
seen,ASHP,10,persistence,seen_test,conformal_upper_bound,0.2,2,2400,0.0022056874999999937,0.0,0.00023138042809006304,-1.1411299999999978,0.00012076456891099004,870.7126699999972,208,87,1574,11662,1.1368683772161603e-13,0.35804533222723206,0.99
seen,ASHP,10,persistence,seen_test,conformal_upper_bound,0.2,3,2400,-0.00017046666666666396,0.0,-7.08126048628267e-05,-1.1411299999999978,-4.05984512241749e-05,791.7483299999973,208,87,1297,11939,2.2737367544323206e-13,0.35804533222723206,0.99
seen,ASHP,10,seasonal_daily,seen_test,reference_no_forecast,0.0,0,2400,0.0,0.0,0.0,0.0,0.0,0.0,416,0,0,0,0.0,0.35804533222723206,0.99
seen,ASHP,10,seasonal_daily,seen_test,median,0.05,1,2400,0.009120308333333327,0.0,0.0009131358497309669,-0.9536999999999995,0.000501664240974217,1393.7920599999989,101,137,3312,959,2.2737367544323206e-13,0.35804533222723206,0.99
seen,ASHP,10,seasonal_daily,seen_test,median,0.05,2,2400,0.010939958333333343,0.0,0.0010810127428493462,-1.8923500000000004,0.0006003062826863944,1560.1192899999994,101,137,3616,655,2.2737367544323206e-13,0.35804533222723206,0.99
seen,ASHP,10,seasonal_daily,seen_test,median,0.05,3,2400,0.012408054166666679,0.0,0.0012508876153645035,-1.7028999999999996,0.0007045819647625251,1615.9680799999999,101,137,3708,563,2.2737367544323206e-13,0.35804533222723206,0.99
seen,ASHP,10,seasonal_daily,seen_test,median,0.1,1,2400,0.0013881541666666967,0.0,-3.3804948930685044e-05,-2.0253999999999994,-2.8242843442664403e-06,2455.93126,101,137,3100,1171,2.2737367544323206e-13,0.35804533222723206,0.99
seen,ASHP,10,seasonal_daily,seen_test,median,0.1,2,2400,-0.0029589916666666292,0.0,-0.0004705671042628435,-2.5991999999999997,-0.00018572368144584555,2746.1791299999986,101,137,3307,964,2.2737367544323206e-13,0.35804533222723206,0.99
seen,ASHP,10,seasonal_daily,seen_test,median,0.1,3,2400,-0.003932941666666612,0.0,-0.0005218590729913733,-3.0901299999999967,-0.0002197119314823226,2764.4046799999974,101,137,3286,985,2.2737367544323206e-13,0.35804533222723206,0.99
seen,ASHP,10,seasonal_daily,seen_test,median,0.15,1,2400,-0.016464241666666612,0.0,-0.0020382412508771867,-2.2231299999999976,-0.001085926296413883,3262.9410600000006,101,137,2932,1339,2.2737367544323206e-13,0.35804533222723206,0.99
seen,ASHP,10,seasonal_daily,seen_test,median,0.15,2,2400,-0.024256929166666604,0.0,-0.0028478963682290435,-3.0901299999999967,-0.0014103291477148142,3578.409140000002,101,137,3023,1248,2.2737367544323206e-13,0.35804533222723206,0.99
seen,ASHP,10,seasonal_daily,seen_test,median,0.15,3,2400,-0.01843236666666662,0.0,-0.0020470718601051613,-3.0901299999999967,-0.001017261146900618,3546.646959999999,101,137,2943,1328,1.1368683772161603e-13,0.35804533222723206,0.99
seen,ASHP,10,seasonal_daily,seen_test,median,0.2,1,2400,-0.035561604166666566,0.0,-0.004298722465182836,-2.2231299999999994,-0.0022592136303252156,3884.8352000000023,101,137,2824,1447,2.2737367544323206e-13,0.35804533222723206,0.99
seen,ASHP,10,seasonal_daily,seen_test,median,0.2,2,2400,-0.05009700833333324,0.0,-0.0058418635691617595,-3.0901299999999985,-0.0029870886401052133,4225.368390000005,101,137,2780,1491,2.2737367544323206e-13,0.35804533222723206,0.99
seen,ASHP,10,seasonal_daily,seen_test,median,0.2,3,2400,-0.043784549999999936,0.0,-0.004923795765490157,-3.1011299999999977,-0.002574339822933401,4154.673970000004,101,137,2666,1605,2.2737367544323206e-13,0.35804533222723206,0.99
seen,ASHP,10,seasonal_daily,seen_test,conformal_upper_bound,0.05,1,2400,0.006576229166666668,0.0,0.0008818228921592608,-1.2932000000000006,0.0003361832263319779,3410.122099999993,13,428,8331,4748,2.2737367544323206e-13,0.35804533222723206,0.99
seen,ASHP,10,seasonal_daily,seen_test,conformal_upper_bound,0.05,2,2400,0.008852508333333358,0.0,0.0010602991673689843,-2.155850000000001,0.00042109244243439053,4092.879779999995,13,428,9600,3479,2.2737367544323206e-13,0.35804533222723206,0.99
seen,ASHP,10,seasonal_daily,seen_test,conformal_upper_bound,0.05,3,2400,0.010947245833333365,0.0,0.0014347571556947531,-2.415700000000003,0.0006415995425831985,4231.299120000005,13,428,9750,3329,2.2737367544323206e-13,0.35804533222723206,0.99
seen,ASHP,10,seasonal_daily,seen_test,conformal_upper_bound,0.1,1,2400,-0.021862024999999934,0.0,-0.0025307066835663474,-2.5846999999999998,-0.0014194181373536215,5656.70509,13,428,7567,5512,2.2737367544323206e-13,0.35804533222723206,0.99
seen,ASHP,10,seasonal_daily,seen_test,conformal_upper_bound,0.1,2,2400,-0.031905341666666615,0.0,-0.0036276144245436038,-3.713130000000003,-0.0019224781564524563,6576.4666199999865,13,428,8235,4844,2.2737367544323206e-13,0.35804533222723206,0.99
seen,ASHP,10,seasonal_daily,seen_test,conformal_upper_bound,0.1,3,2400,-0.03921737499999994,0.0,-0.004741986711348883,-4.413129999999999,-0.0022622516258027285,6617.549179999993,13,428,8051,5028,2.2737367544323206e-13,0.35804533222723206,0.99
seen,ASHP,10,seasonal_daily,seen_test,conformal_upper_bound,0.15,1,2400,-0.057597699999999974,0.0,-0.006957322993694435,-3.8770500000000006,-0.0035142788312439183,7214.5448000000015,13,428,7016,6063,2.2737367544323206e-13,0.35804533222723206,0.99
seen,ASHP,10,seasonal_daily,seen_test,conformal_upper_bound,0.15,2,2400,-0.07392622499999986,0.0,-0.008882126329726835,-4.413130000000001,-0.004305185716440055,8228.217449999991,13,428,7330,5749,2.2737367544323206e-13,0.35804533222723206,0.99
seen,ASHP,10,seasonal_daily,seen_test,conformal_upper_bound,0.15,3,2400,-0.08810578749999987,0.0,-0.011147318208948893,-4.517300000000002,-0.005141931642749426,8123.018119999995,13,428,6941,6138,2.2737367544323206e-13,0.35804533222723206,0.99
seen,ASHP,10,seasonal_daily,seen_test,conformal_upper_bound,0.2,1,2400,-0.09780913749999989,0.0,-0.012117745237826346,-3.891129999999997,-0.005902011474000754,8336.39526999999,13,428,6617,6462,2.2737367544323206e-13,0.35804533222723206,0.99
seen,ASHP,10,seasonal_daily,seen_test,conformal_upper_bound,0.2,2,2400,-0.11539305416666641,0.0,-0.01436518887712644,-4.413129999999999,-0.006758984890862981,9418.488299999994,13,428,6707,6372,2.2737367544323206e-13,0.35804533222723206,0.99
seen,ASHP,10,seasonal_daily,seen_test,conformal_upper_bound,0.2,3,2400,-0.13240664999999976,0.0,-0.016931710279150435,-4.762130000000001,-0.007729091256729959,9203.858450000003,13,428,6227,6852,2.2737367544323206e-13,0.35804533222723206,0.99
seen,ASHP,10,seasonal_weekly,seen_test,reference_no_forecast,0.0,0,2400,0.0,0.0,0.0,0.0,0.0,0.0,416,0,0,0,0.0,0.35804533222723206,0.99
seen,ASHP,10,seasonal_weekly,seen_test,median,0.05,1,2400,0.004796683333333333,0.0,0.0003740369064932653,-1.2801299999999998,0.00023051858210394017,1321.6787199999987,158,167,3226,1138,2.2737367544323206e-13,0.35804533222723206,0.99
seen,ASHP,10,seasonal_weekly,seen_test,median,0.05,2,2400,0.002474908333333342,0.0,0.00021818807867248337,-2.1830500000000015,8.54564715815324e-05,1482.4383199999982,158,167,3498,866,1.1368683772161603e-13,0.35804533222723206,0.99
seen,ASHP,10,seasonal_weekly,seen_test,median,0.05,3,2400,0.0012072250000000173,0.0,-1.4553812459709032e-05,-2.4601299999999995,-2.4309208605804618e-05,1519.1272799999986,158,167,3560,804,2.2737367544323206e-13,0.35804533222723206,0.99
seen,ASHP,10,seasonal_weekly,seen_test,median,0.1,1,2400,-0.012326012499999978,0.0,-0.0018071438370275323,-1.9767000000000028,-0.0008658306634465399,2242.9061299999985,158,167,2976,1388,2.2737367544323206e-13,0.35804533222723206,0.99
seen,ASHP,10,seasonal_weekly,seen_test,median,0.1,2,2400,-0.01843285416666662,0.0,-0.0025312287803942205,-2.4601300000000013,-0.0012137440573241538,2407.9885499999973,158,167,3001,1363,2.2737367544323206e-13,0.35804533222723206,0.99
seen,ASHP,10,seasonal_weekly,seen_test,median,0.1,3,2400,-0.021885374999999953,0.0,-0.0030600169053438585,-2.4601300000000013,-0.0014371415075719559,2432.351589999997,158,167,2987,1377,2.2737367544323206e-13,0.35804533222723206,0.99
seen,ASHP,10,seasonal_weekly,seen_test,median,0.15,1,2400,-0.039321420833333294,0.0,-0.005153853558394181,-2.4601299999999977,-0.002492038444871222,2952.873439999997,158,167,2802,1562,2.2737367544323206e-13,0.35804533222723206,0.99
seen,ASHP,10,seasonal_weekly,seen_test,median,0.15,2,2400,-0.04151559999999994,0.0,-0.005626771411579975,-2.8831299999999978,-0.002550641677752073,3055.472089999997,158,167,2690,1674,2.2737367544323206e-13,0.35804533222723206,0.99
seen,ASHP,10,seasonal_weekly,seen_test,median,0.15,3,2400,-0.05117587499999999,0.0,-0.006950319974495894,-2.8831299999999978,-0.0030946502828981676,3062.2762299999977,158,167,2635,1729,2.2737367544323206e-13,0.35804533222723206,0.99
seen,ASHP,10,seasonal_weekly,seen_test,median,0.2,1,2400,-0.06178732083333331,0.0,-0.00790792291021649,-2.9010000000000007,-0.0037463410963421494,3448.8059899999967,158,167,2698,1666,2.2737367544323206e-13,0.35804533222723206,0.99
seen,ASHP,10,seasonal_weekly,seen_test,median,0.2,2,2400,-0.05988435833333321,0.0,-0.007894158215950674,-3.147129999999999,-0.003620978685002427,3522.628959999999,158,167,2490,1874,2.2737367544323206e-13,0.35804533222723206,0.99
seen,ASHP,10,seasonal_weekly,seen_test,median,0.2,3,2400,-0.07485043333333308,0.0,-0.010046016096416165,-3.147129999999999,-0.004438644709930202,3524.1769099999974,158,167,2430,1934,2.2737367544323206e-13,0.35804533222723206,0.99
seen,ASHP,10,seasonal_weekly,seen_test,conformal_upper_bound,0.05,1,2400,0.004423929166666688,0.0,0.0009291888182193718,-1.3253500000000003,9.275812491750913e-05,3992.9436999999925,20,616,9853,8467,2.2737367544323206e-13,0.35804533222723206,0.99
seen,ASHP,10,seasonal_weekly,seen_test,conformal_upper_bound,0.05,2,2400,0.009967920833333371,0.0,0.0015938295669385117,-2.1061299999999985,0.00047166856193598506,4527.129699999993,20,616,10792,7528,2.2737367544323206e-13,0.35804533222723206,0.99
seen,ASHP,10,seasonal_weekly,seen_test,conformal_upper_bound,0.05,3,2400,0.007630604166666719,0.0,0.001206636956714085,-3.371800000000002,0.00038522876773422845,4711.893679999995,20,616,11023,7297,2.2737367544323206e-13,0.35804533222723206,0.99
seen,ASHP,10,seasonal_weekly,seen_test,conformal_upper_bound,0.1,1,2400,-0.0326810083333332,0.0,-0.0041182212004623265,-2.1061300000000003,-0.0024099924404022014,6528.389169999995,20,616,8864,9456,2.2737367544323206e-13,0.35804533222723206,0.99
seen,ASHP,10,seasonal_weekly,seen_test,conformal_upper_bound,0.1,2,2400,-0.030319170833333173,0.0,-0.004070472215578551,-3.963129999999996,-0.002155912569577699,7232.753759999993,20,616,9273,9047,2.2737367544323206e-13,0.35804533222723206,0.99
seen,ASHP,10,seasonal_weekly,seen_test,conformal_upper_bound,0.1,3,2400,-0.03751622916666651,0.0,-0.005021042948096407,-3.963129999999996,-0.0024806032467796515,7399.388909999988,20,616,9195,9125,2.2737367544323206e-13,0.35804533222723206,0.99
seen,ASHP,10,seasonal_weekly,seen_test,conformal_upper_bound,0.15,1,2400,-0.07931258749999984,0.0,-0.010679476607030416,-2.3717000000000006,-0.005400719645096265,8311.927389999993,20,616,8213,10107,2.2737367544323206e-13,0.35804533222723206,0.99
seen,ASHP,10,seasonal_weekly,seen_test,conformal_upper_bound,0.15,2,2400,-0.07544384583333319,0.0,-0.010171094649731205,-3.9631299999999996,-0.005047905077407648,9032.391379999981,20,616,8297,10023,1.1368683772161603e-13,0.35804533222723206,0.99
seen,ASHP,10,seasonal_weekly,seen_test,conformal_upper_bound,0.15,3,2400,-0.08360852499999988,0.0,-0.01112895813444098,-4.070129999999997,-0.005288158202863305,9170.177839999984,20,616,8070,10250,2.2737367544323206e-13,0.35804533222723206,0.99
seen,ASHP,10,seasonal_weekly,seen_test,conformal_upper_bound,0.2,1,2400,-0.11907414583333327,0.0,-0.01658061510096094,-3.2276000000000007,-0.007829233691040827,9585.657289999988,20,616,7795,10525,2.2737367544323206e-13,0.35804533222723206,0.99
seen,ASHP,10,seasonal_weekly,seen_test,conformal_upper_bound,0.2,2,2400,-0.11994273333333313,0.0,-0.01658614808285373,-3.963129999999998,-0.007893815361847393,10319.824759999978,20,616,7616,10704,2.2737367544323206e-13,0.35804533222723206,0.99
seen,ASHP,10,seasonal_weekly,seen_test,conformal_upper_bound,0.2,3,2400,-0.1284952624999998,0.0,-0.017692138710004662,-4.070129999999999,-0.008127503921033915,10420.817559999996,20,616,7345,10975,2.2737367544323206e-13,0.35804533222723206,0.99
seen,ASHP,10,elastic_net,seen_test,reference_no_forecast,0.0,0,2400,0.0,0.0,0.0,0.0,0.0,0.0,416,0,0,0,0.0,0.35804533222723206,0.99
seen,ASHP,10,elastic_net,seen_test,median,0.05,1,2400,-3.0012055502942984e-05,0.0,-2.8466333589057176e-06,-0.07202893320706316,-1.5243626452843272e-06,1.2372219651993595,410,0,24,83,1.1368683772161603e-13,0.35804533222723206,0.99
seen,ASHP,10,elastic_net,seen_test,median,0.05,2,2400,-3.0012055502942984e-05,0.0,-2.8466333589057176e-06,-0.07202893320706316,-1.5243626452843272e-06,5.105400916557909,410,0,45,62,0.0,0.35804533222723206,0.99
seen,ASHP,10,elastic_net,seen_test,median,0.05,3,2400,-3.0012055502942984e-05,0.0,-2.8466333589057176e-06,-0.07202893320706316,-1.5243626452843272e-06,11.65775835228381,410,0,65,42,1.1368683772161603e-13,0.35804533222723206,0.99
seen,ASHP,10,elastic_net,seen_test,median,0.1,1,2400,-3.0012055502942984e-05,0.0,-2.8466333589057176e-06,-0.07202893320706316,-1.5243626452843272e-06,1.2372219651993595,410,0,24,83,1.1368683772161603e-13,0.35804533222723206,0.99
seen,ASHP,10,elastic_net,seen_test,median,0.1,2,2400,-3.0012055502942984e-05,0.0,-2.8466333589057176e-06,-0.07202893320706316,-1.5243626452843272e-06,5.105400916557909,410,0,45,62,0.0,0.35804533222723206,0.99
seen,ASHP,10,elastic_net,seen_test,median,0.1,3,2400,-3.0012055502942984e-05,0.0,-2.8466333589057176e-06,-0.07202893320706316,-1.5243626452843272e-06,11.69798516942755,410,0,65,42,1.1368683772161603e-13,0.35804533222723206,0.99
seen,ASHP,10,elastic_net,seen_test,median,0.15,1,2400,-3.0012055502942984e-05,0.0,-2.8466333589057176e-06,-0.07202893320706316,-1.5243626452843272e-06,1.2372219651993595,410,0,24,83,1.1368683772161603e-13,0.35804533222723206,0.99
seen,ASHP,10,elastic_net,seen_test,median,0.15,2,2400,-3.0012055502942984e-05,0.0,-2.8466333589057176e-06,-0.07202893320706316,-1.5243626452843272e-06,5.105400916557909,410,0,45,62,0.0,0.35804533222723206,0.99
seen,ASHP,10,elastic_net,seen_test,median,0.15,3,2400,-3.0012055502942984e-05,0.0,-2.8466333589057176e-06,-0.07202893320706316,-1.5243626452843272e-06,11.69798516942755,410,0,65,42,1.1368683772161603e-13,0.35804533222723206,0.99
seen,ASHP,10,elastic_net,seen_test,median,0.2,1,2400,-3.0012055502942984e-05,0.0,-2.8466333589057176e-06,-0.07202893320706316,-1.5243626452843272e-06,1.2372219651993595,410,0,24,83,1.1368683772161603e-13,0.35804533222723206,0.99
seen,ASHP,10,elastic_net,seen_test,median,0.2,2,2400,-3.0012055502942984e-05,0.0,-2.8466333589057176e-06,-0.07202893320706316,-1.5243626452843272e-06,5.105400916557909,410,0,45,62,0.0,0.35804533222723206,0.99
seen,ASHP,10,elastic_net,seen_test,median,0.2,3,2400,-3.0012055502942984e-05,0.0,-2.8466333589057176e-06,-0.07202893320706316,-1.5243626452843272e-06,11.69798516942755,410,0,65,42,1.1368683772161603e-13,0.35804533222723206,0.99
seen,ASHP,10,elastic_net,seen_test,conformal_upper_bound,0.05,1,2400,0.0013701710878091502,0.0,0.00013669566717671808,-0.6138731275036289,8.731259278723276e-05,269.85955901897546,256,8,965,2710,1.1368683772161603e-13,0.35804533222723206,0.99
seen,ASHP,10,elastic_net,seen_test,conformal_upper_bound,0.05,2,2400,0.0023579579880451296,0.0,0.00023052206908491798,-0.6138731275036289,0.00014040747694574898,296.46483995607383,256,8,992,2683,2.2737367544323206e-13,0.35804533222723206,0.99
seen,ASHP,10,elastic_net,seen_test,conformal_upper_bound,0.05,3,2400,0.002789863471905193,0.0,0.000279286574549071,-0.6138731275036289,0.00017138748394785353,337.4177696798019,256,8,1073,2602,1.1368683772161603e-13,0.35804533222723206,0.99
seen,ASHP,10,elastic_net,seen_test,conformal_upper_bound,0.1,1,2400,0.0014222654980334448,0.0,0.00014138415723673867,-0.6138731275036289,9.11736433306487e-05,349.7930378258385,256,8,918,2757,2.2737367544323206e-13,0.35804533222723206,0.99
seen,ASHP,10,elastic_net,seen_test,conformal_upper_bound,0.1,2,2400,0.0025668676286777774,0.0,0.0002483598985864814,-0.6138731275036289,0.00015504160681350263,373.0751925346143,256,8,832,2843,1.1368683772161603e-13,0.35804533222723206,0.99
seen,ASHP,10,elastic_net,seen_test,conformal_upper_bound,0.1,3,2400,0.0031096920166143655,0.0,0.00030590821762646776,-0.759736764631425,0.00019378340863558682,427.01931371439906,256,8,897,2778,2.2737367544323206e-13,0.35804533222723206,0.99
seen,ASHP,10,elastic_net,seen_test,conformal_upper_bound,0.15,1,2400,0.0013489682616696515,0.0,0.000132610248167575,-0.6138731275036289,8.64790795698885e-05,356.95580338762795,256,8,918,2757,1.1368683772161603e-13,0.35804533222723206,0.99
seen,ASHP,10,elastic_net,seen_test,conformal_upper_bound,0.15,2,2400,0.0025668676286777774,0.0,0.0002483598985864814,-0.6138731275036289,0.00015504160681350263,394.9125966038802,256,8,795,2880,1.1368683772161603e-13,0.35804533222723206,0.99
seen,ASHP,10,elastic_net,seen_test,conformal_upper_bound,0.15,3,2400,0.0027279728332967805,0.0,0.0002642087504959288,-0.9032957864087265,0.00016948162809001132,454.8589567948744,256,8,829,2846,2.2737367544323206e-13,0.35804533222723206,0.99
seen,ASHP,10,elastic_net,seen_test,conformal_upper_bound,0.2,1,2400,0.0013489682616696515,0.0,0.000132610248167575,-0.6138731275036289,8.64790795698885e-05,356.95580338762795,256,8,918,2757,1.1368683772161603e-13,0.35804533222723206,0.99
seen,ASHP,10,elastic_net,seen_test,conformal_upper_bound,0.2,2,2400,0.0025668676286777774,0.0,0.0002483598985864814,-0.6138731275036289,0.00015504160681350263,396.119530916672,256,8,793,2882,1.1368683772161603e-13,0.35804533222723206,0.99
seen,ASHP,10,elastic_net,seen_test,conformal_upper_bound,0.2,3,2400,0.00250158117439854,0.0,0.0002400005187912795,-0.9972749643731973,0.0001549977813700328,463.80344590259966,256,8,813,2862,2.2737367544323206e-13,0.35804533222723206,0.99
seen,ASHP,10,lightgbm,seen_test,reference_no_forecast,0.0,0,2400,0.0,0.0,0.0,0.0,0.0,0.0,416,0,0,0,0.0,0.35804533222723206,0.99
seen,ASHP,10,lightgbm,seen_test,median,0.05,1,2400,0.0,0.0,0.0,0.0,0.0,0.0,416,0,0,0,0.0,0.35804533222723206,0.99
seen,ASHP,10,lightgbm,seen_test,median,0.05,2,2400,0.0,0.0,0.0,0.0,0.0,0.0,416,0,0,0,0.0,0.35804533222723206,0.99
seen,ASHP,10,lightgbm,seen_test,median,0.05,3,2400,0.0,0.0,0.0,0.0,0.0,0.0,416,0,0,0,0.0,0.35804533222723206,0.99
seen,ASHP,10,lightgbm,seen_test,median,0.1,1,2400,0.0,0.0,0.0,0.0,0.0,0.0,416,0,0,0,0.0,0.35804533222723206,0.99
seen,ASHP,10,lightgbm,seen_test,median,0.1,2,2400,0.0,0.0,0.0,0.0,0.0,0.0,416,0,0,0,0.0,0.35804533222723206,0.99
seen,ASHP,10,lightgbm,seen_test,median,0.1,3,2400,0.0,0.0,0.0,0.0,0.0,0.0,416,0,0,0,0.0,0.35804533222723206,0.99
seen,ASHP,10,lightgbm,seen_test,median,0.15,1,2400,0.0,0.0,0.0,0.0,0.0,0.0,416,0,0,0,0.0,0.35804533222723206,0.99
seen,ASHP,10,lightgbm,seen_test,median,0.15,2,2400,0.0,0.0,0.0,0.0,0.0,0.0,416,0,0,0,0.0,0.35804533222723206,0.99
seen,ASHP,10,lightgbm,seen_test,median,0.15,3,2400,0.0,0.0,0.0,0.0,0.0,0.0,416,0,0,0,0.0,0.35804533222723206,0.99
seen,ASHP,10,lightgbm,seen_test,median,0.2,1,2400,0.0,0.0,0.0,0.0,0.0,0.0,416,0,0,0,0.0,0.35804533222723206,0.99
seen,ASHP,10,lightgbm,seen_test,median,0.2,2,2400,0.0,0.0,0.0,0.0,0.0,0.0,416,0,0,0,0.0,0.35804533222723206,0.99
seen,ASHP,10,lightgbm,seen_test,median,0.2,3,2400,0.0,0.0,0.0,0.0,0.0,0.0,416,0,0,0,0.0,0.35804533222723206,0.99
seen,ASHP,10,lightgbm,seen_test,conformal_upper_bound,0.05,1,2400,0.0006882940991883205,0.0,8.797341196829407e-05,-0.4067727238060179,4.752043207924809e-05,159.0109061159522,340,9,514,274,1.1368683772161603e-13,0.35804533222723206,0.99
seen,ASHP,10,lightgbm,seen_test,conformal_upper_bound,0.05,2,2400,0.0014246659091441147,0.0,0.00015305535306816623,-0.23167187312102122,9.035111137753423e-05,181.45145621187868,340,9,533,255,1.1368683772161603e-13,0.35804533222723206,0.99
seen,ASHP,10,lightgbm,seen_test,conformal_upper_bound,0.05,3,2400,0.0005655702342008925,0.0,7.947310668768157e-05,-0.5267967465487207,4.602986313377263e-05,214.2678521610176,340,9,599,189,2.2737367544323206e-13,0.35804533222723206,0.99
seen,ASHP,10,lightgbm,seen_test,conformal_upper_bound,0.1,1,2400,0.000729933467807663,0.0,9.666331871681591e-05,-0.6476964862285435,5.265413089891998e-05,210.32486610934978,340,9,486,302,1.1368683772161603e-13,0.35804533222723206,0.99
seen,ASHP,10,lightgbm,seen_test,conformal_upper_bound,0.1,2,2400,0.0015565418970587023,0.0,0.0001667989991852336,-0.23167187312102122,9.822481335580354e-05,263.167599223979,340,9,451,337,1.1368683772161603e-13,0.35804533222723206,0.99
seen,ASHP,10,lightgbm,seen_test,conformal_upper_bound,0.1,3,2400,0.0006194020804532196,0.0,8.760201985412706e-05,-0.7922460221294472,5.186673904944428e-05,313.40210214595425,340,9,513,275,1.1368683772161603e-13,0.35804533222723206,0.99
seen,ASHP,10,lightgbm,seen_test,conformal_upper_bound,0.15,1,2400,0.000729933467807663,0.0,9.666331871681591e-05,-0.6476964862285435,5.265413089891998e-05,213.95070945428324,340,9,486,302,1.1368683772161603e-13,0.35804533222723206,0.99
seen,ASHP,10,lightgbm,seen_test,conformal_upper_bound,0.15,2,2400,0.0015565418970587023,0.0,0.0001667989991852336,-0.23167187312102122,9.822481335580354e-05,303.8167857903144,340,9,428,360,1.1368683772161603e-13,0.35804533222723206,0.99
seen,ASHP,10,lightgbm,seen_test,conformal_upper_bound,0.15,3,2400,0.0005936212529572223,0.0,8.54366555423517e-05,-0.8541200081198408,5.059863143372922e-05,357.52912851853876,340,9,459,329,1.1368683772161603e-13,0.35804533222723206,0.99
seen,ASHP,10,lightgbm,seen_test,conformal_upper_bound,0.2,1,2400,0.000729933467807663,0.0,9.666331871681591e-05,-0.6476964862285435,5.265413089891998e-05,213.95070945428324,340,9,486,302,1.1368683772161603e-13,0.35804533222723206,0.99
seen,ASHP,10,lightgbm,seen_test,conformal_upper_bound,0.2,2,2400,0.0015565418970587023,0.0,0.0001667989991852336,-0.23167187312102122,9.822481335580354e-05,324.9874091977311,340,9,419,369,1.1368683772161603e-13,0.35804533222723206,0.99
seen,ASHP,10,lightgbm,seen_test,conformal_upper_bound,0.2,3,2400,0.0005795367972827729,0.0,8.415590118439505e-05,-0.8541200081198408,4.977437392568618e-05,384.3303831343969,340,9,453,335,1.1368683772161603e-13,0.35804533222723206,0.99
seen,GSHP,4,persistence,seen_test,reference_no_forecast,0.0,0,1150,0.0,0.0,0.0,0.0,0.0,0.0,156,0,0,0,0.0,0.26255564077566856,0.99
seen,GSHP,4,persistence,seen_test,median,0.05,1,1150,0.0,0.0,0.0,0.0,0.0,0.0,154,0,0,190,0.0,0.26255564077566856,0.99
seen,GSHP,4,persistence,seen_test,median,0.05,2,1150,0.0,0.0,0.0,0.0,0.0,0.0,154,0,0,190,0.0,0.26255564077566856,0.99
seen,GSHP,4,persistence,seen_test,median,0.05,3,1150,0.0,0.0,0.0,0.0,0.0,0.0,154,0,0,190,0.0,0.26255564077566856,0.99
seen,GSHP,4,persistence,seen_test,median,0.1,1,1150,0.0,0.0,0.0,0.0,0.0,0.0,154,0,0,190,0.0,0.26255564077566856,0.99
seen,GSHP,4,persistence,seen_test,median,0.1,2,1150,0.0,0.0,0.0,0.0,0.0,0.0,154,0,0,190,0.0,0.26255564077566856,0.99
seen,GSHP,4,persistence,seen_test,median,0.1,3,1150,0.0,0.0,0.0,0.0,0.0,0.0,154,0,0,190,0.0,0.26255564077566856,0.99
seen,GSHP,4,persistence,seen_test,median,0.15,1,1150,0.0,0.0,0.0,0.0,0.0,0.0,154,0,0,190,0.0,0.26255564077566856,0.99
seen,GSHP,4,persistence,seen_test,median,0.15,2,1150,0.0,0.0,0.0,0.0,0.0,0.0,154,0,0,190,0.0,0.26255564077566856,0.99
seen,GSHP,4,persistence,seen_test,median,0.15,3,1150,0.0,0.0,0.0,0.0,0.0,0.0,154,0,0,190,0.0,0.26255564077566856,0.99
seen,GSHP,4,persistence,seen_test,median,0.2,1,1150,0.0,0.0,0.0,0.0,0.0,0.0,154,0,0,190,0.0,0.26255564077566856,0.99
seen,GSHP,4,persistence,seen_test,median,0.2,2,1150,0.0,0.0,0.0,0.0,0.0,0.0,154,0,0,190,0.0,0.26255564077566856,0.99
seen,GSHP,4,persistence,seen_test,median,0.2,3,1150,0.0,0.0,0.0,0.0,0.0,0.0,154,0,0,190,0.0,0.26255564077566856,0.99
seen,GSHP,4,persistence,seen_test,conformal_upper_bound,0.05,1,1150,-0.001098417391304253,0.0,-0.0003315821420912677,-0.35044999999999993,-0.00013633227665971626,242.40114999999088,71,162,2038,9134,5.684341886080802e-14,0.26255564077566856,0.99
seen,GSHP,4,persistence,seen_test,conformal_upper_bound,0.05,2,1150,-0.0018509130434781896,0.0,-0.000677397716135247,-0.35044999999999993,-0.00021322428259291763,286.04460999999174,71,162,2224,8948,5.684341886080802e-14,0.26255564077566856,0.99
seen,GSHP,4,persistence,seen_test,conformal_upper_bound,0.05,3,1150,-0.0021690782608695,0.0,-0.0007394110626020029,-0.42545999999999173,-0.0002513208914161208,309.1968199999927,71,162,2272,8900,5.684341886080802e-14,0.26255564077566856,0.99
seen,GSHP,4,persistence,seen_test,conformal_upper_bound,0.1,1,1150,-0.002072643478260731,0.0,-0.0006781313450782495,-0.5594599999999916,-0.0002531808272151861,295.2550399999884,71,162,1725,9447,2.842170943040401e-14,0.26255564077566856,0.99
seen,GSHP,4,persistence,seen_test,conformal_upper_bound,0.1,2,1150,-0.00346730434782598,0.0,-0.0013351264580480583,-0.5594599999999916,-0.00039407729943510947,364.3315599999896,71,162,1811,9361,5.684341886080802e-14,0.26255564077566856,0.99
seen,GSHP,4,persistence,seen_test,conformal_upper_bound,0.1,3,1150,-0.0029802782608694778,0.0,-0.0010015940206199773,-0.4744599999999912,-0.0003542802375635722,391.98455999999067,71,162,1800,9372,5.684341886080802e-14,0.26255564077566856,0.99
seen,GSHP,4,persistence,seen_test,conformal_upper_bound,0.15,1,1150,-0.0024162956521737384,0.0,-0.0008073538275218299,-0.5594599999999921,-0.000300276509446042,311.0235799999877,71,162,1673,9499,2.842170943040401e-14,0.26255564077566856,0.99
seen,GSHP,4,persistence,seen_test,conformal_upper_bound,0.15,2,1150,-0.00432099999999982,0.0,-0.0016737553371049556,-0.5594599999999921,-0.0004912795487639513,395.46350999998776,71,162,1707,9465,5.684341886080802e-14,0.26255564077566856,0.99
seen,GSHP,4,persistence,seen_test,conformal_upper_bound,0.15,3,1150,-0.0035692608695651086,0.0,-0.0012021168362177906,-0.5074000000000001,-0.00043336891489932736,424.10901999998987,71,162,1624,9548,5.684341886080802e-14,0.26255564077566856,0.99
seen,GSHP,4,persistence,seen_test,conformal_upper_bound,0.2,1,1150,-0.0026182260869563323,0.0,-0.0008900620556920517,-0.5594599999999916,-0.00032555064608311076,316.09501999998724,71,162,1659,9513,2.842170943040401e-14,0.26255564077566856,0.99
seen,GSHP,4,persistence,seen_test,conformal_upper_bound,0.2,2,1150,-0.004556417391304145,0.0,-0.001770587123487633,-0.5594599999999916,-0.0005192387443555222,401.3241799999871,71,162,1693,9479,5.684341886080802e-14,0.26255564077566856,0.99
seen,GSHP,4,persistence,seen_test,conformal_upper_bound,0.2,3,1150,-0.004127008695652021,0.0,-0.0014004151424538336,-0.6124599999999916,-0.0005097022161001642,435.7419799999891,71,162,1535,9637,5.684341886080802e-14,0.26255564077566856,0.99
seen,GSHP,4,seasonal_daily,seen_test,reference_no_forecast,0.0,0,1150,0.0,0.0,0.0,0.0,0.0,0.0,156,0,0,0,0.0,0.26255564077566856,0.99
seen,GSHP,4,seasonal_daily,seen_test,median,0.05,1,1150,-1.2391304347820765e-05,0.0,-3.520696008868251e-05,-0.38225,-0.00010498766660218636,78.23169999999998,47,49,439,2,2.842170943040401e-14,0.26255564077566856,0.99
seen,GSHP,4,seasonal_daily,seen_test,median,0.05,2,1150,-0.00014360869565216978,0.0,-4.688534952323232e-05,-0.55525,-0.0001016504381218807,78.60679999999998,47,49,441,0,2.842170943040401e-14,0.26255564077566856,0.99
seen,GSHP,4,seasonal_daily,seen_test,median,0.05,3,1150,0.0008837391304347855,0.0,0.0002160210569773124,-0.55525,-4.155611417366384e-07,78.60679999999998,47,49,441,0,2.842170943040401e-14,0.26255564077566856,0.99
seen,GSHP,4,seasonal_daily,seen_test,median,0.1,1,1150,-0.0030978086956521497,0.0,-0.0009234037449952507,-0.7645,-0.0005547105261378063,154.08857999999992,47,49,439,2,5.684341886080802e-14,0.26255564077566856,0.99
seen,GSHP,4,seasonal_daily,seen_test,median,0.1,2,1150,-0.005016782608695646,0.0,-0.001367771996669587,-1.1105,-0.0007312697107967443,155.9039,47,49,441,0,5.684341886080802e-14,0.26255564077566856,0.99
seen,GSHP,4,seasonal_daily,seen_test,median,0.1,3,1150,-0.002305478260869561,0.0,-0.0006311632623075605,-1.1105,-0.00045010571979090577,155.9039,47,49,441,0,2.842170943040401e-14,0.26255564077566856,0.99
seen,GSHP,4,seasonal_daily,seen_test,median,0.15,1,1150,-0.009344417391304287,0.0,-0.002674145440412356,-1.14675,-0.0013341059331774274,229.24240999999984,47,49,436,5,2.842170943040401e-14,0.26255564077566856,0.99
seen,GSHP,4,seasonal_daily,seen_test,median,0.15,2,1150,-0.014836495652173896,0.0,-0.004024575786933384,-1.66575,-0.0018654978403585278,232.08798999999993,47,49,441,0,2.842170943040401e-14,0.26255564077566856,0.99
seen,GSHP,4,seasonal_daily,seen_test,median,0.15,3,1150,-0.010565930434782593,0.0,-0.002873884120285046,-1.66575,-0.0014651399591203878,232.04338999999993,47,49,441,0,2.842170943040401e-14,0.26255564077566856,0.99
seen,GSHP,4,seasonal_daily,seen_test,median,0.2,1,1150,-0.016193895652173825,0.0,-0.004572695281092354,-1.529,-0.0021316558242119752,300.4210399999996,47,49,436,5,5.684341886080802e-14,0.26255564077566856,0.99
seen,GSHP,4,seasonal_daily,seen_test,median,0.2,2,1150,-0.026895078260869492,0.0,-0.007350590135108251,-1.8134599999999912,-0.0032163019062476372,301.79107999999974,47,49,437,4,5.684341886080802e-14,0.26255564077566856,0.99
seen,GSHP,4,seasonal_daily,seen_test,median,0.2,3,1150,-0.020744539130434735,0.0,-0.005681050515414495,-1.8134599999999912,-0.0026481991825903113,304.42419999999976,47,49,437,4,2.842170943040401e-14,0.26255564077566856,0.99
seen,GSHP,4,seasonal_daily,seen_test,conformal_upper_bound,0.05,1,1150,0.0029685652173913834,0.0,0.0007394134037298077,-0.8378000000000005,0.00015912798517240883,834.3874599999996,0,372,4464,183,5.684341886080802e-14,0.26255564077566856,0.99
seen,GSHP,4,seasonal_daily,seen_test,conformal_upper_bound,0.05,2,1150,-0.008423347826086888,0.0,-0.002278364287841664,-0.9761500000000005,-0.0012837023833852704,875.1378399999999,0,372,4631,16,5.684341886080802e-14,0.26255564077566856,0.99
seen,GSHP,4,seasonal_daily,seen_test,conformal_upper_bound,0.05,3,1150,-0.006069469565217324,0.0,-0.0015879419231239922,-1.2064999999999992,-0.0009717918199725733,876.1203499999996,0,372,4629,18,5.684341886080802e-14,0.26255564077566856,0.99
seen,GSHP,4,seasonal_daily,seen_test,conformal_upper_bound,0.1,1,1150,-0.023735826086956315,0.0,-0.007467157175745602,-1.2554599999999905,-0.003167379733320845,1565.8090799999964,0,372,4343,304,5.684341886080802e-14,0.26255564077566856,0.99
seen,GSHP,4,seasonal_daily,seen_test,conformal_upper_bound,0.1,2,1150,-0.05040059130434747,0.0,-0.014788088914937854,-1.7404599999999926,-0.00610457657133788,1635.7462599999976,0,372,4452,195,5.684341886080802e-14,0.26255564077566856,0.99
seen,GSHP,4,seasonal_daily,seen_test,conformal_upper_bound,0.1,3,1150,-0.0392635999999996,0.0,-0.01141430423477825,-1.9444599999999914,-0.004709294502606109,1637.7356599999987,0,372,4440,207,2.842170943040401e-14,0.26255564077566856,0.99
seen,GSHP,4,seasonal_daily,seen_test,conformal_upper_bound,0.15,1,1150,-0.05862859999999963,0.0,-0.01856933312471016,-1.7644599999999917,-0.007211427655204014,2173.0202199999967,0,372,4177,470,5.684341886080802e-14,0.26255564077566856,0.99
seen,GSHP,4,seasonal_daily,seen_test,conformal_upper_bound,0.15,2,1150,-0.09078039999999932,0.0,-0.02754471036924157,-1.8204599999999926,-0.01051155006541184,2241.954569999999,0,372,4203,444,5.684341886080802e-14,0.26255564077566856,0.99
seen,GSHP,4,seasonal_daily,seen_test,conformal_upper_bound,0.15,3,1150,-0.07112935652173848,0.0,-0.021747812801521757,-1.9444599999999914,-0.008415960256287363,2229.50455,0,372,4153,494,5.684341886080802e-14,0.26255564077566856,0.99
seen,GSHP,4,seasonal_daily,seen_test,conformal_upper_bound,0.2,1,1150,-0.09341949565217332,0.0,-0.029695233686322098,-1.7908,-0.010938454247360991,2667.4807399999927,0,372,4047,600,5.684341886080802e-14,0.26255564077566856,0.99
seen,GSHP,4,seasonal_daily,seen_test,conformal_upper_bound,0.2,2,1150,-0.12007479999999912,0.0,-0.037187810078458644,-1.9444599999999914,-0.013568857682905425,2719.2628199999954,0,372,3983,664,2.842170943040401e-14,0.26255564077566856,0.99
seen,GSHP,4,seasonal_daily,seen_test,conformal_upper_bound,0.2,3,1150,-0.10656721739130358,0.0,-0.03308842118120215,-1.9444599999999923,-0.012148494277183822,2698.392559999994,0,372,3911,736,5.684341886080802e-14,0.26255564077566856,0.99
seen,GSHP,4,seasonal_weekly,seen_test,reference_no_forecast,0.0,0,1150,0.0,0.0,0.0,0.0,0.0,0.0,156,0,0,0,0.0,0.26255564077566856,0.99
seen,GSHP,4,seasonal_weekly,seen_test,median,0.05,1,1150,-0.0001449999999999992,0.0,-4.945665444083912e-05,-0.37224999999999975,-0.0001251384599810456,73.06113000000005,79,63,404,0,2.842170943040401e-14,0.26255564077566856,0.99
seen,GSHP,4,seasonal_weekly,seen_test,median,0.05,2,1150,-0.0014998260869565222,0.0,-0.0004327144744342933,-0.6960500000000005,-0.00023994640429088538,73.21380000000008,79,63,404,0,2.842170943040401e-14,0.26255564077566856,0.99
seen,GSHP,4,seasonal_weekly,seen_test,median,0.05,3,1150,-0.0016189565217391317,0.0,-0.0004301150713740398,-0.6960500000000005,-0.00024293516995227117,73.21380000000008,79,63,404,0,5.684341886080802e-14,0.26255564077566856,0.99
seen,GSHP,4,seasonal_weekly,seen_test,median,0.1,1,1150,-0.0022050608695651994,0.0,-0.000709593573807201,-0.7010999999999994,-0.0004868485244863361,143.35912000000002,79,63,404,0,2.842170943040401e-14,0.26255564077566856,0.99
seen,GSHP,4,seasonal_weekly,seen_test,median,0.1,2,1150,-0.007148295652173883,0.0,-0.0020930356241047926,-1.2084599999999908,-0.0009565724906729863,145.2297400000001,79,63,404,0,2.842170943040401e-14,0.26255564077566856,0.99
seen,GSHP,4,seasonal_weekly,seen_test,median,0.1,3,1150,-0.007076556521739101,0.0,-0.0020059685714437486,-1.2084599999999908,-0.000894801938887351,145.2297400000001,79,63,404,0,2.842170943040401e-14,0.26255564077566856,0.99
seen,GSHP,4,seasonal_weekly,seen_test,median,0.15,1,1150,-0.0053386956521738705,0.0,-0.001665236649393039,-1.0516499999999995,-0.0009468682583651175,209.3808699999999,79,63,398,6,2.842170943040401e-14,0.26255564077566856,0.99
seen,GSHP,4,seasonal_weekly,seen_test,median,0.15,2,1150,-0.014792252173913011,0.0,-0.004277030539970703,-1.5654499999999998,-0.0018449066259591232,213.62425000000007,79,63,400,4,2.842170943040401e-14,0.26255564077566856,0.99
seen,GSHP,4,seasonal_weekly,seen_test,median,0.15,3,1150,-0.013484773913043441,0.0,-0.003846196909696824,-1.5654499999999998,-0.00158981343983921,214.48623000000006,79,63,400,4,5.684341886080802e-14,0.26255564077566856,0.99
seen,GSHP,4,seasonal_weekly,seen_test,median,0.2,1,1150,-0.010081356521739084,0.0,-0.0030762803832419354,-1.2084599999999925,-0.0016094606615816385,271.1425799999999,79,63,398,6,2.842170943040401e-14,0.26255564077566856,0.99
seen,GSHP,4,seasonal_weekly,seen_test,median,0.2,2,1150,-0.022301808695652035,0.0,-0.006404181094000455,-1.7254,-0.002746905182148705,277.43384000000003,79,63,395,9,2.842170943040401e-14,0.26255564077566856,0.99
seen,GSHP,4,seasonal_weekly,seen_test,median,0.2,3,1150,-0.02029382608695641,0.0,-0.0057874542791338576,-2.0164599999999924,-0.002361379738094565,278.90644000000003,79,63,397,7,2.842170943040401e-14,0.26255564077566856,0.99
seen,GSHP,4,seasonal_weekly,seen_test,conformal_upper_bound,0.05,1,1150,-0.0027224695652172514,0.0,-0.0007063968730434177,-0.7657000000000003,-0.0005344737099021982,879.7423999999993,0,410,4735,391,5.684341886080802e-14,0.26255564077566856,0.99
seen,GSHP,4,seasonal_weekly,seen_test,conformal_upper_bound,0.05,2,1150,-0.003003921739130319,0.0,-0.0008551425499309949,-0.7964599999999913,-0.0006471322075704037,931.5971700000005,0,410,4949,177,5.684341886080802e-14,0.26255564077566856,0.99
seen,GSHP,4,seasonal_weekly,seen_test,conformal_upper_bound,0.05,3,1150,-0.0012986695652173023,0.0,-0.00034347168467944045,-0.8764599999999914,-0.0003918652785186979,942.4040500000006,0,410,4994,132,5.684341886080802e-14,0.26255564077566856,0.99
seen,GSHP,4,seasonal_weekly,seen_test,conformal_upper_bound,0.1,1,1150,-0.02854300869565186,0.0,-0.008671880581644581,-1.165459999999992,-0.0037750781020760432,1652.1654799999992,0,410,4616,510,5.684341886080802e-14,0.26255564077566856,0.99
seen,GSHP,4,seasonal_weekly,seen_test,conformal_upper_bound,0.1,2,1150,-0.03547295652173888,0.0,-0.010974432561649088,-1.4313000000000002,-0.004734395424675165,1741.5786200000002,0,410,4759,367,5.684341886080802e-14,0.26255564077566856,0.99
seen,GSHP,4,seasonal_weekly,seen_test,conformal_upper_bound,0.1,3,1150,-0.03426608695652133,0.0,-0.010672959026244476,-1.4313000000000002,-0.004488495647752376,1745.9258600000007,0,410,4747,379,5.684341886080802e-14,0.26255564077566856,0.99
seen,GSHP,4,seasonal_weekly,seen_test,conformal_upper_bound,0.15,1,1150,-0.061999547826086375,0.0,-0.019342240605815242,-1.6385000000000005,-0.00767287336061644,2298.6919199999925,0,410,4468,658,5.684341886080802e-14,0.26255564077566856,0.99
seen,GSHP,4,seasonal_weekly,seen_test,conformal_upper_bound,0.15,2,1150,-0.08264862608695586,0.0,-0.02568442209899657,-2.169459999999993,-0.009987420585405289,2388.661589999994,0,410,4522,604,5.684341886080802e-14,0.26255564077566856,0.99
seen,GSHP,4,seasonal_weekly,seen_test,conformal_upper_bound,0.15,3,1150,-0.07626186086956457,0.0,-0.023524731034247234,-2.169459999999993,-0.009217644741274211,2395.026639999997,0,410,4479,647,5.684341886080802e-14,0.26255564077566856,0.99
seen,GSHP,4,seasonal_weekly,seen_test,conformal_upper_bound,0.2,1,1150,-0.09920843478260785,0.0,-0.03146087822351582,-2.169459999999992,-0.011664428553487162,2823.2533999999923,0,410,4343,783,5.684341886080802e-14,0.26255564077566856,0.99
seen,GSHP,4,seasonal_weekly,seen_test,conformal_upper_bound,0.2,2,1150,-0.1221098260869556,0.0,-0.03821544772075453,-2.169459999999992,-0.01409954037975907,2896.9344599999954,0,410,4309,817,2.842170943040401e-14,0.26255564077566856,0.99
seen,GSHP,4,seasonal_weekly,seen_test,conformal_upper_bound,0.2,3,1150,-0.11234676521739034,0.0,-0.03473962865667639,-2.169459999999992,-0.01309035754321737,2905.6003199999973,0,410,4239,887,5.684341886080802e-14,0.26255564077566856,0.99
seen,GSHP,4,elastic_net,seen_test,reference_no_forecast,0.0,0,1150,0.0,0.0,0.0,0.0,0.0,0.0,156,0,0,0,0.0,0.26255564077566856,0.99
seen,GSHP,4,elastic_net,seen_test,median,0.05,1,1150,0.0,0.0,0.0,0.0,0.0,0.0,156,0,0,0,0.0,0.26255564077566856,0.99
seen,GSHP,4,elastic_net,seen_test,median,0.05,2,1150,0.0,0.0,0.0,0.0,0.0,0.0,156,0,0,0,0.0,0.26255564077566856,0.99
seen,GSHP,4,elastic_net,seen_test,median,0.05,3,1150,0.0,0.0,0.0,0.0,0.0,0.0,156,0,0,0,0.0,0.26255564077566856,0.99
seen,GSHP,4,elastic_net,seen_test,median,0.1,1,1150,0.0,0.0,0.0,0.0,0.0,0.0,156,0,0,0,0.0,0.26255564077566856,0.99
seen,GSHP,4,elastic_net,seen_test,median,0.1,2,1150,0.0,0.0,0.0,0.0,0.0,0.0,156,0,0,0,0.0,0.26255564077566856,0.99
seen,GSHP,4,elastic_net,seen_test,median,0.1,3,1150,0.0,0.0,0.0,0.0,0.0,0.0,156,0,0,0,0.0,0.26255564077566856,0.99
seen,GSHP,4,elastic_net,seen_test,median,0.15,1,1150,0.0,0.0,0.0,0.0,0.0,0.0,156,0,0,0,0.0,0.26255564077566856,0.99
seen,GSHP,4,elastic_net,seen_test,median,0.15,2,1150,0.0,0.0,0.0,0.0,0.0,0.0,156,0,0,0,0.0,0.26255564077566856,0.99
seen,GSHP,4,elastic_net,seen_test,median,0.15,3,1150,0.0,0.0,0.0,0.0,0.0,0.0,156,0,0,0,0.0,0.26255564077566856,0.99
seen,GSHP,4,elastic_net,seen_test,median,0.2,1,1150,0.0,0.0,0.0,0.0,0.0,0.0,156,0,0,0,0.0,0.26255564077566856,0.99
seen,GSHP,4,elastic_net,seen_test,median,0.2,2,1150,0.0,0.0,0.0,0.0,0.0,0.0,156,0,0,0,0.0,0.26255564077566856,0.99
seen,GSHP,4,elastic_net,seen_test,median,0.2,3,1150,0.0,0.0,0.0,0.0,0.0,0.0,156,0,0,0,0.0,0.26255564077566856,0.99
seen,GSHP,4,elastic_net,seen_test,conformal_upper_bound,0.05,1,1150,-0.0002684442142461527,0.0,-7.121069361651934e-05,-0.22376804794626937,-3.753912673257377e-05,18.291662214260544,123,3,116,18,2.842170943040401e-14,0.26255564077566856,0.99
seen,GSHP,4,elastic_net,seen_test,conformal_upper_bound,0.05,2,1150,-0.00015230199177725877,0.0,-3.753642841445567e-05,-0.14555624702776626,-1.931030443811126e-05,19.00580579512408,123,3,118,16,2.842170943040401e-14,0.26255564077566856,0.99
seen,GSHP,4,elastic_net,seen_test,conformal_upper_bound,0.05,3,1150,-0.00028728735688431225,0.0,-7.302043309135521e-05,-0.20160690559062733,-3.8613225008693126e-05,21.159456559218246,123,3,126,8,2.842170943040401e-14,0.26255564077566856,0.99
seen,GSHP,4,elastic_net,seen_test,conformal_upper_bound,0.1,1,1150,-0.0005511165965770004,0.0,-0.00014535757540810944,-0.27713220687832507,-7.529257762811263e-05,25.896336401623774,123,3,96,38,2.842170943040401e-14,0.26255564077566856,0.99
seen,GSHP,4,elastic_net,seen_test,conformal_upper_bound,0.1,2,1150,-0.0005254836271075917,0.0,-0.0001342762389207662,-0.20418208703216312,-6.607919620646301e-05,27.77926878485143,123,3,99,35,2.842170943040401e-14,0.26255564077566856,0.99
seen,GSHP,4,elastic_net,seen_test,conformal_upper_bound,0.1,3,1150,-0.0006753002783309834,0.0,-0.00017440089626669797,-0.3699024963112567,-8.99009385670979e-05,34.13186183202868,123,3,114,20,2.842170943040401e-14,0.26255564077566856,0.99
seen,GSHP,4,elastic_net,seen_test,conformal_upper_bound,0.15,1,1150,-0.0006086754347640398,0.0,-0.00016026450401672348,-0.27713220687832507,-8.286324463221678e-05,29.434955638375474,123,3,82,52,2.842170943040401e-14,0.26255564077566856,0.99
seen,GSHP,4,elastic_net,seen_test,conformal_upper_bound,0.15,2,1150,-0.0009459775344082072,0.0,-0.00024621359098918593,-0.378773130548244,-0.00011947738340742707,33.24817771809994,123,3,80,54,2.842170943040401e-14,0.26255564077566856,0.99
seen,GSHP,4,elastic_net,seen_test,conformal_upper_bound,0.15,3,1150,-0.0008246168020258932,0.0,-0.00021183296538048832,-0.3699024963112567,-0.00010911995581444029,41.714711723283976,123,3,100,34,2.842170943040401e-14,0.26255564077566856,0.99
seen,GSHP,4,elastic_net,seen_test,conformal_upper_bound,0.2,1,1150,-0.0006086754347640398,0.0,-0.00016026450401672348,-0.27713220687832507,-8.286324463221678e-05,29.56131244825279,123,3,82,52,2.842170943040401e-14,0.26255564077566856,0.99
seen,GSHP,4,elastic_net,seen_test,conformal_upper_bound,0.2,2,1150,-0.0011775307855542267,0.0,-0.00030913113294821155,-0.38042742410525854,-0.00015253010633826939,35.046465987950334,123,3,79,55,2.842170943040401e-14,0.26255564077566856,0.99
seen,GSHP,4,elastic_net,seen_test,conformal_upper_bound,0.2,3,1150,-0.0009603660605767248,0.0,-0.00024586386499212825,-0.4642536540808946,-0.0001253064334587575,45.361277671113186,123,3,90,44,2.842170943040401e-14,0.26255564077566856,0.99
seen,GSHP,4,lightgbm,seen_test,reference_no_forecast,0.0,0,1150,0.0,0.0,0.0,0.0,0.0,0.0,156,0,0,0,0.0,0.26255564077566856,0.99
seen,GSHP,4,lightgbm,seen_test,median,0.05,1,1150,0.0,0.0,0.0,0.0,0.0,0.0,156,0,0,0,0.0,0.26255564077566856,0.99
seen,GSHP,4,lightgbm,seen_test,median,0.05,2,1150,0.0,0.0,0.0,0.0,0.0,0.0,156,0,0,0,0.0,0.26255564077566856,0.99
seen,GSHP,4,lightgbm,seen_test,median,0.05,3,1150,0.0,0.0,0.0,0.0,0.0,0.0,156,0,0,0,0.0,0.26255564077566856,0.99
seen,GSHP,4,lightgbm,seen_test,median,0.1,1,1150,0.0,0.0,0.0,0.0,0.0,0.0,156,0,0,0,0.0,0.26255564077566856,0.99
seen,GSHP,4,lightgbm,seen_test,median,0.1,2,1150,0.0,0.0,0.0,0.0,0.0,0.0,156,0,0,0,0.0,0.26255564077566856,0.99
seen,GSHP,4,lightgbm,seen_test,median,0.1,3,1150,0.0,0.0,0.0,0.0,0.0,0.0,156,0,0,0,0.0,0.26255564077566856,0.99
seen,GSHP,4,lightgbm,seen_test,median,0.15,1,1150,0.0,0.0,0.0,0.0,0.0,0.0,156,0,0,0,0.0,0.26255564077566856,0.99
seen,GSHP,4,lightgbm,seen_test,median,0.15,2,1150,0.0,0.0,0.0,0.0,0.0,0.0,156,0,0,0,0.0,0.26255564077566856,0.99
seen,GSHP,4,lightgbm,seen_test,median,0.15,3,1150,0.0,0.0,0.0,0.0,0.0,0.0,156,0,0,0,0.0,0.26255564077566856,0.99
seen,GSHP,4,lightgbm,seen_test,median,0.2,1,1150,0.0,0.0,0.0,0.0,0.0,0.0,156,0,0,0,0.0,0.26255564077566856,0.99
seen,GSHP,4,lightgbm,seen_test,median,0.2,2,1150,0.0,0.0,0.0,0.0,0.0,0.0,156,0,0,0,0.0,0.26255564077566856,0.99
seen,GSHP,4,lightgbm,seen_test,median,0.2,3,1150,0.0,0.0,0.0,0.0,0.0,0.0,156,0,0,0,0.0,0.26255564077566856,0.99
seen,GSHP,4,lightgbm,seen_test,conformal_upper_bound,0.05,1,1150,-9.824510316628353e-05,0.0,-3.064135251364944e-05,-0.07780276886811155,-1.5065298893126094e-05,33.575551528475934,108,15,244,95,2.842170943040401e-14,0.26255564077566856,0.99
seen,GSHP,4,lightgbm,seen_test,conformal_upper_bound,0.05,2,1150,-0.001668636208746314,0.0,-0.00046346326934312425,-0.3491477074197986,-0.00022032331814779869,46.2027397446906,108,15,300,39,2.842170943040401e-14,0.26255564077566856,0.99
seen,GSHP,4,lightgbm,seen_test,conformal_upper_bound,0.05,3,1150,-0.0031512116352520373,0.0,-0.0008566829387353572,-0.44043773240975526,-0.0004250021719503425,53.484993034571964,108,15,322,17,2.842170943040401e-14,0.26255564077566856,0.99
seen,GSHP,4,lightgbm,seen_test,conformal_upper_bound,0.1,1,1150,-0.000260016859140674,0.0,-7.90732506563393e-05,-0.16035978846776366,-4.1163981506354936e-05,43.873454610851034,108,15,197,142,2.842170943040401e-14,0.26255564077566856,0.99
seen,GSHP,4,lightgbm,seen_test,conformal_upper_bound,0.1,2,1150,-0.0030614663766303403,0.0,-0.0008535555353281091,-0.4810978888175783,-0.00040177521269786507,64.12882894527488,108,15,244,95,2.842170943040401e-14,0.26255564077566856,0.99
seen,GSHP,4,lightgbm,seen_test,conformal_upper_bound,0.1,3,1150,-0.0058385199735039575,0.0,-0.0016180039594471144,-0.6153612510287898,-0.0007832648094982568,81.30265823121412,108,15,273,66,2.842170943040401e-14,0.26255564077566856,0.99
seen,GSHP,4,lightgbm,seen_test,conformal_upper_bound,0.15,1,1150,-0.00029972493777319327,0.0,-9.153014370616336e-05,-0.16035978846776366,-4.7757066421700466e-05,46.33251839555318,108,15,189,150,2.842170943040401e-14,0.26255564077566856,0.99
seen,GSHP,4,lightgbm,seen_test,conformal_upper_bound,0.15,2,1150,-0.0037846019073715714,0.0,-0.0010649718875377224,-0.5053983406340437,-0.0004993038004394016,71.43582430231534,108,15,219,120,2.842170943040401e-14,0.26255564077566856,0.99
seen,GSHP,4,lightgbm,seen_test,conformal_upper_bound,0.15,3,1150,-0.007551003041834365,0.0,-0.0021176697259080446,-0.6153612510287898,-0.0010138228673937865,96.44183466098353,108,15,238,101,2.842170943040401e-14,0.26255564077566856,0.99
seen,GSHP,4,lightgbm,seen_test,conformal_upper_bound,0.2,1,1150,-0.00029972493777319327,0.0,-9.153014370616336e-05,-0.16035978846776366,-4.7757066421700466e-05,46.33251839555318,108,15,189,150,2.842170943040401e-14,0.26255564077566856,0.99
seen,GSHP,4,lightgbm,seen_test,conformal_upper_bound,0.2,2,1150,-0.0038545595977143065,0.0,-0.0010865201001741124,-0.5178033888917422,-0.0005086189280295319,72.28918948615008,108,15,217,122,2.842170943040401e-14,0.26255564077566856,0.99
seen,GSHP,4,lightgbm,seen_test,conformal_upper_bound,0.2,3,1150,-0.008993965102818075,0.0,-0.0025378329082350664,-0.7018569637331522,-0.0011986504287470662,105.25775392675109,108,15,220,119,2.842170943040401e-14,0.26255564077566856,0.99
seen,GSHP,5,persistence,seen_test,reference_no_forecast,0.0,0,284,0.0,0.0,0.0,0.0,0.0,0.0,75,0,0,0,0.0,0.22193947902327368,0.99
seen,GSHP,5,persistence,seen_test,median,0.05,1,284,0.0,0.0,0.0,0.0,0.0,0.0,75,0,0,0,0.0,0.22193947902327368,0.99
seen,GSHP,5,persistence,seen_test,median,0.05,2,284,0.0,0.0,0.0,0.0,0.0,0.0,75,0,0,0,0.0,0.22193947902327368,0.99
seen,GSHP,5,persistence,seen_test,median,0.05,3,284,0.0,0.0,0.0,0.0,0.0,0.0,75,0,0,0,0.0,0.22193947902327368,0.99
seen,GSHP,5,persistence,seen_test,median,0.1,1,284,0.0,0.0,0.0,0.0,0.0,0.0,75,0,0,0,0.0,0.22193947902327368,0.99
seen,GSHP,5,persistence,seen_test,median,0.1,2,284,0.0,0.0,0.0,0.0,0.0,0.0,75,0,0,0,0.0,0.22193947902327368,0.99
seen,GSHP,5,persistence,seen_test,median,0.1,3,284,0.0,0.0,0.0,0.0,0.0,0.0,75,0,0,0,0.0,0.22193947902327368,0.99
seen,GSHP,5,persistence,seen_test,median,0.15,1,284,0.0,0.0,0.0,0.0,0.0,0.0,75,0,0,0,0.0,0.22193947902327368,0.99
seen,GSHP,5,persistence,seen_test,median,0.15,2,284,0.0,0.0,0.0,0.0,0.0,0.0,75,0,0,0,0.0,0.22193947902327368,0.99
seen,GSHP,5,persistence,seen_test,median,0.15,3,284,0.0,0.0,0.0,0.0,0.0,0.0,75,0,0,0,0.0,0.22193947902327368,0.99
seen,GSHP,5,persistence,seen_test,median,0.2,1,284,0.0,0.0,0.0,0.0,0.0,0.0,75,0,0,0,0.0,0.22193947902327368,0.99
seen,GSHP,5,persistence,seen_test,median,0.2,2,284,0.0,0.0,0.0,0.0,0.0,0.0,75,0,0,0,0.0,0.22193947902327368,0.99
seen,GSHP,5,persistence,seen_test,median,0.2,3,284,0.0,0.0,0.0,0.0,0.0,0.0,75,0,0,0,0.0,0.22193947902327368,0.99
seen,GSHP,5,persistence,seen_test,conformal_upper_bound,0.05,1,284,-0.0008378521126760552,0.0,-0.0003398021695796952,-0.34399999999999986,-0.00013277531233988683,78.94614999999999,46,21,553,944,5.684341886080802e-14,0.22193947902327368,0.99
seen,GSHP,5,persistence,seen_test,conformal_upper_bound,0.05,2,284,0.0021623239436619735,0.0,0.0005776048853031683,-0.34399999999999986,0.0002122661043196602,100.89620000000001,46,21,632,865,2.842170943040401e-14,0.22193947902327368,0.99
seen,GSHP,5,persistence,seen_test,conformal_upper_bound,0.05,3,284,0.001440845070422536,0.0,0.00034015496451875405,-0.18164999999999987,0.00014333144927124468,90.96705000000003,46,21,561,936,2.842170943040401e-14,0.22193947902327368,0.99
seen,GSHP,5,persistence,seen_test,conformal_upper_bound,0.1,1,284,-0.0015499999999999982,0.0,-0.0005585930616180767,-0.3641000000000001,-0.00020546169023973694,114.30280000000005,46,21,516,981,5.684341886080802e-14,0.22193947902327368,0.99
seen,GSHP,5,persistence,seen_test,conformal_upper_bound,0.1,2,284,0.00287887323943662,0.0,0.000796315183293361,-0.35719999999999974,0.00031304074752469546,149.45350000000005,46,21,553,944,2.842170943040401e-14,0.22193947902327368,0.99
seen,GSHP,5,persistence,seen_test,conformal_upper_bound,0.1,3,284,0.0015838028169014092,0.0,0.00034758501416645206,-0.35719999999999974,0.00017827663534582827,125.49310000000004,46,21,449,1048,5.684341886080802e-14,0.22193947902327368,0.99
seen,GSHP,5,persistence,seen_test,conformal_upper_bound,0.15,1,284,-0.0017191901408450682,0.0,-0.0006212257147161586,-0.5030000000000001,-0.00020012858403151926,129.23735000000002,46,21,490,1007,5.684341886080802e-14,0.22193947902327368,0.99
seen,GSHP,5,persistence,seen_test,conformal_upper_bound,0.15,2,284,0.002393838028169014,0.0,0.0006720875754585214,-0.3700000000000001,0.0002602979464848757,180.12235000000004,46,21,512,985,2.842170943040401e-14,0.22193947902327368,0.99
seen,GSHP,5,persistence,seen_test,conformal_upper_bound,0.15,3,284,0.002073591549295774,0.0,0.0004791447197341002,-0.3700000000000001,0.0002475206718739527,143.10185,46,21,396,1101,5.684341886080802e-14,0.22193947902327368,0.99
seen,GSHP,5,persistence,seen_test,conformal_upper_bound,0.2,1,284,-0.0018450704225352129,0.0,-0.0006636235358435645,-0.5030000000000001,-0.00020678097302003496,134.83820000000006,46,21,484,1013,5.684341886080802e-14,0.22193947902327368,0.99
seen,GSHP,5,persistence,seen_test,conformal_upper_bound,0.2,2,284,0.0017669014084507036,0.0,0.0005003711635937416,-0.3700000000000001,0.00019036202383850028,199.0370000000001,46,21,488,1009,2.842170943040401e-14,0.22193947902327368,0.99
seen,GSHP,5,persistence,seen_test,conformal_upper_bound,0.2,3,284,0.0012176056338028174,0.0,0.00021840469182525329,-0.3700000000000001,0.00012101046843361939,151.4224,46,21,370,1127,5.684341886080802e-14,0.22193947902327368,0.99
seen,GSHP,5,seasonal_daily,seen_test,reference_no_forecast,0.0,0,284,0.0,0.0,0.0,0.0,0.0,0.0,75,0,0,0,0.0,0.22193947902327368,0.99
seen,GSHP,5,seasonal_daily,seen_test,median,0.05,1,284,0.009628697183098606,0.0,0.0028082611666893744,-0.38795,0.00012629869101945962,24.243799999999997,21,12,127,0,2.842170943040401e-14,0.22193947902327368,0.99
seen,GSHP,5,seasonal_daily,seen_test,median,0.05,2,284,0.011765140845070436,0.0,0.0032885416794176813,-0.38795,0.00036421797119646284,24.243799999999997,21,12,127,0,2.842170943040401e-14,0.22193947902327368,0.99
seen,GSHP,5,seasonal_daily,seen_test,median,0.05,3,284,0.014639260563380297,0.0,0.004058570081076715,-0.38795,0.0006824059608898491,24.243799999999997,21,12,127,0,2.842170943040401e-14,0.22193947902327368,0.99
seen,GSHP,5,seasonal_daily,seen_test,median,0.1,1,284,0.007800704225352123,0.0,0.002400831426784798,-0.7759,-0.00010008821886304246,47.451799999999984,21,12,127,0,2.842170943040401e-14,0.22193947902327368,0.99
seen,GSHP,5,seasonal_daily,seen_test,median,0.1,2,284,0.008325704225352119,0.0,0.002437022057531864,-0.7759,-5.987629707677025e-05,48.285599999999995,21,12,127,0,2.842170943040401e-14,0.22193947902327368,0.99
seen,GSHP,5,seasonal_daily,seen_test,median,0.1,3,284,0.013971126760563392,0.0,0.00395057575620053,-0.7759,0.0004749047509117152,48.285599999999995,21,12,127,0,2.842170943040401e-14,0.22193947902327368,0.99
seen,GSHP,5,seasonal_daily,seen_test,median,0.15,1,284,0.0003955985915493058,0.0,0.0005172419735139054,-1.16385,-0.0009645478666523949,69.65259999999999,21,12,124,3,2.842170943040401e-14,0.22193947902327368,0.99
seen,GSHP,5,seasonal_daily,seen_test,median,0.15,2,284,-0.002048943661971828,0.0,-0.0002398277725028328,-1.16385,-0.0013984663790131656,71.2661,21,12,126,1,2.842170943040401e-14,0.22193947902327368,0.99
seen,GSHP,5,seasonal_daily,seen_test,median,0.15,3,284,0.007000176056338031,0.0,0.002177216390523639,-1.16385,-0.0005747684119236581,71.2661,21,12,126,1,2.842170943040401e-14,0.22193947902327368,0.99
seen,GSHP,5,seasonal_daily,seen_test,median,0.2,1,284,-0.00846901408450704,0.0,-0.0016946948799548428,-1.5518,-0.0017688257858477535,90.20979999999999,21,12,124,3,2.842170943040401e-14,0.22193947902327368,0.99
seen,GSHP,5,seasonal_daily,seen_test,median,0.2,2,284,-0.011565492957746474,0.0,-0.0026412339759953433,-1.5518,-0.002319719543365195,92.8342,21,12,126,1,2.842170943040401e-14,0.22193947902327368,0.99
seen,GSHP,5,seasonal_daily,seen_test,median,0.2,3,284,0.0013598591549295919,0.0,0.0008056469645620901,-1.5518,-0.00119612043266275,92.8342,21,12,126,1,2.842170943040401e-14,0.22193947902327368,0.99
seen,GSHP,5,seasonal_daily,seen_test,conformal_upper_bound,0.05,1,284,0.030248239436619712,0.0,0.008942813078452414,-0.6484000000000005,0.0012315558584230502,139.74104999999997,6,70,716,31,2.842170943040401e-14,0.22193947902327368,0.99
seen,GSHP,5,seasonal_daily,seen_test,conformal_upper_bound,0.05,2,284,0.031264436619718304,0.0,0.00922810934356876,-0.8375500000000002,0.0013580276946863299,146.65234999999998,6,70,744,3,2.842170943040401e-14,0.22193947902327368,0.99
seen,GSHP,5,seasonal_daily,seen_test,conformal_upper_bound,0.05,3,284,0.0321818661971831,0.0,0.009531165105127089,-0.8970000000000002,0.0014221946380017785,145.73549999999997,6,70,739,8,2.842170943040401e-14,0.22193947902327368,0.99
seen,GSHP,5,seasonal_daily,seen_test,conformal_upper_bound,0.1,1,284,0.0393218309859155,0.0,0.011741009204772437,-1.2967999999999993,0.0003882090816908701,266.51269999999994,6,70,705,42,2.842170943040401e-14,0.22193947902327368,0.99
seen,GSHP,5,seasonal_daily,seen_test,conformal_upper_bound,0.1,2,284,0.0361281690140845,0.0,0.011049826501641576,-1.4500000000000002,0.00010952268582835225,279.12389999999994,6,70,721,26,2.842170943040401e-14,0.22193947902327368,0.99
seen,GSHP,5,seasonal_daily,seen_test,conformal_upper_bound,0.1,3,284,0.04673591549295773,0.0,0.013799312461350348,-1.4500000000000002,0.0010685883747079722,272.12300000000005,6,70,710,37,2.842170943040401e-14,0.22193947902327368,0.99
seen,GSHP,5,seasonal_daily,seen_test,conformal_upper_bound,0.15,1,284,0.03882746478873237,0.0,0.01145520830317045,-1.5670000000000006,-0.0009518967445840312,375.68355,6,70,686,61,2.842170943040401e-14,0.22193947902327368,0.99
seen,GSHP,5,seasonal_daily,seen_test,conformal_upper_bound,0.15,2,284,0.01917940140845071,0.0,0.0060730379832688135,-1.5670000000000006,-0.003277760370483637,386.51179999999994,6,70,684,63,5.684341886080802e-14,0.22193947902327368,0.99
seen,GSHP,5,seasonal_daily,seen_test,conformal_upper_bound,0.15,3,284,0.05283573943661969,0.0,0.015161061047287037,-1.5670000000000006,-0.00019756630822805767,366.51930000000004,6,70,653,94,2.842170943040401e-14,0.22193947902327368,0.99
seen,GSHP,5,seasonal_daily,seen_test,conformal_upper_bound,0.2,1,284,0.029878169014084483,0.0,0.008566129551930155,-1.5670000000000015,-0.0027190169618095377,465.5064,6,70,668,79,2.842170943040401e-14,0.22193947902327368,0.99
seen,GSHP,5,seasonal_daily,seen_test,conformal_upper_bound,0.2,2,284,-0.006781690140845076,0.0,-0.001639440800843731,-1.5670000000000015,-0.005549943299409836,468.8522000000001,6,70,651,96,2.842170943040401e-14,0.22193947902327368,0.99
seen,GSHP,5,seasonal_daily,seen_test,conformal_upper_bound,0.2,3,284,0.03267746478873236,0.0,0.009190227216128947,-1.5670000000000015,-0.002325683936083828,444.9094000000001,6,70,608,139,2.842170943040401e-14,0.22193947902327368,0.99
seen,GSHP,5,seasonal_weekly,seen_test,reference_no_forecast,0.0,0,284,0.0,0.0,0.0,0.0,0.0,0.0,75,0,0,0,0.0,0.22193947902327368,0.99
seen,GSHP,5,seasonal_weekly,seen_test,median,0.05,1,284,0.012200528169014088,0.0,0.003416508612368103,-0.6145500000000004,0.00030689482186489503,23.576799999999988,25,23,126,1,2.842170943040401e-14,0.22193947902327368,0.99
seen,GSHP,5,seasonal_weekly,seen_test,median,0.05,2,284,0.011542957746478876,0.0,0.0032240677512222985,-0.8013000000000003,0.0002534841582394085,23.576799999999988,25,23,126,1,2.842170943040401e-14,0.22193947902327368,0.99
seen,GSHP,5,seasonal_weekly,seen_test,median,0.05,3,284,0.013111619718309866,0.0,0.003714888142909091,-0.8013000000000003,0.0004677502996656412,23.576799999999988,25,23,126,1,2.842170943040401e-14,0.22193947902327368,0.99
seen,GSHP,5,seasonal_weekly,seen_test,median,0.1,1,284,0.010462323943661986,0.0,0.0027711099082912147,-1.2290999999999999,-0.00020295115743599432,46.61959999999998,25,23,126,1,2.842170943040401e-14,0.22193947902327368,0.99
seen,GSHP,5,seasonal_weekly,seen_test,median,0.1,2,284,0.00558098591549297,0.0,0.00148567334178279,-1.6025999999999998,-0.0007826474786170484,47.07259999999997,25,23,126,1,2.842170943040401e-14,0.22193947902327368,0.99
seen,GSHP,5,seasonal_weekly,seen_test,median,0.1,3,284,0.011264084507042268,0.0,0.0032638643904527843,-1.6025999999999998,-8.735703953605357e-05,47.07259999999997,25,23,126,1,2.842170943040401e-14,0.22193947902327368,0.99
seen,GSHP,5,seasonal_weekly,seen_test,median,0.15,1,284,0.007164436619718321,0.0,0.0017262864505965467,-1.8436499999999993,-0.0007942786138956718,68.49834999999997,25,23,126,1,2.842170943040401e-14,0.22193947902327368,0.99
seen,GSHP,5,seasonal_weekly,seen_test,median,0.15,2,284,-0.003868838028169017,0.0,-0.0011589182707254305,-2.4038999999999993,-0.0020293709329941225,69.73764999999997,25,23,126,1,2.842170943040401e-14,0.22193947902327368,0.99
seen,GSHP,5,seasonal_weekly,seen_test,median,0.15,3,284,0.005110035211267608,0.0,0.0015928993024814687,-2.4038999999999993,-0.0010208073400165508,70.07984999999998,25,23,126,1,2.842170943040401e-14,0.22193947902327368,0.99
seen,GSHP,5,seasonal_weekly,seen_test,median,0.2,1,284,0.006186619718309873,0.0,0.0014320313294315685,-2.407,-0.0011375256362068547,87.74259999999997,25,23,125,2,2.842170943040401e-14,0.22193947902327368,0.99
seen,GSHP,5,seasonal_weekly,seen_test,median,0.2,2,284,-0.006759859154929573,0.0,-0.0018804695925593448,-2.407,-0.0026327456925594587,89.28759999999998,25,23,124,3,2.842170943040401e-14,0.22193947902327368,0.99
seen,GSHP,5,seasonal_weekly,seen_test,median,0.2,3,284,0.002677464788732406,0.0,0.0010108064875052989,-2.407,-0.0016091637264246618,89.63019999999997,25,23,124,3,2.842170943040401e-14,0.22193947902327368,0.99
seen,GSHP,5,seasonal_weekly,seen_test,conformal_upper_bound,0.05,1,284,0.03831830985915492,0.0,0.01106218315407145,-0.73325,0.002471197341163144,131.10265000000007,0,63,678,89,5.684341886080802e-14,0.22193947902327368,0.99
seen,GSHP,5,seasonal_weekly,seen_test,conformal_upper_bound,0.05,2,284,0.033212323943661956,0.0,0.009789250475666533,-1.1399999999999997,0.0018366033140334095,138.72925000000004,0,63,711,56,5.684341886080802e-14,0.22193947902327368,0.99
seen,GSHP,5,seasonal_weekly,seen_test,conformal_upper_bound,0.05,3,284,0.03243591549295774,0.0,0.00957152444775472,-1.1399999999999997,0.0017313633588470943,140.64960000000002,0,63,719,48,2.842170943040401e-14,0.22193947902327368,0.99
seen,GSHP,5,seasonal_weekly,seen_test,conformal_upper_bound,0.1,1,284,0.06185880281690139,0.0,0.017954987180161436,-1.4665000000000008,0.0034152507832367206,245.83710000000008,0,63,656,111,2.842170943040401e-14,0.22193947902327368,0.99
seen,GSHP,5,seasonal_weekly,seen_test,conformal_upper_bound,0.1,2,284,0.05266936619718307,0.0,0.015295740290647423,-1.6840000000000002,0.0019933963120817456,250.1020000000001,0,63,655,112,2.842170943040401e-14,0.22193947902327368,0.99
seen,GSHP,5,seasonal_weekly,seen_test,conformal_upper_bound,0.1,3,284,0.054568309859154916,0.0,0.016053443727265044,-1.6840000000000002,0.0024893883135841586,252.59290000000004,0,63,654,113,2.842170943040401e-14,0.22193947902327368,0.99
seen,GSHP,5,seasonal_weekly,seen_test,conformal_upper_bound,0.15,1,284,0.06340933098591549,0.0,0.018294998386513463,-1.6840000000000002,0.0017666761609164874,343.8214,0,63,637,130,2.842170943040401e-14,0.22193947902327368,0.99
seen,GSHP,5,seasonal_weekly,seen_test,conformal_upper_bound,0.15,2,284,0.05585933098591549,0.0,0.015579046146377968,-1.6840000000000002,0.0007825451460180152,339.2662500000001,0,63,609,158,2.842170943040401e-14,0.22193947902327368,0.99
seen,GSHP,5,seasonal_weekly,seen_test,conformal_upper_bound,0.15,3,284,0.06556461267605633,0.0,0.01861268643010422,-1.6840000000000002,0.0016493007916221253,344.05449999999996,0,63,607,160,2.842170943040401e-14,0.22193947902327368,0.99
seen,GSHP,5,seasonal_weekly,seen_test,conformal_upper_bound,0.2,1,284,0.04345774647887321,0.0,0.01191193600926123,-1.6840000000000002,-0.0011867649650949615,427.83020000000005,0,63,615,152,2.842170943040401e-14,0.22193947902327368,0.99
seen,GSHP,5,seasonal_weekly,seen_test,conformal_upper_bound,0.2,2,284,0.03583169014084502,0.0,0.009239447607555119,-1.6840000000000002,-0.002321276444371784,408.68580000000014,0,63,575,192,2.842170943040401e-14,0.22193947902327368,0.99
seen,GSHP,5,seasonal_weekly,seen_test,conformal_upper_bound,0.2,3,284,0.05900211267605631,0.0,0.015792593521267786,-1.6840000000000002,-0.0011132445115395204,418.79580000000016,0,63,583,184,2.842170943040401e-14,0.22193947902327368,0.99
seen,GSHP,5,elastic_net,seen_test,reference_no_forecast,0.0,0,284,0.0,0.0,0.0,0.0,0.0,0.0,75,0,0,0,0.0,0.22193947902327368,0.99
seen,GSHP,5,elastic_net,seen_test,median,0.05,1,284,0.0,0.0,0.0,0.0,0.0,0.0,75,0,0,0,0.0,0.22193947902327368,0.99
seen,GSHP,5,elastic_net,seen_test,median,0.05,2,284,0.0,0.0,0.0,0.0,0.0,0.0,75,0,0,0,0.0,0.22193947902327368,0.99
seen,GSHP,5,elastic_net,seen_test,median,0.05,3,284,0.0,0.0,0.0,0.0,0.0,0.0,75,0,0,0,0.0,0.22193947902327368,0.99
seen,GSHP,5,elastic_net,seen_test,median,0.1,1,284,0.0,0.0,0.0,0.0,0.0,0.0,75,0,0,0,0.0,0.22193947902327368,0.99
seen,GSHP,5,elastic_net,seen_test,median,0.1,2,284,0.0,0.0,0.0,0.0,0.0,0.0,75,0,0,0,0.0,0.22193947902327368,0.99
seen,GSHP,5,elastic_net,seen_test,median,0.1,3,284,0.0,0.0,0.0,0.0,0.0,0.0,75,0,0,0,0.0,0.22193947902327368,0.99
seen,GSHP,5,elastic_net,seen_test,median,0.15,1,284,0.0,0.0,0.0,0.0,0.0,0.0,75,0,0,0,0.0,0.22193947902327368,0.99
seen,GSHP,5,elastic_net,seen_test,median,0.15,2,284,0.0,0.0,0.0,0.0,0.0,0.0,75,0,0,0,0.0,0.22193947902327368,0.99
seen,GSHP,5,elastic_net,seen_test,median,0.15,3,284,0.0,0.0,0.0,0.0,0.0,0.0,75,0,0,0,0.0,0.22193947902327368,0.99
seen,GSHP,5,elastic_net,seen_test,median,0.2,1,284,0.0,0.0,0.0,0.0,0.0,0.0,75,0,0,0,0.0,0.22193947902327368,0.99
seen,GSHP,5,elastic_net,seen_test,median,0.2,2,284,0.0,0.0,0.0,0.0,0.0,0.0,75,0,0,0,0.0,0.22193947902327368,0.99
seen,GSHP,5,elastic_net,seen_test,median,0.2,3,284,0.0,0.0,0.0,0.0,0.0,0.0,75,0,0,0,0.0,0.22193947902327368,0.99
seen,GSHP,5,elastic_net,seen_test,conformal_upper_bound,0.05,1,284,0.0,0.0,0.0,0.0,0.0,16.915765738078182,58,0,98,6,2.842170943040401e-14,0.22193947902327368,0.99
seen,GSHP,5,elastic_net,seen_test,conformal_upper_bound,0.05,2,284,0.0,0.0,0.0,0.0,0.0,18.425834524577475,58,0,101,3,2.842170943040401e-14,0.22193947902327368,0.99
seen,GSHP,5,elastic_net,seen_test,conformal_upper_bound,0.05,3,284,0.0,0.0,0.0,0.0,0.0,18.971578173913482,58,0,103,1,2.842170943040401e-14,0.22193947902327368,0.99
seen,GSHP,5,elastic_net,seen_test,conformal_upper_bound,0.1,1,284,0.0,0.0,0.0,0.0,0.0,27.54840396373068,58,0,91,13,2.842170943040401e-14,0.22193947902327368,0.99
seen,GSHP,5,elastic_net,seen_test,conformal_upper_bound,0.1,2,284,0.0,0.0,0.0,0.0,0.0,31.695707486945743,58,0,95,9,2.842170943040401e-14,0.22193947902327368,0.99
seen,GSHP,5,elastic_net,seen_test,conformal_upper_bound,0.1,3,284,0.0,0.0,0.0,0.0,0.0,31.689665656321598,58,0,91,13,2.842170943040401e-14,0.22193947902327368,0.99
seen,GSHP,5,elastic_net,seen_test,conformal_upper_bound,0.15,1,284,0.0,0.0,0.0,0.0,0.0,32.08638440784601,58,0,84,20,2.842170943040401e-14,0.22193947902327368,0.99
seen,GSHP,5,elastic_net,seen_test,conformal_upper_bound,0.15,2,284,0.0,0.0,0.0,0.0,0.0,39.09259180361819,58,0,86,18,2.842170943040401e-14,0.22193947902327368,0.99
seen,GSHP,5,elastic_net,seen_test,conformal_upper_bound,0.15,3,284,0.0,0.0,0.0,0.0,0.0,39.1164097013957,58,0,81,23,2.842170943040401e-14,0.22193947902327368,0.99
seen,GSHP,5,elastic_net,seen_test,conformal_upper_bound,0.2,1,284,0.0,0.0,0.0,0.0,0.0,33.31446826994466,58,0,79,25,2.842170943040401e-14,0.22193947902327368,0.99
seen,GSHP,5,elastic_net,seen_test,conformal_upper_bound,0.2,2,284,-0.0003739683786435054,0.0,-9.443645925341046e-05,-0.10620701953475553,-5.6670699893666946e-05,42.537755418667416,58,0,78,26,2.842170943040401e-14,0.22193947902327368,0.99
seen,GSHP,5,elastic_net,seen_test,conformal_upper_bound,0.2,3,284,0.0,0.0,0.0,0.0,0.0,41.40722103240503,58,0,75,29,2.842170943040401e-14,0.22193947902327368,0.99
seen,GSHP,5,lightgbm,seen_test,reference_no_forecast,0.0,0,284,0.0,0.0,0.0,0.0,0.0,0.0,75,0,0,0,0.0,0.22193947902327368,0.99
seen,GSHP,5,lightgbm,seen_test,median,0.05,1,284,0.0,0.0,0.0,0.0,0.0,0.0,75,0,0,0,0.0,0.22193947902327368,0.99
seen,GSHP,5,lightgbm,seen_test,median,0.05,2,284,0.0,0.0,0.0,0.0,0.0,0.0,75,0,0,0,0.0,0.22193947902327368,0.99
seen,GSHP,5,lightgbm,seen_test,median,0.05,3,284,0.0,0.0,0.0,0.0,0.0,0.0,75,0,0,0,0.0,0.22193947902327368,0.99
seen,GSHP,5,lightgbm,seen_test,median,0.1,1,284,0.0,0.0,0.0,0.0,0.0,0.0,75,0,0,0,0.0,0.22193947902327368,0.99
seen,GSHP,5,lightgbm,seen_test,median,0.1,2,284,0.0,0.0,0.0,0.0,0.0,0.0,75,0,0,0,0.0,0.22193947902327368,0.99
seen,GSHP,5,lightgbm,seen_test,median,0.1,3,284,0.0,0.0,0.0,0.0,0.0,0.0,75,0,0,0,0.0,0.22193947902327368,0.99
seen,GSHP,5,lightgbm,seen_test,median,0.15,1,284,0.0,0.0,0.0,0.0,0.0,0.0,75,0,0,0,0.0,0.22193947902327368,0.99
seen,GSHP,5,lightgbm,seen_test,median,0.15,2,284,0.0,0.0,0.0,0.0,0.0,0.0,75,0,0,0,0.0,0.22193947902327368,0.99
seen,GSHP,5,lightgbm,seen_test,median,0.15,3,284,0.0,0.0,0.0,0.0,0.0,0.0,75,0,0,0,0.0,0.22193947902327368,0.99
seen,GSHP,5,lightgbm,seen_test,median,0.2,1,284,0.0,0.0,0.0,0.0,0.0,0.0,75,0,0,0,0.0,0.22193947902327368,0.99
seen,GSHP,5,lightgbm,seen_test,median,0.2,2,284,0.0,0.0,0.0,0.0,0.0,0.0,75,0,0,0,0.0,0.22193947902327368,0.99
seen,GSHP,5,lightgbm,seen_test,median,0.2,3,284,0.0,0.0,0.0,0.0,0.0,0.0,75,0,0,0,0.0,0.22193947902327368,0.99
seen,GSHP,5,lightgbm,seen_test,conformal_upper_bound,0.05,1,284,-0.00010046941456001125,0.0,-3.84590732347548e-05,-0.1406926547708447,-1.6142509911186726e-05,17.53794812089634,60,1,113,25,2.842170943040401e-14,0.22193947902327368,0.99
seen,GSHP,5,lightgbm,seen_test,conformal_upper_bound,0.05,2,284,0.0003949272571683151,0.0,8.945124737674182e-05,0.0,4.7642271018568626e-05,23.50736019714077,60,1,131,7,2.842170943040401e-14,0.22193947902327368,0.99
seen,GSHP,5,lightgbm,seen_test,conformal_upper_bound,0.05,3,284,0.0003949272571683151,0.0,8.945124737674182e-05,0.0,4.7642271018568626e-05,23.07252843256385,60,1,127,11,2.842170943040401e-14,0.22193947902327368,0.99
seen,GSHP,5,lightgbm,seen_test,conformal_upper_bound,0.1,1,284,-0.0008105842624790776,0.0,-0.00020153147916435787,-0.1406926547708447,-0.00010167990978167807,24.42425949181517,60,1,96,42,2.842170943040401e-14,0.22193947902327368,0.99
seen,GSHP,5,lightgbm,seen_test,conformal_upper_bound,0.1,2,284,-0.00022775111946618558,0.0,-5.1585757523484846e-05,-0.06468131792839671,-2.6390280772063426e-05,40.4058744188786,60,1,123,15,2.842170943040401e-14,0.22193947902327368,0.99
seen,GSHP,5,lightgbm,seen_test,conformal_upper_bound,0.1,3,284,-0.00022775111946618558,0.0,-5.1585757523484846e-05,-0.06468131792839671,-2.6390280772063426e-05,35.78066760970586,60,1,108,30,2.842170943040401e-14,0.22193947902327368,0.99
seen,GSHP,5,lightgbm,seen_test,conformal_upper_bound,0.15,1,284,-0.0015596910451174848,0.0,-0.00038483514445399297,-0.17654632948533688,-0.0001931881397820074,25.866228445188856,60,1,91,47,2.842170943040401e-14,0.22193947902327368,0.99
seen,GSHP,5,lightgbm,seen_test,conformal_upper_bound,0.15,2,284,-0.000442652368159099,0.0,-0.00010026101204056602,-0.12571327255718412,-5.0602191196722525e-05,50.01618720389574,60,1,115,23,2.842170943040401e-14,0.22193947902327368,0.99
seen,GSHP,5,lightgbm,seen_test,conformal_upper_bound,0.15,3,284,-0.000442652368159099,0.0,-0.00010026101204056602,-0.12571327255718412,-5.0602191196722525e-05,41.96266136276434,60,1,96,42,2.842170943040401e-14,0.22193947902327368,0.99
seen,GSHP,5,lightgbm,seen_test,conformal_upper_bound,0.2,1,284,-0.0015596910451174848,0.0,-0.00038483514445399297,-0.17654632948533688,-0.0001931881397820074,26.17051544345418,60,1,88,50,2.842170943040401e-14,0.22193947902327368,0.99
seen,GSHP,5,lightgbm,seen_test,conformal_upper_bound,0.2,2,284,-0.0012446237442581538,0.0,-0.0003027790363080041,-0.13333845141767053,-0.00017201172030577598,54.75996767570039,60,1,112,26,2.842170943040401e-14,0.22193947902327368,0.99
seen,GSHP,5,lightgbm,seen_test,conformal_upper_bound,0.2,3,284,-0.0020801161547762703,0.0,-0.0005137619682570234,-0.16684534864422496,-0.00029647496863140395,45.92451085112133,60,1,85,53,2.842170943040401e-14,0.22193947902327368,0.99
seen,mixed,4,persistence,seen_test,reference_no_forecast,0.0,0,1288,0.0,0.0,0.0,0.0,0.0,0.0,175,0,0,0,0.0,0.26130325287621625,0.99
seen,mixed,4,persistence,seen_test,median,0.05,1,1288,0.0,0.0,0.0,0.0,0.0,0.0,172,2,0,475,0.0,0.26130325287621625,0.99
seen,mixed,4,persistence,seen_test,median,0.05,2,1288,0.0,0.0,0.0,0.0,0.0,0.0,172,2,0,475,0.0,0.26130325287621625,0.99
seen,mixed,4,persistence,seen_test,median,0.05,3,1288,0.0,0.0,0.0,0.0,0.0,0.0,172,2,0,475,0.0,0.26130325287621625,0.99
seen,mixed,4,persistence,seen_test,median,0.1,1,1288,0.0,0.0,0.0,0.0,0.0,0.0,172,2,0,475,0.0,0.26130325287621625,0.99
seen,mixed,4,persistence,seen_test,median,0.1,2,1288,0.0,0.0,0.0,0.0,0.0,0.0,172,2,0,475,0.0,0.26130325287621625,0.99
seen,mixed,4,persistence,seen_test,median,0.1,3,1288,0.0,0.0,0.0,0.0,0.0,0.0,172,2,0,475,0.0,0.26130325287621625,0.99
seen,mixed,4,persistence,seen_test,median,0.15,1,1288,0.0,0.0,0.0,0.0,0.0,0.0,172,2,0,475,0.0,0.26130325287621625,0.99
seen,mixed,4,persistence,seen_test,median,0.15,2,1288,0.0,0.0,0.0,0.0,0.0,0.0,172,2,0,475,0.0,0.26130325287621625,0.99
seen,mixed,4,persistence,seen_test,median,0.15,3,1288,0.0,0.0,0.0,0.0,0.0,0.0,172,2,0,475,0.0,0.26130325287621625,0.99
seen,mixed,4,persistence,seen_test,median,0.2,1,1288,0.0,0.0,0.0,0.0,0.0,0.0,172,2,0,475,0.0,0.26130325287621625,0.99
seen,mixed,4,persistence,seen_test,median,0.2,2,1288,0.0,0.0,0.0,0.0,0.0,0.0,172,2,0,475,0.0,0.26130325287621625,0.99
seen,mixed,4,persistence,seen_test,median,0.2,3,1288,0.0,0.0,0.0,0.0,0.0,0.0,172,2,0,475,0.0,0.26130325287621625,0.99
seen,mixed,4,persistence,seen_test,conformal_upper_bound,0.05,1,1288,-0.0010747670807453435,0.0,-0.0004191662840564163,-0.3160000000000003,-0.00017658088870081448,170.66914999999997,110,128,1468,6974,5.684341886080802e-14,0.26130325287621625,0.99
seen,mixed,4,persistence,seen_test,conformal_upper_bound,0.05,2,1288,-0.00016358695652173957,0.0,-6.691274534047212e-05,-0.29499999999999993,1.0148716844737493e-06,199.46679999999995,110,128,1570,6872,5.684341886080802e-14,0.26130325287621625,0.99
seen,mixed,4,persistence,seen_test,conformal_upper_bound,0.05,3,1288,0.0005412655279503103,0.0,0.00012414823158833358,-0.3480000000000003,6.705985248839605e-05,243.59905,110,128,1795,6647,5.684341886080802e-14,0.26130325287621625,0.99
seen,mixed,4,persistence,seen_test,conformal_upper_bound,0.1,1,1288,-0.00212298136645963,0.0,-0.0007368353892701753,-0.3528000000000002,-0.0003141096759600736,214.20130000000006,110,128,1310,7132,5.684341886080802e-14,0.26130325287621625,0.99
seen,mixed,4,persistence,seen_test,conformal_upper_bound,0.1,2,1288,-0.0006989906832298165,0.0,-0.0002532601338013171,-0.2950000000000008,-7.176608369241638e-05,236.02840000000018,110,128,1277,7165,5.684341886080802e-14,0.26130325287621625,0.99
seen,mixed,4,persistence,seen_test,conformal_upper_bound,0.1,3,1288,-0.0003075310559006216,0.0,-0.0002127652083228553,-0.36880000000000024,-5.958910910319679e-05,324.75920000000013,110,128,1507,6935,5.684341886080802e-14,0.26130325287621625,0.99
seen,mixed,4,persistence,seen_test,conformal_upper_bound,0.15,1,1288,-0.002586956521739134,0.0,-0.0008836045924629105,-0.40600000000000014,-0.0003759411105632632,222.1450000000002,110,128,1299,7143,5.684341886080802e-14,0.26130325287621625,0.99
seen,mixed,4,persistence,seen_test,conformal_upper_bound,0.15,2,1288,-0.0009184782608695682,0.0,-0.00032749346010014585,-0.3490000000000002,-9.913622296616556e-05,248.54134999999997,110,128,1197,7245,5.684341886080802e-14,0.26130325287621625,0.99
seen,mixed,4,persistence,seen_test,conformal_upper_bound,0.15,3,1288,-0.0012373835403726712,0.0,-0.0005415947643946248,-0.5380000000000003,-0.0001871184343198371,355.7568,110,128,1437,7005,5.684341886080802e-14,0.26130325287621625,0.99
seen,mixed,4,persistence,seen_test,conformal_upper_bound,0.2,1,1288,-0.002586956521739134,0.0,-0.0008836045924629105,-0.40600000000000014,-0.0003759411105632632,222.1450000000002,110,128,1299,7143,5.684341886080802e-14,0.26130325287621625,0.99
seen,mixed,4,persistence,seen_test,conformal_upper_bound,0.2,2,1288,-0.0009184782608695682,0.0,-0.00032749346010014585,-0.3490000000000002,-9.913622296616556e-05,248.955,110,128,1197,7245,5.684341886080802e-14,0.26130325287621625,0.99
seen,mixed,4,persistence,seen_test,conformal_upper_bound,0.2,3,1288,-0.0013881987577639757,0.0,-0.0005961563888378931,-0.5380000000000003,-0.00021017256466552398,359.1490000000002,110,128,1423,7019,5.684341886080802e-14,0.26130325287621625,0.99
seen,mixed,4,seasonal_daily,seen_test,reference_no_forecast,0.0,0,1288,0.0,0.0,0.0,0.0,0.0,0.0,175,0,0,0,0.0,0.26130325287621625,0.99
seen,mixed,4,seasonal_daily,seen_test,median,0.05,1,1288,0.006616381987577639,0.0,0.0018907548699882023,-0.43900000000000006,0.0005159003900803839,94.44359999999989,80,111,497,12,5.684341886080802e-14,0.26130325287621625,0.99
seen,mixed,4,seasonal_daily,seen_test,median,0.05,2,1288,0.005711335403726706,0.0,0.0016561905329493544,-0.7159500000000003,0.00038674926216897553,96.78609999999992,80,111,507,2,5.684341886080802e-14,0.26130325287621625,0.99
seen,mixed,4,seasonal_daily,seen_test,median,0.05,3,1288,0.005300582298136643,0.0,0.001542726901402383,-0.8923000000000005,0.00034457261554736,96.78609999999992,80,111,507,2,2.842170943040401e-14,0.26130325287621625,0.99
seen,mixed,4,seasonal_daily,seen_test,median,0.1,1,1288,0.011269021739130435,0.0,0.0031367397346617628,-0.7069999999999999,0.0008456249127243733,186.25069999999985,80,111,496,13,5.684341886080802e-14,0.26130325287621625,0.99
seen,mixed,4,seasonal_daily,seen_test,median,0.1,2,1288,0.008528649068322982,0.0,0.002451575011904446,-1.3357,0.0005489210199410201,191.5269999999998,80,111,505,4,5.684341886080802e-14,0.26130325287621625,0.99
seen,mixed,4,seasonal_daily,seen_test,median,0.1,3,1288,0.00859425465838509,0.0,0.002409237274655405,-1.3458000000000006,0.0005811294702999226,190.8535999999998,80,111,506,3,5.684341886080802e-14,0.26130325287621625,0.99
seen,mixed,4,seasonal_daily,seen_test,median,0.15,1,1288,0.011075388198757762,0.0,0.0030106210943604992,-0.8809500000000003,0.0005773669823071612,274.72904999999986,80,111,494,15,5.684341886080802e-14,0.26130325287621625,0.99
seen,mixed,4,seasonal_daily,seen_test,median,0.15,2,1288,0.009665450310559001,0.0,0.00272795291198273,-1.1567000000000007,0.0005079132835852774,280.3566999999999,80,111,497,12,5.684341886080802e-14,0.26130325287621625,0.99
seen,mixed,4,seasonal_daily,seen_test,median,0.15,3,1288,0.007764751552795028,0.0,0.00205823471552054,-1.4382000000000001,0.0004209443301503071,279.65884999999986,80,111,495,14,5.684341886080802e-14,0.26130325287621625,0.99
seen,mixed,4,seasonal_daily,seen_test,median,0.2,1,1288,0.00645729813664596,0.0,0.0016395344705460657,-1.2565999999999997,-0.00014442504117252513,358.71079999999984,80,111,488,21,5.684341886080802e-14,0.26130325287621625,0.99
seen,mixed,4,seasonal_daily,seen_test,median,0.2,2,1288,0.006612422360248447,0.0,0.0017591294247942485,-1.2565999999999997,5.911419845809316e-05,364.88999999999965,80,111,490,19,5.684341886080802e-14,0.26130325287621625,0.99
seen,mixed,4,seasonal_daily,seen_test,median,0.2,3,1288,0.005298757763975155,0.0,0.001237909288583694,-1.9040000000000008,-2.592809934369901e-05,361.3033999999997,80,111,488,21,5.684341886080802e-14,0.26130325287621625,0.99
seen,mixed,4,seasonal_daily,seen_test,conformal_upper_bound,0.05,1,1288,0.02021160714285713,0.0,0.006236382500853904,-0.5605500000000001,0.0015736781188637032,732.1588000000013,8,389,3850,343,5.684341886080802e-14,0.26130325287621625,0.99
seen,mixed,4,seasonal_daily,seen_test,conformal_upper_bound,0.05,2,1288,0.02142290372670807,0.0,0.0067613581736092184,-0.8078999999999992,0.00173125689774591,780.3693500000007,8,389,4045,148,5.684341886080802e-14,0.26130325287621625,0.99
seen,mixed,4,seasonal_daily,seen_test,conformal_upper_bound,0.05,3,1288,0.022226979813664588,0.0,0.006999345144625683,-1.0949999999999998,0.0018497179360378196,795.4704000000006,8,389,4108,85,5.684341886080802e-14,0.26130325287621625,0.99
seen,mixed,4,seasonal_daily,seen_test,conformal_upper_bound,0.1,1,1288,0.022161801242236028,0.0,0.006812871975428266,-1.1211000000000002,0.001122326814467335,1368.7362999999984,8,389,3742,451,5.684341886080802e-14,0.26130325287621625,0.99
seen,mixed,4,seasonal_daily,seen_test,conformal_upper_bound,0.1,2,1288,0.022494099378881992,0.0,0.007325519950195351,-1.2880000000000003,0.0012724412994505989,1448.1058999999996,8,389,3862,331,5.684341886080802e-14,0.26130325287621625,0.99
seen,mixed,4,seasonal_daily,seen_test,conformal_upper_bound,0.1,3,1288,0.015294642857142871,0.0,0.005259610146060086,-1.3242999999999996,0.0005492394209511355,1476.6320999999996,8,389,3914,279,5.684341886080802e-14,0.26130325287621625,0.99
seen,mixed,4,seasonal_daily,seen_test,conformal_upper_bound,0.15,1,1288,0.012472166149068294,0.0,0.0037803678313569336,-1.17135,-0.00043849572670588395,1896.5003999999992,8,389,3622,571,5.684341886080802e-14,0.26130325287621625,0.99
seen,mixed,4,seasonal_daily,seen_test,conformal_upper_bound,0.15,2,1288,0.00610861801242236,0.0,0.002350590365705751,-1.5840000000000014,-0.0011345679757303858,1999.250599999999,8,389,3664,529,5.684341886080802e-14,0.26130325287621625,0.99
seen,mixed,4,seasonal_daily,seen_test,conformal_upper_bound,0.15,3,1288,-0.008925543478260875,0.0,-0.0021400927178646585,-1.5840000000000014,-0.0025333760538455703,2007.6951499999996,8,389,3660,533,5.684341886080802e-14,0.26130325287621625,0.99
seen,mixed,4,seasonal_daily,seen_test,conformal_upper_bound,0.2,1,1288,-0.010663043478260888,0.0,-0.0032941207271762725,-1.2948000000000004,-0.003306224392032154,2316.1156000000005,8,389,3509,684,5.684341886080802e-14,0.26130325287621625,0.99
seen,mixed,4,seasonal_daily,seen_test,conformal_upper_bound,0.2,2,1288,-0.021179968944099403,0.0,-0.006239315099187779,-1.5839999999999996,-0.004306612610801669,2442.973799999999,8,389,3495,698,5.684341886080802e-14,0.26130325287621625,0.99
seen,mixed,4,seasonal_daily,seen_test,conformal_upper_bound,0.2,3,1288,-0.03656490683229814,0.0,-0.011055823072429277,-2.0089999999999995,-0.005560096252933423,2427.2499999999995,8,389,3429,764,5.684341886080802e-14,0.26130325287621625,0.99
seen,mixed,4,seasonal_weekly,seen_test,reference_no_forecast,0.0,0,1288,0.0,0.0,0.0,0.0,0.0,0.0,175,0,0,0,0.0,0.26130325287621625,0.99
seen,mixed,4,seasonal_weekly,seen_test,median,0.05,1,1288,0.004994836956521737,0.0,0.0013659223431459367,-0.18855000000000022,0.0004981782619569919,87.32455000000002,97,93,458,18,5.684341886080802e-14,0.26130325287621625,0.99
seen,mixed,4,seasonal_weekly,seen_test,median,0.05,2,1288,0.005083307453416146,0.0,0.0013851038870127733,-0.3210000000000002,0.000503827436801664,89.34485000000001,97,93,468,8,5.684341886080802e-14,0.26130325287621625,0.99
seen,mixed,4,seasonal_weekly,seen_test,median,0.05,3,1288,0.00536482919254658,0.0,0.0014480680792253904,-0.3210000000000002,0.000520035635266208,89.49110000000002,97,93,468,8,5.684341886080802e-14,0.26130325287621625,0.99
seen,mixed,4,seasonal_weekly,seen_test,median,0.1,1,1288,0.0065815993788819905,0.0,0.0017540077878594666,-0.3771,0.0005762606795543231,166.54250000000005,97,93,451,25,5.684341886080802e-14,0.26130325287621625,0.99
seen,mixed,4,seasonal_weekly,seen_test,median,0.1,2,1288,0.006436102484472053,0.0,0.0017465772369624076,-0.579200000000001,0.0005202872094078674,172.57240000000007,97,93,456,20,5.684341886080802e-14,0.26130325287621625,0.99
seen,mixed,4,seasonal_weekly,seen_test,median,0.1,3,1288,0.007421661490683229,0.0,0.001996009898412181,-0.9388000000000014,0.0006788804346301615,174.38860000000008,97,93,459,17,5.684341886080802e-14,0.26130325287621625,0.99
seen,mixed,4,seasonal_weekly,seen_test,median,0.15,1,1288,0.00594444875776398,0.0,0.0015438911850396675,-0.5817000000000001,0.00040421551686077367,240.3727500000002,97,93,441,35,5.684341886080802e-14,0.26130325287621625,0.99
seen,mixed,4,seasonal_weekly,seen_test,median,0.15,2,1288,0.0037480590062111832,0.0,0.000988832804445586,-1.1020000000000003,7.773750971825665e-05,252.8915500000002,97,93,449,27,5.684341886080802e-14,0.26130325287621625,0.99
seen,mixed,4,seasonal_weekly,seen_test,median,0.15,3,1288,0.00743132763975156,0.0,0.001932777028253637,-1.1020000000000003,0.0005628562739975935,251.85640000000018,97,93,448,28,5.684341886080802e-14,0.26130325287621625,0.99
seen,mixed,4,seasonal_weekly,seen_test,median,0.2,1,1288,0.002406055900621121,0.0,0.0005332413387272822,-1.0176000000000003,-6.162575890353518e-05,310.3539999999999,97,93,430,46,5.684341886080802e-14,0.26130325287621625,0.99
seen,mixed,4,seasonal_weekly,seen_test,median,0.2,2,1288,-0.0026903726708074503,0.0,-0.0008830417418862314,-1.1020000000000003,-0.0007300879163867857,327.58400000000006,97,93,442,34,5.684341886080802e-14,0.26130325287621625,0.99
seen,mixed,4,seasonal_weekly,seen_test,median,0.2,3,1288,0.0021257763975155337,0.0,0.0003644866469681521,-1.1020000000000003,-0.00021491010744715107,323.3726000000001,97,93,441,35,5.684341886080802e-14,0.26130325287621625,0.99
seen,mixed,4,seasonal_weekly,seen_test,conformal_upper_bound,0.05,1,1288,0.021649107142857126,0.0,0.007176953768437083,-0.6169000000000002,0.0010013100234646,843.5548000000006,6,475,4440,648,5.684341886080802e-14,0.26130325287621625,0.99
seen,mixed,4,seasonal_weekly,seen_test,conformal_upper_bound,0.05,2,1288,0.024547010869565202,0.0,0.008046541795821276,-0.6169000000000002,0.0013496897632886576,903.2538999999996,6,475,4680,408,5.684341886080802e-14,0.26130325287621625,0.99
seen,mixed,4,seasonal_weekly,seen_test,conformal_upper_bound,0.05,3,1288,0.02631770186335404,0.0,0.008521987414212716,-0.7395500000000004,0.0014700901961366391,907.8489999999996,6,475,4676,412,5.684341886080802e-14,0.26130325287621625,0.99
seen,mixed,4,seasonal_weekly,seen_test,conformal_upper_bound,0.1,1,1288,0.02629270186335406,0.0,0.008689880525978083,-0.8879999999999999,0.00019781397277364158,1546.1810000000005,6,475,4272,816,5.684341886080802e-14,0.26130325287621625,0.99
seen,mixed,4,seasonal_weekly,seen_test,conformal_upper_bound,0.1,2,1288,0.02441607142857146,0.0,0.008145921686267385,-1.1666999999999996,-3.889222413887085e-05,1658.6620000000003,6,475,4439,649,5.684341886080802e-14,0.26130325287621625,0.99
seen,mixed,4,seasonal_weekly,seen_test,conformal_upper_bound,0.1,3,1288,0.024309937888198775,0.0,0.007984914274543092,-1.1800000000000006,-0.0002077077347874673,1639.6273,6,475,4348,740,5.684341886080802e-14,0.26130325287621625,0.99
seen,mixed,4,seasonal_weekly,seen_test,conformal_upper_bound,0.15,1,1288,0.018654852484472052,0.0,0.00621506038433648,-1.2139999999999995,-0.0016049415982313214,2129.7991999999995,6,475,4104,984,5.684341886080802e-14,0.26130325287621625,0.99
seen,mixed,4,seasonal_weekly,seen_test,conformal_upper_bound,0.15,2,1288,0.014578105590062116,0.0,0.005248724144482143,-1.5156999999999998,-0.002070690235900958,2253.726599999999,6,475,4199,889,5.684341886080802e-14,0.26130325287621625,0.99
seen,mixed,4,seasonal_weekly,seen_test,conformal_upper_bound,0.15,3,1288,0.012553687888198752,0.0,0.0046710876745880625,-1.5156999999999998,-0.0024329772614619756,2224.247099999999,6,475,4078,1010,5.684341886080802e-14,0.26130325287621625,0.99
seen,mixed,4,seasonal_weekly,seen_test,conformal_upper_bound,0.2,1,1288,0.006643322981366479,0.0,0.0025931895400800936,-1.5889999999999995,-0.003523895165595662,2593.714400000002,6,475,3984,1104,2.842170943040401e-14,0.26130325287621625,0.99
seen,mixed,4,seasonal_weekly,seen_test,conformal_upper_bound,0.2,2,1288,-0.004550931677018641,0.0,-0.0009181552507974653,-1.6029999999999998,-0.004585056499068367,2722.597600000002,6,475,3957,1131,5.684341886080802e-14,0.26130325287621625,0.99
seen,mixed,4,seasonal_weekly,seen_test,conformal_upper_bound,0.2,3,1288,0.00018462732919254142,0.0,0.0006511073218657341,-1.8740000000000006,-0.0044080362546579195,2683.2204000000047,6,475,3830,1258,5.684341886080802e-14,0.26130325287621625,0.99
seen,mixed,4,elastic_net,seen_test,reference_no_forecast,0.0,0,1288,0.0,0.0,0.0,0.0,0.0,0.0,175,0,0,0,0.0,0.26130325287621625,0.99
seen,mixed,4,elastic_net,seen_test,median,0.05,1,1288,0.0,0.0,0.0,0.0,0.0,0.0,175,0,0,0,0.0,0.26130325287621625,0.99
seen,mixed,4,elastic_net,seen_test,median,0.05,2,1288,0.0,0.0,0.0,0.0,0.0,0.0,175,0,0,0,0.0,0.26130325287621625,0.99
seen,mixed,4,elastic_net,seen_test,median,0.05,3,1288,0.0,0.0,0.0,0.0,0.0,0.0,175,0,0,0,0.0,0.26130325287621625,0.99
seen,mixed,4,elastic_net,seen_test,median,0.1,1,1288,0.0,0.0,0.0,0.0,0.0,0.0,175,0,0,0,0.0,0.26130325287621625,0.99
seen,mixed,4,elastic_net,seen_test,median,0.1,2,1288,0.0,0.0,0.0,0.0,0.0,0.0,175,0,0,0,0.0,0.26130325287621625,0.99
seen,mixed,4,elastic_net,seen_test,median,0.1,3,1288,0.0,0.0,0.0,0.0,0.0,0.0,175,0,0,0,0.0,0.26130325287621625,0.99
seen,mixed,4,elastic_net,seen_test,median,0.15,1,1288,0.0,0.0,0.0,0.0,0.0,0.0,175,0,0,0,0.0,0.26130325287621625,0.99
seen,mixed,4,elastic_net,seen_test,median,0.15,2,1288,0.0,0.0,0.0,0.0,0.0,0.0,175,0,0,0,0.0,0.26130325287621625,0.99
seen,mixed,4,elastic_net,seen_test,median,0.15,3,1288,0.0,0.0,0.0,0.0,0.0,0.0,175,0,0,0,0.0,0.26130325287621625,0.99
seen,mixed,4,elastic_net,seen_test,median,0.2,1,1288,0.0,0.0,0.0,0.0,0.0,0.0,175,0,0,0,0.0,0.26130325287621625,0.99
seen,mixed,4,elastic_net,seen_test,median,0.2,2,1288,0.0,0.0,0.0,0.0,0.0,0.0,175,0,0,0,0.0,0.26130325287621625,0.99
seen,mixed,4,elastic_net,seen_test,median,0.2,3,1288,0.0,0.0,0.0,0.0,0.0,0.0,175,0,0,0,0.0,0.26130325287621625,0.99
seen,mixed,4,elastic_net,seen_test,conformal_upper_bound,0.05,1,1288,0.0003533095047972534,0.0,8.066661219168739e-05,-0.0719184492942464,4.069422097198521e-05,20.497925327239404,157,5,144,60,2.842170943040401e-14,0.26130325287621625,0.99
seen,mixed,4,elastic_net,seen_test,conformal_upper_bound,0.05,2,1288,4.715762589486584e-05,0.0,6.900850525765098e-06,-0.24698506035044154,-5.073128461109611e-06,24.275141710745483,157,5,158,46,5.684341886080802e-14,0.26130325287621625,0.99
seen,mixed,4,elastic_net,seen_test,conformal_upper_bound,0.05,3,1288,-0.00017778285565386078,0.0,-4.112129067780322e-05,-0.25125217645613684,-3.0081885760240815e-05,29.791210075987113,157,5,183,21,5.684341886080802e-14,0.26130325287621625,0.99
seen,mixed,4,elastic_net,seen_test,conformal_upper_bound,0.1,1,1288,0.0002935415766349013,0.0,6.516657921687298e-05,-0.0719184492942464,3.4709261542071904e-05,27.836882711003124,157,5,123,81,5.684341886080802e-14,0.26130325287621625,0.99
seen,mixed,4,elastic_net,seen_test,conformal_upper_bound,0.1,2,1288,-3.363505753732664e-05,0.0,-1.3714361202043359e-05,-0.26362224404864243,-1.3660666550283792e-05,32.46687456020134,157,5,133,71,5.684341886080802e-14,0.26130325287621625,0.99
seen,mixed,4,elastic_net,seen_test,conformal_upper_bound,0.1,3,1288,-0.0005905878706201646,0.0,-0.00013329631745873403,-0.35173826815022036,-7.969886265308495e-05,45.8608919206452,157,5,162,42,5.684341886080802e-14,0.26130325287621625,0.99
seen,mixed,4,elastic_net,seen_test,conformal_upper_bound,0.15,1,1288,0.0002935415766349013,0.0,6.516657921687298e-05,-0.0719184492942464,3.4709261542071904e-05,29.610610973328143,157,5,121,83,5.684341886080802e-14,0.26130325287621625,0.99
seen,mixed,4,elastic_net,seen_test,conformal_upper_bound,0.15,2,1288,-0.00010359149834671881,0.0,-2.9157284118023974e-05,-0.26362224404864243,-2.2379057937101884e-05,35.67895916993784,157,5,122,82,5.684341886080802e-14,0.26130325287621625,0.99
seen,mixed,4,elastic_net,seen_test,conformal_upper_bound,0.15,3,1288,-0.0010150166915925908,0.0,-0.00022870765318271717,-0.5276074022253301,-0.00013489504275505964,54.093348121425905,157,5,148,56,5.684341886080802e-14,0.26130325287621625,0.99
seen,mixed,4,elastic_net,seen_test,conformal_upper_bound,0.2,1,1288,0.0002935415766349013,0.0,6.516657921687298e-05,-0.0719184492942464,3.4709261542071904e-05,29.610610973328143,157,5,121,83,5.684341886080802e-14,0.26130325287621625,0.99
seen,mixed,4,elastic_net,seen_test,conformal_upper_bound,0.2,2,1288,-0.00016613874506375562,0.0,-4.296462334915792e-05,-0.26362224404864243,-3.0041990833447356e-05,35.97085220286328,157,5,122,82,5.684341886080802e-14,0.26130325287621625,0.99
seen,mixed,4,elastic_net,seen_test,conformal_upper_bound,0.2,3,1288,-0.0013472569991782731,0.0,-0.0003060018397551265,-0.5307635847065795,-0.0001803757262611389,56.803356743956684,157,5,144,60,5.684341886080802e-14,0.26130325287621625,0.99
seen,mixed,4,lightgbm,seen_test,reference_no_forecast,0.0,0,1288,0.0,0.0,0.0,0.0,0.0,0.0,175,0,0,0,0.0,0.26130325287621625,0.99
seen,mixed,4,lightgbm,seen_test,median,0.05,1,1288,0.0,0.0,0.0,0.0,0.0,0.0,175,0,0,0,0.0,0.26130325287621625,0.99
seen,mixed,4,lightgbm,seen_test,median,0.05,2,1288,0.0,0.0,0.0,0.0,0.0,0.0,175,0,0,0,0.0,0.26130325287621625,0.99
seen,mixed,4,lightgbm,seen_test,median,0.05,3,1288,0.0,0.0,0.0,0.0,0.0,0.0,175,0,0,0,0.0,0.26130325287621625,0.99
seen,mixed,4,lightgbm,seen_test,median,0.1,1,1288,0.0,0.0,0.0,0.0,0.0,0.0,175,0,0,0,0.0,0.26130325287621625,0.99
seen,mixed,4,lightgbm,seen_test,median,0.1,2,1288,0.0,0.0,0.0,0.0,0.0,0.0,175,0,0,0,0.0,0.26130325287621625,0.99
seen,mixed,4,lightgbm,seen_test,median,0.1,3,1288,0.0,0.0,0.0,0.0,0.0,0.0,175,0,0,0,0.0,0.26130325287621625,0.99
seen,mixed,4,lightgbm,seen_test,median,0.15,1,1288,0.0,0.0,0.0,0.0,0.0,0.0,175,0,0,0,0.0,0.26130325287621625,0.99
seen,mixed,4,lightgbm,seen_test,median,0.15,2,1288,0.0,0.0,0.0,0.0,0.0,0.0,175,0,0,0,0.0,0.26130325287621625,0.99
seen,mixed,4,lightgbm,seen_test,median,0.15,3,1288,0.0,0.0,0.0,0.0,0.0,0.0,175,0,0,0,0.0,0.26130325287621625,0.99
seen,mixed,4,lightgbm,seen_test,median,0.2,1,1288,0.0,0.0,0.0,0.0,0.0,0.0,175,0,0,0,0.0,0.26130325287621625,0.99
seen,mixed,4,lightgbm,seen_test,median,0.2,2,1288,0.0,0.0,0.0,0.0,0.0,0.0,175,0,0,0,0.0,0.26130325287621625,0.99
seen,mixed,4,lightgbm,seen_test,median,0.2,3,1288,0.0,0.0,0.0,0.0,0.0,0.0,175,0,0,0,0.0,0.26130325287621625,0.99
seen,mixed,4,lightgbm,seen_test,conformal_upper_bound,0.05,1,1288,-0.0007345966673246446,0.0,-0.00023528416690954943,-0.34572093561213224,-0.00012120503776674488,42.09794217338425,142,22,324,302,5.684341886080802e-14,0.26130325287621625,0.99
seen,mixed,4,lightgbm,seen_test,conformal_upper_bound,0.05,2,1288,-0.0006280630730123094,0.0,-0.00016559143556828886,-0.3636013250636596,-8.952102056353803e-05,56.99332855758284,142,22,398,228,5.684341886080802e-14,0.26130325287621625,0.99
seen,mixed,4,lightgbm,seen_test,conformal_upper_bound,0.05,3,1288,-0.00044733064291976583,0.0,-9.455136681412498e-05,-0.36578039662897144,-5.480684687527046e-05,73.59883190168688,142,22,461,165,5.684341886080802e-14,0.26130325287621625,0.99
seen,mixed,4,lightgbm,seen_test,conformal_upper_bound,0.1,1,1288,-0.0010537646402230246,0.0,-0.00033027543581581984,-0.34572093561213224,-0.00016829357304415027,54.62306052813834,142,22,294,332,5.684341886080802e-14,0.26130325287621625,0.99
seen,mixed,4,lightgbm,seen_test,conformal_upper_bound,0.1,2,1288,-0.0009797804555533426,0.0,-0.00028106006021251886,-0.3969244533063847,-0.00014975282355596486,74.04807390148306,142,22,329,297,5.684341886080802e-14,0.26130325287621625,0.99
seen,mixed,4,lightgbm,seen_test,conformal_upper_bound,0.1,3,1288,-0.0005186797817866604,0.0,-0.00010484510969969017,-0.3969244533063838,-6.232307050963479e-05,106.59263712285963,142,22,396,230,5.684341886080802e-14,0.26130325287621625,0.99
seen,mixed,4,lightgbm,seen_test,conformal_upper_bound,0.15,1,1288,-0.0010537646402230246,0.0,-0.00033027543581581984,-0.34572093561213224,-0.00016829357304415027,57.46671700424405,142,22,292,334,5.684341886080802e-14,0.26130325287621625,0.99
seen,mixed,4,lightgbm,seen_test,conformal_upper_bound,0.15,2,1288,-0.0010473080726198553,0.0,-0.00030325329266766974,-0.3969244533063847,-0.000161787343992782,82.80214083445824,142,22,301,325,5.684341886080802e-14,0.26130325287621625,0.99
seen,mixed,4,lightgbm,seen_test,conformal_upper_bound,0.15,3,1288,-0.000627045975052837,0.0,-0.0001282148803963654,-0.3969244533063847,-7.492380637493891e-05,125.49212161581063,142,22,361,265,5.684341886080802e-14,0.26130325287621625,0.99
seen,mixed,4,lightgbm,seen_test,conformal_upper_bound,0.2,1,1288,-0.0010537646402230246,0.0,-0.00033027543581581984,-0.34572093561213224,-0.00016829357304415027,57.505465766465576,142,22,292,334,5.684341886080802e-14,0.26130325287621625,0.99
seen,mixed,4,lightgbm,seen_test,conformal_upper_bound,0.2,2,1288,-0.0010473080726198553,0.0,-0.00030325329266766974,-0.3969244533063847,-0.000161787343992782,85.28785307352985,142,22,299,327,5.684341886080802e-14,0.26130325287621625,0.99
seen,mixed,4,lightgbm,seen_test,conformal_upper_bound,0.2,3,1288,-0.0006735931921006638,0.0,-0.00014075791921281023,-0.3969244533063847,-8.23201534961593e-05,131.80014453253702,142,22,351,275,5.684341886080802e-14,0.26130325287621625,0.99
seen,mixed,5,persistence,seen_test,reference_no_forecast,0.0,0,1234,0.0,0.0,0.0,0.0,0.0,0.0,115,0,0,0,0.0,0.2969708251748879,0.99
seen,mixed,5,persistence,seen_test,median,0.05,1,1234,0.0,0.0,0.0,0.0,0.0,0.0,109,0,0,570,0.0,0.2969708251748879,0.99
seen,mixed,5,persistence,seen_test,median,0.05,2,1234,0.0,0.0,0.0,0.0,0.0,0.0,109,0,0,570,0.0,0.2969708251748879,0.99
seen,mixed,5,persistence,seen_test,median,0.05,3,1234,0.0,0.0,0.0,0.0,0.0,0.0,109,0,0,570,0.0,0.2969708251748879,0.99
seen,mixed,5,persistence,seen_test,median,0.1,1,1234,0.0,0.0,0.0,0.0,0.0,0.0,109,0,0,570,0.0,0.2969708251748879,0.99
seen,mixed,5,persistence,seen_test,median,0.1,2,1234,0.0,0.0,0.0,0.0,0.0,0.0,109,0,0,570,0.0,0.2969708251748879,0.99
seen,mixed,5,persistence,seen_test,median,0.1,3,1234,0.0,0.0,0.0,0.0,0.0,0.0,109,0,0,570,0.0,0.2969708251748879,0.99
seen,mixed,5,persistence,seen_test,median,0.15,1,1234,0.0,0.0,0.0,0.0,0.0,0.0,109,0,0,570,0.0,0.2969708251748879,0.99
seen,mixed,5,persistence,seen_test,median,0.15,2,1234,0.0,0.0,0.0,0.0,0.0,0.0,109,0,0,570,0.0,0.2969708251748879,0.99
seen,mixed,5,persistence,seen_test,median,0.15,3,1234,0.0,0.0,0.0,0.0,0.0,0.0,109,0,0,570,0.0,0.2969708251748879,0.99
seen,mixed,5,persistence,seen_test,median,0.2,1,1234,0.0,0.0,0.0,0.0,0.0,0.0,109,0,0,570,0.0,0.2969708251748879,0.99
seen,mixed,5,persistence,seen_test,median,0.2,2,1234,0.0,0.0,0.0,0.0,0.0,0.0,109,0,0,570,0.0,0.2969708251748879,0.99
seen,mixed,5,persistence,seen_test,median,0.2,3,1234,0.0,0.0,0.0,0.0,0.0,0.0,109,0,0,570,0.0,0.2969708251748879,0.99
seen,mixed,5,persistence,seen_test,conformal_upper_bound,0.05,1,1234,0.0006535251215559182,0.0,0.0001249844472353681,-0.15284999999999993,4.6059560995376e-05,107.41455000000026,57,71,727,4624,5.684341886080802e-14,0.2969708251748879,0.99
seen,mixed,5,persistence,seen_test,conformal_upper_bound,0.05,2,1234,0.0005331037277147505,0.0,0.00013012691518318425,-0.24094999999999978,3.576143757295481e-05,127.7549000000002,57,71,761,4590,5.684341886080802e-14,0.2969708251748879,0.99
seen,mixed,5,persistence,seen_test,conformal_upper_bound,0.05,3,1234,0.0007549432739060025,0.0,0.00015247569710618217,-0.5049999999999999,5.6686176369587235e-05,149.95430000000016,57,71,844,4507,5.684341886080802e-14,0.2969708251748879,0.99
seen,mixed,5,persistence,seen_test,conformal_upper_bound,0.1,1,1234,0.00034440842787682646,0.0,6.073677919599168e-05,-0.3389999999999995,5.057840557129762e-06,129.3752000000003,57,71,687,4664,5.684341886080802e-14,0.2969708251748879,0.99
seen,mixed,5,persistence,seen_test,conformal_upper_bound,0.1,2,1234,0.00031369529983792777,0.0,8.907462192750255e-05,-0.48189999999999955,1.0336103268619519e-05,151.1376000000002,57,71,653,4698,5.684341886080802e-14,0.2969708251748879,0.99
seen,mixed,5,persistence,seen_test,conformal_upper_bound,0.1,3,1234,0.00015907617504052108,0.0,3.9594902395315204e-05,-0.5049999999999999,-1.1822428960214888e-05,187.83060000000023,57,71,680,4671,5.684341886080802e-14,0.2969708251748879,0.99
seen,mixed,5,persistence,seen_test,conformal_upper_bound,0.15,1,1234,0.0003128038897893057,0.0,5.285927718015898e-05,-0.3780000000000001,1.3830534760454375e-06,129.9930000000003,57,71,687,4664,5.684341886080802e-14,0.2969708251748879,0.99
seen,mixed,5,persistence,seen_test,conformal_upper_bound,0.15,2,1234,0.00021636952998379427,0.0,6.556149056183903e-05,-0.5410000000000004,-8.946496956121623e-08,152.34700000000018,57,71,640,4711,5.684341886080802e-14,0.2969708251748879,0.99
seen,mixed,5,persistence,seen_test,conformal_upper_bound,0.15,3,1234,6.482982171799753e-06,0.0,5.107433562968001e-06,-0.5049999999999999,-2.8024736061628076e-05,198.62490000000028,57,71,658,4693,5.684341886080802e-14,0.2969708251748879,0.99
seen,mixed,5,persistence,seen_test,conformal_upper_bound,0.2,1,1234,0.0003128038897893057,0.0,5.285927718015898e-05,-0.3780000000000001,1.3830534760454375e-06,129.9930000000003,57,71,687,4664,5.684341886080802e-14,0.2969708251748879,0.99
seen,mixed,5,persistence,seen_test,conformal_upper_bound,0.2,2,1234,0.00021636952998379427,0.0,6.556149056183903e-05,-0.5410000000000004,-8.946496956121623e-08,152.34700000000018,57,71,640,4711,5.684341886080802e-14,0.2969708251748879,0.99
seen,mixed,5,persistence,seen_test,conformal_upper_bound,0.2,3,1234,6.482982171799753e-06,0.0,5.107433562968001e-06,-0.5049999999999999,-2.8024736061628076e-05,198.86600000000035,57,71,658,4693,5.684341886080802e-14,0.2969708251748879,0.99
seen,mixed,5,seasonal_daily,seen_test,reference_no_forecast,0.0,0,1234,0.0,0.0,0.0,0.0,0.0,0.0,115,0,0,0,0.0,0.2969708251748879,0.99
seen,mixed,5,seasonal_daily,seen_test,median,0.05,1,1234,0.004194732576985409,0.0,0.0006856516254066857,-0.3340000000000005,0.00040615685298226047,182.53315,29,47,698,108,5.684341886080802e-14,0.2969708251748879,0.99
seen,mixed,5,seasonal_daily,seen_test,median,0.05,2,1234,0.002248136142625599,0.0,0.00038780397355112295,-0.7753499999999995,0.00024891451534917234,187.86215000000004,29,47,713,93,5.684341886080802e-14,0.2969708251748879,0.99
seen,mixed,5,seasonal_daily,seen_test,median,0.05,3,1234,0.001976944894651532,0.0,0.00032075374891205006,-1.2750499999999994,0.00017988239679169046,190.25975000000003,29,47,718,88,5.684341886080802e-14,0.2969708251748879,0.99
seen,mixed,5,seasonal_daily,seen_test,median,0.1,1,1234,0.0025397082658022534,0.0,0.0003219378877568515,-0.5198999999999998,0.00024139046615160613,328.7124000000001,29,47,657,149,5.684341886080802e-14,0.2969708251748879,0.99
seen,mixed,5,seasonal_daily,seen_test,median,0.1,2,1234,-0.006544813614262572,0.0,-0.0012397008467415257,-1.550699999999999,-0.0005772394362980534,345.97090000000014,29,47,674,132,5.684341886080802e-14,0.2969708251748879,0.99
seen,mixed,5,seasonal_daily,seen_test,median,0.1,3,1234,-0.0060668557536466845,0.0,-0.0011759909843409274,-1.5729999999999995,-0.0006106557632316184,344.68900000000014,29,47,671,135,5.684341886080802e-14,0.2969708251748879,0.99
seen,mixed,5,seasonal_daily,seen_test,median,0.15,1,1234,-0.001987398703403577,0.0,-0.0005969682396239846,-0.7672499999999998,-0.0001921083322069017,452.2087499999998,29,47,640,166,5.684341886080802e-14,0.2969708251748879,0.99
seen,mixed,5,seasonal_daily,seen_test,median,0.15,2,1234,-0.016881847649918978,0.0,-0.0032232550513063454,-1.7291999999999996,-0.001442210682449805,476.4013499999998,29,47,631,175,5.684341886080802e-14,0.2969708251748879,0.99
seen,mixed,5,seasonal_daily,seen_test,median,0.15,3,1234,-0.01517139384116695,0.0,-0.0028973923833799857,-2.1875500000000017,-0.0013248718463209476,470.96869999999967,29,47,618,188,5.684341886080802e-14,0.2969708251748879,0.99
seen,mixed,5,seasonal_daily,seen_test,median,0.2,1,1234,-0.013188330632090775,0.0,-0.0028253734756657407,-1.0229999999999997,-0.001238990169008521,554.8509999999998,29,47,612,194,5.684341886080802e-14,0.2969708251748879,0.99
seen,mixed,5,seasonal_daily,seen_test,median,0.2,2,1234,-0.02869513776337117,0.0,-0.005557274375786664,-1.8892000000000007,-0.0024394874775535446,583.4439999999996,29,47,607,199,5.684341886080802e-14,0.2969708251748879,0.99
seen,mixed,5,seasonal_daily,seen_test,median,0.2,3,1234,-0.025848460291734224,0.0,-0.005013572765726376,-2.7730000000000015,-0.002214426869917335,573.7339999999999,29,47,596,210,5.684341886080802e-14,0.2969708251748879,0.99
seen,mixed,5,seasonal_daily,seen_test,conformal_upper_bound,0.05,1,1234,-0.004758508914100498,0.0,-0.0010534128841750512,-0.7727000000000004,-0.0005399304701122316,840.0917499999993,1,274,3270,1044,5.684341886080802e-14,0.2969708251748879,0.99
seen,mixed,5,seasonal_daily,seen_test,conformal_upper_bound,0.05,2,1234,-0.005890640194489481,0.0,-0.001216228936905245,-1.3936000000000002,-0.000677532783296745,926.4381499999997,1,274,3522,792,5.684341886080802e-14,0.2969708251748879,0.99
seen,mixed,5,seasonal_daily,seen_test,conformal_upper_bound,0.05,3,1234,-0.0070495948136142725,0.0,-0.0016598742874591333,-1.5840000000000023,-0.0008368150241682951,944.5476999999995,1,274,3562,752,1.1368683772161603e-13,0.2969708251748879,0.99
seen,mixed,5,seasonal_daily,seen_test,conformal_upper_bound,0.1,1,1234,-0.02712406807131283,0.0,-0.0059769119275313075,-1.5550000000000006,-0.0026771593950018478,1471.6397999999992,1,274,3058,1256,5.684341886080802e-14,0.2969708251748879,0.99
seen,mixed,5,seasonal_daily,seen_test,conformal_upper_bound,0.1,2,1234,-0.040399513776337125,0.0,-0.008388076360256177,-2.0199999999999996,-0.004003769347134057,1579.5174999999988,1,274,3175,1139,1.1368683772161603e-13,0.2969708251748879,0.99
seen,mixed,5,seasonal_daily,seen_test,conformal_upper_bound,0.1,3,1234,-0.03692949756888169,0.0,-0.008143112559723305,-2.0200000000000005,-0.0036412774554311234,1574.287899999999,1,274,3112,1202,5.684341886080802e-14,0.2969708251748879,0.99
seen,mixed,5,seasonal_daily,seen_test,conformal_upper_bound,0.15,1,1234,-0.05235494327390604,0.0,-0.01151764492553494,-1.7160000000000002,-0.0050586329467630494,1949.310650000001,1,274,2857,1457,1.1368683772161603e-13,0.2969708251748879,0.99
seen,mixed,5,seasonal_daily,seen_test,conformal_upper_bound,0.15,2,1234,-0.07180826580226911,0.0,-0.015756727848511305,-2.0200000000000005,-0.0068479572602755355,2046.3892000000005,1,274,2847,1467,1.1368683772161603e-13,0.2969708251748879,0.99
seen,mixed,5,seasonal_daily,seen_test,conformal_upper_bound,0.15,3,1234,-0.06850097244732578,0.0,-0.015147227893298804,-2.24085,-0.0064847653799353505,2007.5003499999998,1,274,2754,1560,5.684341886080802e-14,0.2969708251748879,0.99
seen,mixed,5,seasonal_daily,seen_test,conformal_upper_bound,0.2,1,1234,-0.07450129659643441,0.0,-0.016413979099292177,-2.0200000000000005,-0.007124541032712379,2314.2874000000015,1,274,2709,1605,5.684341886080802e-14,0.2969708251748879,0.99
seen,mixed,5,seasonal_daily,seen_test,conformal_upper_bound,0.2,2,1234,-0.1002640194489466,0.0,-0.022447263462412628,-2.5970000000000004,-0.009234810787832129,2409.742400000001,1,274,2645,1669,5.684341886080802e-14,0.2969708251748879,0.99
seen,mixed,5,seasonal_daily,seen_test,conformal_upper_bound,0.2,3,1234,-0.09413484602917346,0.0,-0.021392353096354635,-2.3500000000000005,-0.008771459212701466,2333.1885999999995,1,274,2518,1796,1.1368683772161603e-13,0.2969708251748879,0.99
seen,mixed,5,seasonal_weekly,seen_test,reference_no_forecast,0.0,0,1234,0.0,0.0,0.0,0.0,0.0,0.0,115,0,0,0,0.0,0.2969708251748879,0.99
seen,mixed,5,seasonal_weekly,seen_test,median,0.05,1,1234,-0.0075371150729335555,0.0,-0.0014495030265313845,-0.7831000000000001,-0.000665118678729284,204.5065500000001,51,45,798,71,5.684341886080802e-14,0.2969708251748879,0.99
seen,mixed,5,seasonal_weekly,seen_test,median,0.05,2,1234,-0.006530956239870343,0.0,-0.0012917116498589788,-1.03315,-0.0005932039457031562,222.2630500000001,51,45,847,22,5.684341886080802e-14,0.2969708251748879,0.99
seen,mixed,5,seasonal_weekly,seen_test,median,0.05,3,1234,-0.003911912479740682,0.0,-0.0008184997730994937,-1.03315,-0.00037698219886616175,218.70220000000006,51,45,833,36,5.684341886080802e-14,0.2969708251748879,0.99
seen,mixed,5,seasonal_weekly,seen_test,median,0.1,1,1234,-0.01987171799027553,0.0,-0.0038857015948429085,-1.5300000000000002,-0.001651767242906385,370.48380000000014,51,45,755,114,5.684341886080802e-14,0.2969708251748879,0.99
seen,mixed,5,seasonal_weekly,seen_test,median,0.1,2,1234,-0.019083063209076184,0.0,-0.00376579100036395,-1.441699999999999,-0.0016386261149743807,395.6944000000001,51,45,797,72,5.684341886080802e-14,0.2969708251748879,0.99
seen,mixed,5,seasonal_weekly,seen_test,median,0.1,3,1234,-0.015282171799027558,0.0,-0.0030439111309160157,-1.441699999999999,-0.00137483766248174,382.35960000000006,51,45,765,104,5.684341886080802e-14,0.2969708251748879,0.99
seen,mixed,5,seasonal_weekly,seen_test,median,0.15,1,1234,-0.033700486223662895,0.0,-0.006708156909319535,-1.5300000000000002,-0.0028242053654490003,497.3981,51,45,714,155,5.684341886080802e-14,0.2969708251748879,0.99
seen,mixed,5,seasonal_weekly,seen_test,median,0.15,2,1234,-0.02927115072933552,0.0,-0.005810590047270196,-1.8770000000000007,-0.002527726763007257,513.8010000000002,51,45,717,152,5.684341886080802e-14,0.2969708251748879,0.99
seen,mixed,5,seasonal_weekly,seen_test,median,0.15,3,1234,-0.023853970826580258,0.0,-0.004728185903026654,-1.8770000000000007,-0.0021210255175076404,491.1363,51,45,674,195,5.684341886080802e-14,0.2969708251748879,0.99
seen,mixed,5,seasonal_weekly,seen_test,median,0.2,1,1234,-0.04375721231766615,0.0,-0.008732626681304397,-1.8383999999999991,-0.003584454681829832,586.7402,51,45,690,179,5.684341886080802e-14,0.2969708251748879,0.99
seen,mixed,5,seasonal_weekly,seen_test,median,0.2,2,1234,-0.036029173419773124,0.0,-0.0071738862807773935,-1.8769999999999998,-0.0030999969557534684,596.3932000000002,51,45,669,200,5.684341886080802e-14,0.2969708251748879,0.99
seen,mixed,5,seasonal_weekly,seen_test,median,0.2,3,1234,-0.03204829821717991,0.0,-0.006311421822956044,-1.8769999999999998,-0.0027907506458350172,565.0764000000001,51,45,617,252,5.684341886080802e-14,0.2969708251748879,0.99
seen,mixed,5,seasonal_weekly,seen_test,conformal_upper_bound,0.05,1,1234,-0.01111641004862237,0.0,-0.0026026139727476855,-0.7771999999999997,-0.0013108742873061646,897.8766500000007,0,301,3535,1522,1.1368683772161603e-13,0.2969708251748879,0.99
seen,mixed,5,seasonal_weekly,seen_test,conformal_upper_bound,0.05,2,1234,-0.007586021069692074,0.0,-0.0014969314763607564,-0.9050000000000002,-0.0008110983589712065,977.102150000001,0,301,3772,1285,1.1368683772161603e-13,0.2969708251748879,0.99
seen,mixed,5,seasonal_weekly,seen_test,conformal_upper_bound,0.05,3,1234,-0.005034805510534856,0.0,-0.0011895383615552959,-0.9050000000000002,-0.0006597951784270921,1001.5155500000016,0,301,3821,1236,1.1368683772161603e-13,0.2969708251748879,0.99
seen,mixed,5,seasonal_weekly,seen_test,conformal_upper_bound,0.1,1,1234,-0.04253670988654781,0.0,-0.010150882265915744,-1.628099999999999,-0.004379552018320734,1569.172500000002,0,301,3303,1754,1.1368683772161603e-13,0.2969708251748879,0.99
seen,mixed,5,seasonal_weekly,seen_test,conformal_upper_bound,0.1,2,1234,-0.04290388978930308,0.0,-0.00958159572338681,-1.5510000000000002,-0.00410759702173466,1669.408100000001,0,301,3400,1657,1.1368683772161603e-13,0.2969708251748879,0.99
seen,mixed,5,seasonal_weekly,seen_test,conformal_upper_bound,0.1,3,1234,-0.04769521880064832,0.0,-0.010955329700884373,-2.460700000000001,-0.0045578322688884995,1691.545800000001,0,301,3382,1675,1.1368683772161603e-13,0.2969708251748879,0.99
seen,mixed,5,seasonal_weekly,seen_test,conformal_upper_bound,0.15,1,1234,-0.0801635737439222,0.0,-0.019146224905172354,-2.4796999999999993,-0.007808608745339095,2104.739900000001,0,301,3144,1913,5.684341886080802e-14,0.2969708251748879,0.99
seen,mixed,5,seasonal_weekly,seen_test,conformal_upper_bound,0.15,2,1234,-0.08299371961102113,0.0,-0.018972989975898524,-2.2695000000000007,-0.007516620491803323,2193.733599999998,0,301,3146,1911,1.1368683772161603e-13,0.2969708251748879,0.99
seen,mixed,5,seasonal_weekly,seen_test,conformal_upper_bound,0.15,3,1234,-0.08898889789303084,0.0,-0.020169233178379972,-2.4619999999999997,-0.008041676886586333,2205.4212499999985,0,301,3064,1993,1.1368683772161603e-13,0.2969708251748879,0.99
seen,mixed,5,seasonal_weekly,seen_test,conformal_upper_bound,0.2,1,1234,-0.11259497568881689,0.0,-0.026912360565266507,-2.4859999999999998,-0.010607512169700128,2514.7261999999996,0,301,3012,2045,5.684341886080802e-14,0.2969708251748879,0.99
seen,mixed,5,seasonal_weekly,seen_test,conformal_upper_bound,0.2,2,1234,-0.115359319286872,0.0,-0.02658444208471654,-2.6979999999999995,-0.01019766389684738,2592.4864,0,301,2947,2110,1.1368683772161603e-13,0.2969708251748879,0.99
seen,mixed,5,seasonal_weekly,seen_test,conformal_upper_bound,0.2,3,1234,-0.1168980551053485,0.0,-0.02676154363258272,-2.599,-0.010334562785952807,2603.4592,0,301,2855,2202,1.1368683772161603e-13,0.2969708251748879,0.99
seen,mixed,5,elastic_net,seen_test,reference_no_forecast,0.0,0,1234,0.0,0.0,0.0,0.0,0.0,0.0,115,0,0,0,0.0,0.2969708251748879,0.99
seen,mixed,5,elastic_net,seen_test,median,0.05,1,1234,0.0,0.0,0.0,0.0,0.0,0.020775411389221787,114,0,2,15,5.684341886080802e-14,0.2969708251748879,0.99
seen,mixed,5,elastic_net,seen_test,median,0.05,2,1234,0.0,0.0,0.0,0.0,0.0,0.020775411389221787,114,0,2,15,0.0,0.2969708251748879,0.99
seen,mixed,5,elastic_net,seen_test,median,0.05,3,1234,0.0,0.0,0.0,0.0,0.0,0.020775411389221787,114,0,2,15,5.684341886080802e-14,0.2969708251748879,0.99
seen,mixed,5,elastic_net,seen_test,median,0.1,1,1234,0.0,0.0,0.0,0.0,0.0,0.020775411389221787,114,0,2,15,5.684341886080802e-14,0.2969708251748879,0.99
seen,mixed,5,elastic_net,seen_test,median,0.1,2,1234,0.0,0.0,0.0,0.0,0.0,0.020775411389221787,114,0,2,15,0.0,0.2969708251748879,0.99
seen,mixed,5,elastic_net,seen_test,median,0.1,3,1234,0.0,0.0,0.0,0.0,0.0,0.020775411389221787,114,0,2,15,5.684341886080802e-14,0.2969708251748879,0.99
seen,mixed,5,elastic_net,seen_test,median,0.15,1,1234,0.0,0.0,0.0,0.0,0.0,0.020775411389221787,114,0,2,15,5.684341886080802e-14,0.2969708251748879,0.99
seen,mixed,5,elastic_net,seen_test,median,0.15,2,1234,0.0,0.0,0.0,0.0,0.0,0.020775411389221787,114,0,2,15,0.0,0.2969708251748879,0.99
seen,mixed,5,elastic_net,seen_test,median,0.15,3,1234,0.0,0.0,0.0,0.0,0.0,0.020775411389221787,114,0,2,15,5.684341886080802e-14,0.2969708251748879,0.99
seen,mixed,5,elastic_net,seen_test,median,0.2,1,1234,0.0,0.0,0.0,0.0,0.0,0.020775411389221787,114,0,2,15,5.684341886080802e-14,0.2969708251748879,0.99
seen,mixed,5,elastic_net,seen_test,median,0.2,2,1234,0.0,0.0,0.0,0.0,0.0,0.020775411389221787,114,0,2,15,0.0,0.2969708251748879,0.99
seen,mixed,5,elastic_net,seen_test,median,0.2,3,1234,0.0,0.0,0.0,0.0,0.0,0.020775411389221787,114,0,2,15,5.684341886080802e-14,0.2969708251748879,0.99
seen,mixed,5,elastic_net,seen_test,conformal_upper_bound,0.05,1,1234,-0.0001490786839193686,0.0,-2.7781751937568282e-05,-0.13852899469105484,-2.6045196581121473e-05,28.80963763882847,85,2,211,867,1.1368683772161603e-13,0.2969708251748879,0.99
seen,mixed,5,elastic_net,seen_test,conformal_upper_bound,0.05,2,1234,-0.00012205485970263451,0.0,-2.1930164646341427e-05,-0.13852899469105484,-2.0294910780249463e-05,31.261151342100245,85,2,208,870,5.684341886080802e-14,0.2969708251748879,0.99
seen,mixed,5,elastic_net,seen_test,conformal_upper_bound,0.05,3,1234,-5.956417561308878e-05,0.0,-1.9097472533902703e-05,-0.21220672302153254,-2.5047947131519974e-05,46.34407129678508,85,2,269,809,1.1368683772161603e-13,0.2969708251748879,0.99
seen,mixed,5,elastic_net,seen_test,conformal_upper_bound,0.1,1,1234,-0.0001490786839193686,0.0,-2.7781751937568282e-05,-0.13852899469105484,-2.6045196581121473e-05,31.802535193481305,85,2,205,873,1.1368683772161603e-13,0.2969708251748879,0.99
seen,mixed,5,elastic_net,seen_test,conformal_upper_bound,0.1,2,1234,-0.00012205485970263451,0.0,-2.1930164646341427e-05,-0.13852899469105484,-2.0294910780249463e-05,34.00303894250027,85,2,180,898,5.684341886080802e-14,0.2969708251748879,0.99
seen,mixed,5,elastic_net,seen_test,conformal_upper_bound,0.1,3,1234,-0.0002985539690796222,0.0,-6.0179572248838106e-05,-0.2135929499995486,-5.190325227888048e-05,54.69332746095189,85,2,221,857,5.684341886080802e-14,0.2969708251748879,0.99
seen,mixed,5,elastic_net,seen_test,conformal_upper_bound,0.15,1,1234,-0.0001490786839193686,0.0,-2.7781751937568282e-05,-0.13852899469105484,-2.6045196581121473e-05,31.841668088798357,85,2,205,873,1.1368683772161603e-13,0.2969708251748879,0.99
seen,mixed,5,elastic_net,seen_test,conformal_upper_bound,0.15,2,1234,-0.00012205485970263451,0.0,-2.1930164646341427e-05,-0.13852899469105484,-2.0294910780249463e-05,34.206720970078564,85,2,178,900,5.684341886080802e-14,0.2969708251748879,0.99
seen,mixed,5,elastic_net,seen_test,conformal_upper_bound,0.15,3,1234,-0.0004943110813110516,0.0,-9.390172767199565e-05,-0.43569282948075116,-7.195648321739081e-05,57.08866510686715,85,2,215,863,5.684341886080802e-14,0.2969708251748879,0.99
seen,mixed,5,elastic_net,seen_test,conformal_upper_bound,0.2,1,1234,-0.0001490786839193686,0.0,-2.7781751937568282e-05,-0.13852899469105484,-2.6045196581121473e-05,31.841668088798357,85,2,205,873,1.1368683772161603e-13,0.2969708251748879,0.99
seen,mixed,5,elastic_net,seen_test,conformal_upper_bound,0.2,2,1234,-0.00012205485970263451,0.0,-2.1930164646341427e-05,-0.13852899469105484,-2.0294910780249463e-05,34.206720970078564,85,2,178,900,5.684341886080802e-14,0.2969708251748879,0.99
seen,mixed,5,elastic_net,seen_test,conformal_upper_bound,0.2,3,1234,-0.0006011584275449236,0.0,-0.00011230781660117254,-0.5675424547333492,-8.226048621792865e-05,57.26004694259479,85,2,215,863,5.684341886080802e-14,0.2969708251748879,0.99
seen,mixed,5,lightgbm,seen_test,reference_no_forecast,0.0,0,1234,0.0,0.0,0.0,0.0,0.0,0.0,115,0,0,0,0.0,0.2969708251748879,0.99
seen,mixed,5,lightgbm,seen_test,median,0.05,1,1234,0.0,0.0,0.0,0.0,0.0,0.0,115,0,0,0,0.0,0.2969708251748879,0.99
seen,mixed,5,lightgbm,seen_test,median,0.05,2,1234,0.0,0.0,0.0,0.0,0.0,0.0,115,0,0,0,0.0,0.2969708251748879,0.99
seen,mixed,5,lightgbm,seen_test,median,0.05,3,1234,0.0,0.0,0.0,0.0,0.0,0.0,115,0,0,0,0.0,0.2969708251748879,0.99
seen,mixed,5,lightgbm,seen_test,median,0.1,1,1234,0.0,0.0,0.0,0.0,0.0,0.0,115,0,0,0,0.0,0.2969708251748879,0.99
seen,mixed,5,lightgbm,seen_test,median,0.1,2,1234,0.0,0.0,0.0,0.0,0.0,0.0,115,0,0,0,0.0,0.2969708251748879,0.99
seen,mixed,5,lightgbm,seen_test,median,0.1,3,1234,0.0,0.0,0.0,0.0,0.0,0.0,115,0,0,0,0.0,0.2969708251748879,0.99
seen,mixed,5,lightgbm,seen_test,median,0.15,1,1234,0.0,0.0,0.0,0.0,0.0,0.0,115,0,0,0,0.0,0.2969708251748879,0.99
seen,mixed,5,lightgbm,seen_test,median,0.15,2,1234,0.0,0.0,0.0,0.0,0.0,0.0,115,0,0,0,0.0,0.2969708251748879,0.99
seen,mixed,5,lightgbm,seen_test,median,0.15,3,1234,0.0,0.0,0.0,0.0,0.0,0.0,115,0,0,0,0.0,0.2969708251748879,0.99
seen,mixed,5,lightgbm,seen_test,median,0.2,1,1234,0.0,0.0,0.0,0.0,0.0,0.0,115,0,0,0,0.0,0.2969708251748879,0.99
seen,mixed,5,lightgbm,seen_test,median,0.2,2,1234,0.0,0.0,0.0,0.0,0.0,0.0,115,0,0,0,0.0,0.2969708251748879,0.99
seen,mixed,5,lightgbm,seen_test,median,0.2,3,1234,0.0,0.0,0.0,0.0,0.0,0.0,115,0,0,0,0.0,0.2969708251748879,0.99
seen,mixed,5,lightgbm,seen_test,conformal_upper_bound,0.05,1,1234,-0.0008069844555945354,0.0,-0.00015385704513225153,-0.4134756595705751,-8.901179136028578e-05,12.059448439511026,97,9,62,8,5.684341886080802e-14,0.2969708251748879,0.99
seen,mixed,5,lightgbm,seen_test,conformal_upper_bound,0.05,2,1234,-9.9298030038857e-05,0.0,-2.372712784679976e-05,-0.12253376906794955,-1.3082982482251172e-05,13.796616424641073,97,9,63,7,5.684341886080802e-14,0.2969708251748879,0.99
seen,mixed,5,lightgbm,seen_test,conformal_upper_bound,0.05,3,1234,-0.0004491516285959803,0.0,-9.573837723688558e-05,-0.2413109684429271,-5.4030515158727555e-05,16.54198618210564,97,9,70,0,5.684341886080802e-14,0.2969708251748879,0.99
seen,mixed,5,lightgbm,seen_test,conformal_upper_bound,0.1,1,1234,-0.0009701271624187242,0.0,-0.00018559254955924001,-0.4134756595705751,-0.00010683506691230018,14.441498975544121,97,9,48,22,5.684341886080802e-14,0.2969708251748879,0.99
seen,mixed,5,lightgbm,seen_test,conformal_upper_bound,0.1,2,1234,-0.0001959860308026604,0.0,-4.3700561576184716e-05,-0.1535630048976584,-2.2960715549081105e-05,17.12806595427419,97,9,46,24,5.684341886080802e-14,0.2969708251748879,0.99
seen,mixed,5,lightgbm,seen_test,conformal_upper_bound,0.1,3,1234,-0.0013528920634014736,0.0,-0.0002842488129413279,-0.4826219368858533,-0.00015438054521330253,27.090321188380067,97,9,61,9,5.684341886080802e-14,0.2969708251748879,0.99
seen,mixed,5,lightgbm,seen_test,conformal_upper_bound,0.15,1,1234,-0.0009701271624187242,0.0,-0.00018559254955924001,-0.4134756595705751,-0.00010683506691230018,14.441498975544121,97,9,48,22,5.684341886080802e-14,0.2969708251748879,0.99
seen,mixed,5,lightgbm,seen_test,conformal_upper_bound,0.15,2,1234,-0.0001959860308026604,0.0,-4.3700561576184716e-05,-0.1535630048976584,-2.2960715549081105e-05,17.660796419682203,97,9,40,30,5.684341886080802e-14,0.2969708251748879,0.99
seen,mixed,5,lightgbm,seen_test,conformal_upper_bound,0.15,3,1234,-0.001804241702108538,0.0,-0.0003728845028292821,-0.630881060468985,-0.00020006353054015757,30.184963215101526,97,9,60,10,5.684341886080802e-14,0.2969708251748879,0.99
seen,mixed,5,lightgbm,seen_test,conformal_upper_bound,0.2,1,1234,-0.0009701271624187242,0.0,-0.00018559254955924001,-0.4134756595705751,-0.00010683506691230018,14.441498975544121,97,9,48,22,5.684341886080802e-14,0.2969708251748879,0.99
seen,mixed,5,lightgbm,seen_test,conformal_upper_bound,0.2,2,1234,-0.0001959860308026604,0.0,-4.3700561576184716e-05,-0.1535630048976584,-2.2960715549081105e-05,17.660796419682203,97,9,40,30,5.684341886080802e-14,0.2969708251748879,0.99
seen,mixed,5,lightgbm,seen_test,conformal_upper_bound,0.2,3,1234,-0.0018904627239810419,0.0,-0.00038773739204073845,-0.630881060468985,-0.00020812606810991928,30.319381348059274,97,9,60,10,5.684341886080802e-14,0.2969708251748879,0.99
seen,mixed,10,persistence,seen_test,reference_no_forecast,0.0,0,1620,0.0,0.0,0.0,0.0,0.0,0.0,209,0,0,0,0.0,0.3463316087510941,0.99
seen,mixed,10,persistence,seen_test,median,0.05,1,1620,0.0,0.0,0.0,0.0,0.0,0.0,188,1,0,2090,0.0,0.3463316087510941,0.99
seen,mixed,10,persistence,seen_test,median,0.05,2,1620,0.0,0.0,0.0,0.0,0.0,0.0,188,1,0,2090,0.0,0.3463316087510941,0.99
seen,mixed,10,persistence,seen_test,median,0.05,3,1620,0.0,0.0,0.0,0.0,0.0,0.0,188,1,0,2090,0.0,0.3463316087510941,0.99
seen,mixed,10,persistence,seen_test,median,0.1,1,1620,0.0,0.0,0.0,0.0,0.0,0.0,188,1,0,2090,0.0,0.3463316087510941,0.99
seen,mixed,10,persistence,seen_test,median,0.1,2,1620,0.0,0.0,0.0,0.0,0.0,0.0,188,1,0,2090,0.0,0.3463316087510941,0.99
seen,mixed,10,persistence,seen_test,median,0.1,3,1620,0.0,0.0,0.0,0.0,0.0,0.0,188,1,0,2090,0.0,0.3463316087510941,0.99
seen,mixed,10,persistence,seen_test,median,0.15,1,1620,0.0,0.0,0.0,0.0,0.0,0.0,188,1,0,2090,0.0,0.3463316087510941,0.99
seen,mixed,10,persistence,seen_test,median,0.15,2,1620,0.0,0.0,0.0,0.0,0.0,0.0,188,1,0,2090,0.0,0.3463316087510941,0.99
seen,mixed,10,persistence,seen_test,median,0.15,3,1620,0.0,0.0,0.0,0.0,0.0,0.0,188,1,0,2090,0.0,0.3463316087510941,0.99
seen,mixed,10,persistence,seen_test,median,0.2,1,1620,0.0,0.0,0.0,0.0,0.0,0.0,188,1,0,2090,0.0,0.3463316087510941,0.99
seen,mixed,10,persistence,seen_test,median,0.2,2,1620,0.0,0.0,0.0,0.0,0.0,0.0,188,1,0,2090,0.0,0.3463316087510941,0.99
seen,mixed,10,persistence,seen_test,median,0.2,3,1620,0.0,0.0,0.0,0.0,0.0,0.0,188,1,0,2090,0.0,0.3463316087510941,0.99
seen,mixed,10,persistence,seen_test,conformal_upper_bound,0.05,1,1620,-0.00012993209876543707,0.0,-2.0375587684939884e-05,-0.523690000000002,-6.25362954107835e-06,450.0484900000024,81,139,1937,11134,2.2737367544323206e-13,0.3463316087510941,0.99
seen,mixed,10,persistence,seen_test,conformal_upper_bound,0.05,2,1620,-0.0004486358024691409,0.0,-0.00012464155816808604,-0.7173500000000006,-6.045540059688639e-05,519.0419000000023,81,139,2075,10996,1.1368683772161603e-13,0.3463316087510941,0.99
seen,mixed,10,persistence,seen_test,conformal_upper_bound,0.05,3,1620,-0.00016036419753086788,0.0,-7.543895410024397e-05,-0.725690000000002,-4.0272664404449606e-05,620.7888100000025,81,139,2237,10834,2.2737367544323206e-13,0.3463316087510941,0.99
seen,mixed,10,persistence,seen_test,conformal_upper_bound,0.1,1,1620,-0.0010725802469135914,0.0,-0.00014773145620424743,-0.7038000000000002,-6.091188860631361e-05,556.0960800000029,81,139,1705,11366,1.1368683772161603e-13,0.3463316087510941,0.99
seen,mixed,10,persistence,seen_test,conformal_upper_bound,0.1,2,1620,-0.0014761851851851934,0.0,-0.0002868319330263447,-0.8836900000000032,-0.00012538427749038622,604.2657800000025,81,139,1647,11424,1.1368683772161603e-13,0.3463316087510941,0.99
seen,mixed,10,persistence,seen_test,conformal_upper_bound,0.1,3,1620,-0.0022726358024691465,0.0,-0.00041943285212360504,-0.725690000000002,-0.0002085453315938723,786.741550000002,81,139,1819,11252,2.2737367544323206e-13,0.3463316087510941,0.99
seen,mixed,10,persistence,seen_test,conformal_upper_bound,0.15,1,1620,-0.0012381543209876676,0.0,-0.00017204718272284333,-0.8626900000000024,-7.357202792615995e-05,575.5591100000037,81,139,1705,11366,1.1368683772161603e-13,0.3463316087510941,0.99
seen,mixed,10,persistence,seen_test,conformal_upper_bound,0.15,2,1620,-0.002261141975308659,0.0,-0.00040535033632497824,-1.0497000000000005,-0.00017220987041306204,625.983680000003,81,139,1522,11549,1.1368683772161603e-13,0.3463316087510941,0.99
seen,mixed,10,persistence,seen_test,conformal_upper_bound,0.15,3,1620,-0.003716506172839527,0.0,-0.0006491877441974013,-1.0682999999999998,-0.00031412054038145034,865.0317400000027,81,139,1673,11398,2.2737367544323206e-13,0.3463316087510941,0.99
seen,mixed,10,persistence,seen_test,conformal_upper_bound,0.2,1,1620,-0.0012391049382716197,0.0,-0.00017218425803415579,-0.8626900000000024,-7.366609529351171e-05,575.5882700000036,81,139,1705,11366,1.1368683772161603e-13,0.3463316087510941,0.99
seen,mixed,10,persistence,seen_test,conformal_upper_bound,0.2,2,1620,-0.0023257592592592783,0.0,-0.00041646790428103147,-1.1156900000000016,-0.0001764607384816204,627.0963100000029,81,139,1522,11549,1.1368683772161603e-13,0.3463316087510941,0.99
seen,mixed,10,persistence,seen_test,conformal_upper_bound,0.2,3,1620,-0.004333339506172868,0.0,-0.0007479406174435771,-1.1156900000000016,-0.00036330625400723087,875.3972200000028,81,139,1670,11401,2.2737367544323206e-13,0.3463316087510941,0.99
seen,mixed,10,seasonal_daily,seen_test,reference_no_forecast,0.0,0,1620,0.0,0.0,0.0,0.0,0.0,0.0,209,0,0,0,0.0,0.3463316087510941,0.99
seen,mixed,10,seasonal_daily,seen_test,median,0.05,1,1620,-0.0015218950617283983,0.0,-0.0001942207958803504,-1.6026900000000026,-0.00014217858507319683,523.8036500000006,54,57,1430,266,2.2737367544323206e-13,0.3463316087510941,0.99
seen,mixed,10,seasonal_daily,seen_test,median,0.05,2,1620,0.0003115802469135792,0.0,-1.6362419409057817e-05,-1.6026900000000026,-9.842059813045013e-06,580.1544600000001,54,57,1545,151,1.1368683772161603e-13,0.3463316087510941,0.99
seen,mixed,10,seasonal_daily,seen_test,median,0.05,3,1620,0.0002666481481481425,0.0,-1.6487391370179523e-05,-1.6026900000000026,-2.9645642457005383e-05,576.8391500000001,54,57,1541,155,1.1368683772161603e-13,0.3463316087510941,0.99
seen,mixed,10,seasonal_daily,seen_test,median,0.1,1,1620,-0.015617395061728422,0.0,-0.0019649206588832216,-1.8668000000000013,-0.00111382364700231,948.103030000001,54,57,1369,327,1.1368683772161603e-13,0.3463316087510941,0.99
seen,mixed,10,seasonal_daily,seen_test,median,0.1,2,1620,-0.017119098765432123,0.0,-0.002187960022966812,-2.495690000000004,-0.0011612769511112888,1062.145080000001,54,57,1454,242,1.1368683772161603e-13,0.3463316087510941,0.99
seen,mixed,10,seasonal_daily,seen_test,median,0.1,3,1620,-0.01908129629629631,0.0,-0.002407027077756158,-2.3381999999999996,-0.0012695024668001808,1038.206580000001,54,57,1416,280,1.1368683772161603e-13,0.3463316087510941,0.99
seen,mixed,10,seasonal_daily,seen_test,median,0.15,1,1620,-0.030482598765432144,0.0,-0.003984240073754026,-1.978690000000002,-0.0020965324446000307,1295.5282800000007,54,57,1329,367,1.1368683772161603e-13,0.3463316087510941,0.99
seen,mixed,10,seasonal_daily,seen_test,median,0.15,2,1620,-0.03914214197530866,0.0,-0.004994737851669957,-3.7208499999999978,-0.002505269787904278,1447.7303700000014,54,57,1398,298,1.1368683772161603e-13,0.3463316087510941,0.99
seen,mixed,10,seasonal_daily,seen_test,median,0.15,3,1620,-0.03495521604938276,0.0,-0.0044796557820954205,-3.7208499999999978,-0.002276347717902059,1394.1442600000012,54,57,1319,377,1.1368683772161603e-13,0.3463316087510941,0.99
seen,mixed,10,seasonal_daily,seen_test,median,0.2,1,1620,-0.04473072839506179,0.0,-0.005983057561732788,-2.4868000000000006,-0.0029750494756766374,1574.633780000002,54,57,1268,428,1.1368683772161603e-13,0.3463316087510941,0.99
seen,mixed,10,seasonal_daily,seen_test,median,0.2,2,1620,-0.059873462962963066,0.0,-0.007672210652027361,-4.476690000000002,-0.0037016438637607154,1751.351880000001,54,57,1307,389,1.1368683772161603e-13,0.3463316087510941,0.99
seen,mixed,10,seasonal_daily,seen_test,median,0.2,3,1620,-0.04886719135802475,0.0,-0.006313034554872336,-4.476690000000002,-0.0031095116687729274,1672.2147400000015,54,57,1233,463,1.1368683772161603e-13,0.3463316087510941,0.99
seen,mixed,10,seasonal_daily,seen_test,conformal_upper_bound,0.05,1,1620,-0.003153876543209894,0.0,-0.0004591733596902083,-1.2253000000000007,-0.0003477115901443854,1788.65776,3,325,4957,1950,1.1368683772161603e-13,0.3463316087510941,0.99
seen,mixed,10,seasonal_daily,seen_test,conformal_upper_bound,0.05,2,1620,-0.003723808641975345,0.0,-0.0005193021587282841,-1.373800000000001,-0.00041465224956224164,2076.7236500000004,3,325,5542,1365,1.1368683772161603e-13,0.3463316087510941,0.99
seen,mixed,10,seasonal_daily,seen_test,conformal_upper_bound,0.05,3,1620,0.0014397839506172438,0.0,0.0002041044339210114,-1.5566900000000015,1.4697601761430812e-05,2124.8776900000003,3,325,5610,1297,1.1368683772161603e-13,0.3463316087510941,0.99
seen,mixed,10,seasonal_daily,seen_test,conformal_upper_bound,0.1,1,1620,-0.026716716049382784,0.0,-0.004167646530589813,-1.5445000000000002,-0.002175253862451652,3054.211760000003,3,325,4535,2372,2.2737367544323206e-13,0.3463316087510941,0.99
seen,mixed,10,seasonal_daily,seen_test,conformal_upper_bound,0.1,2,1620,-0.03507664814814818,0.0,-0.005428087825008748,-2.810100000000001,-0.0025895747815613706,3445.026219999999,3,325,4847,2060,2.2737367544323206e-13,0.3463316087510941,0.99
seen,mixed,10,seasonal_daily,seen_test,conformal_upper_bound,0.1,3,1620,-0.03652553703703714,0.0,-0.0054579399328727445,-2.810100000000001,-0.002574493999196928,3422.8994699999985,3,325,4719,2188,1.1368683772161603e-13,0.3463316087510941,0.99
seen,mixed,10,seasonal_daily,seen_test,conformal_upper_bound,0.15,1,1620,-0.06442159259259266,0.0,-0.010330497335571563,-2.1492500000000003,-0.0048609870525516035,4012.8688600000005,3,325,4290,2617,1.1368683772161603e-13,0.3463316087510941,0.99
seen,mixed,10,seasonal_daily,seen_test,conformal_upper_bound,0.15,2,1620,-0.07148886419753099,0.0,-0.011256741770267337,-3.1046900000000006,-0.005145487509392585,4414.154910000002,3,325,4378,2529,1.1368683772161603e-13,0.3463316087510941,0.99
seen,mixed,10,seasonal_daily,seen_test,conformal_upper_bound,0.15,3,1620,-0.07829823456790135,0.0,-0.01191569891797837,-3.504599999999999,-0.005315502634339507,4323.885119999996,3,325,4163,2744,1.1368683772161603e-13,0.3463316087510941,0.99
seen,mixed,10,seasonal_daily,seen_test,conformal_upper_bound,0.2,1,1620,-0.10186043827160517,0.0,-0.016248234437418515,-2.9066,-0.007355911080433257,4738.277000000003,3,325,4076,2831,2.2737367544323206e-13,0.3463316087510941,0.99
seen,mixed,10,seasonal_daily,seen_test,conformal_upper_bound,0.2,2,1620,-0.11066529012345697,0.0,-0.017463524836843037,-3.1046900000000006,-0.007743674062152476,5144.952170000006,3,325,4068,2839,1.1368683772161603e-13,0.3463316087510941,0.99
seen,mixed,10,seasonal_daily,seen_test,conformal_upper_bound,0.2,3,1620,-0.12100850617283962,0.0,-0.01857352210892639,-4.451690000000002,-0.008003305866981166,5003.60382,3,325,3804,3103,1.1368683772161603e-13,0.3463316087510941,0.99
seen,mixed,10,seasonal_weekly,seen_test,reference_no_forecast,0.0,0,1620,0.0,0.0,0.0,0.0,0.0,0.0,209,0,0,0,0.0,0.3463316087510941,0.99
seen,mixed,10,seasonal_weekly,seen_test,median,0.05,1,1620,-0.002276598765432102,0.0,-0.00029508121343075586,-1.284690000000003,-0.00011128099673395876,549.0250300000001,90,79,1503,263,1.1368683772161603e-13,0.3463316087510941,0.99
seen,mixed,10,seasonal_weekly,seen_test,median,0.05,2,1620,-0.005614080246913591,0.0,-0.0007469408947850505,-1.7509499999999996,-0.0003419671811111219,598.46328,90,79,1603,163,1.1368683772161603e-13,0.3463316087510941,0.99
seen,mixed,10,seasonal_weekly,seen_test,median,0.05,3,1620,-0.004044950617283956,0.0,-0.0006235121064123822,-1.8356900000000023,-0.0002573691883335526,605.5085599999999,90,79,1617,149,1.1368683772161603e-13,0.3463316087510941,0.99
seen,mixed,10,seasonal_weekly,seen_test,median,0.1,1,1620,-0.013681339506172863,0.0,-0.0018206428039210909,-1.4672,-0.0008986291460380359,927.5755300000001,90,79,1363,403,1.1368683772161603e-13,0.3463316087510941,0.99
seen,mixed,10,seasonal_weekly,seen_test,median,0.1,2,1620,-0.015535160493827202,0.0,-0.00221489630443627,-1.8356900000000023,-0.0010734668331148594,980.84979,90,79,1395,371,2.2737367544323206e-13,0.3463316087510941,0.99
seen,mixed,10,seasonal_weekly,seen_test,median,0.1,3,1620,-0.013261746913580272,0.0,-0.001941756142653972,-1.8356900000000023,-0.0008932713633302183,996.31772,90,79,1389,377,1.1368683772161603e-13,0.3463316087510941,0.99
seen,mixed,10,seasonal_weekly,seen_test,median,0.15,1,1620,-0.027497641975308667,0.0,-0.0037765498886289006,-2.3373,-0.0018250560558998232,1219.0870700000005,90,79,1281,485,1.1368683772161603e-13,0.3463316087510941,0.99
seen,mixed,10,seasonal_weekly,seen_test,median,0.15,2,1620,-0.029772185185185242,0.0,-0.00424676174714274,-2.3373,-0.002030626133094731,1270.9165700000008,90,79,1247,519,1.1368683772161603e-13,0.3463316087510941,0.99
seen,mixed,10,seasonal_weekly,seen_test,median,0.15,3,1620,-0.028715820987654368,0.0,-0.004212957109811406,-2.1538999999999984,-0.0019378974562399003,1297.5939800000006,90,79,1253,513,1.1368683772161603e-13,0.3463316087510941,0.99
seen,mixed,10,seasonal_weekly,seen_test,median,0.2,1,1620,-0.04034753703703709,0.0,-0.00551122921443068,-2.4926900000000023,-0.0026540005051840358,1439.148320000001,90,79,1211,555,1.1368683772161603e-13,0.3463316087510941,0.99
seen,mixed,10,seasonal_weekly,seen_test,median,0.2,2,1620,-0.0405556419753087,0.0,-0.00572323386914755,-2.4926900000000023,-0.0027156645584836027,1507.149450000001,90,79,1164,602,1.1368683772161603e-13,0.3463316087510941,0.99
seen,mixed,10,seasonal_weekly,seen_test,median,0.2,3,1620,-0.041104512345679065,0.0,-0.005999995044118027,-2.6461999999999994,-0.0027066281633233024,1531.9042799999997,90,79,1147,619,1.1368683772161603e-13,0.3463316087510941,0.99
seen,mixed,10,seasonal_weekly,seen_test,conformal_upper_bound,0.05,1,1620,-0.0073225493827160605,0.0,-0.0011243366754888219,-1.36369,-0.0005389545869724018,1996.4358600000028,7,360,5540,3057,1.1368683772161603e-13,0.3463316087510941,0.99
seen,mixed,10,seasonal_weekly,seen_test,conformal_upper_bound,0.05,2,1620,-0.005188259259259278,0.0,-0.000974176977336444,-1.3636900000000018,-0.0004701554087104942,2214.356500000002,7,360,5990,2607,1.1368683772161603e-13,0.3463316087510941,0.99
seen,mixed,10,seasonal_weekly,seen_test,conformal_upper_bound,0.05,3,1620,-0.002870296296296319,0.0,-0.0006839063915290795,-1.4018000000000015,-0.0002885165774065722,2266.393080000003,7,360,6051,2546,2.2737367544323206e-13,0.3463316087510941,0.99
seen,mixed,10,seasonal_weekly,seen_test,conformal_upper_bound,0.1,1,1620,-0.03994707407407414,0.0,-0.0061250067054338525,-1.8014999999999999,-0.002938844929151036,3422.1717300000055,7,360,5110,3487,1.1368683772161603e-13,0.3463316087510941,0.99
seen,mixed,10,seasonal_weekly,seen_test,conformal_upper_bound,0.1,2,1620,-0.050639006172839604,0.0,-0.008046266773975604,-2.0927,-0.0037755176391970277,3712.8572900000013,7,360,5334,3263,2.2737367544323206e-13,0.3463316087510941,0.99
seen,mixed,10,seasonal_weekly,seen_test,conformal_upper_bound,0.1,3,1620,-0.03281551851851861,0.0,-0.0055064531516134455,-2.204200000000001,-0.002539178367621381,3676.108510000003,7,360,5173,3424,1.1368683772161603e-13,0.3463316087510941,0.99
seen,mixed,10,seasonal_weekly,seen_test,conformal_upper_bound,0.15,1,1620,-0.083124839506173,0.0,-0.012846209003206231,-2.844100000000001,-0.005949453713659284,4476.620090000005,7,360,4808,3789,1.1368683772161603e-13,0.3463316087510941,0.99
seen,mixed,10,seasonal_weekly,seen_test,conformal_upper_bound,0.15,2,1620,-0.09642288888888895,0.0,-0.015204116875044147,-2.9795500000000006,-0.007001244644949885,4732.853480000002,7,360,4824,3773,1.1368683772161603e-13,0.3463316087510941,0.99
seen,mixed,10,seasonal_weekly,seen_test,conformal_upper_bound,0.15,3,1620,-0.08063299382716067,0.0,-0.013053420111440766,-2.9795500000000006,-0.005879554476017589,4678.163920000008,7,360,4629,3968,1.1368683772161603e-13,0.3463316087510941,0.99
seen,mixed,10,seasonal_weekly,seen_test,conformal_upper_bound,0.2,1,1620,-0.12053444444444456,0.0,-0.01866508508432841,-2.9596900000000037,-0.008558207325777641,5253.709050000009,7,360,4591,4006,2.2737367544323206e-13,0.3463316087510941,0.99
seen,mixed,10,seasonal_weekly,seen_test,conformal_upper_bound,0.2,2,1620,-0.13783645679012357,0.0,-0.02184604323975924,-3.17669,-0.009822266674055658,5481.161250000004,7,360,4466,4131,1.1368683772161603e-13,0.3463316087510941,0.99
seen,mixed,10,seasonal_weekly,seen_test,conformal_upper_bound,0.2,3,1620,-0.1264201543209877,0.0,-0.020522905059799094,-3.17669,-0.00902582632146645,5416.326650000005,7,360,4221,4376,1.1368683772161603e-13,0.3463316087510941,0.99
seen,mixed,10,elastic_net,seen_test,reference_no_forecast,0.0,0,1620,0.0,0.0,0.0,0.0,0.0,0.0,209,0,0,0,0.0,0.3463316087510941,0.99
seen,mixed,10,elastic_net,seen_test,median,0.05,1,1620,0.0,0.0,0.0,0.0,0.0,0.0,209,0,0,0,0.0,0.3463316087510941,0.99
seen,mixed,10,elastic_net,seen_test,median,0.05,2,1620,0.0,0.0,0.0,0.0,0.0,0.0,209,0,0,0,0.0,0.3463316087510941,0.99
seen,mixed,10,elastic_net,seen_test,median,0.05,3,1620,0.0,0.0,0.0,0.0,0.0,0.0,209,0,0,0,0.0,0.3463316087510941,0.99
seen,mixed,10,elastic_net,seen_test,median,0.1,1,1620,0.0,0.0,0.0,0.0,0.0,0.0,209,0,0,0,0.0,0.3463316087510941,0.99
seen,mixed,10,elastic_net,seen_test,median,0.1,2,1620,0.0,0.0,0.0,0.0,0.0,0.0,209,0,0,0,0.0,0.3463316087510941,0.99
seen,mixed,10,elastic_net,seen_test,median,0.1,3,1620,0.0,0.0,0.0,0.0,0.0,0.0,209,0,0,0,0.0,0.3463316087510941,0.99
seen,mixed,10,elastic_net,seen_test,median,0.15,1,1620,0.0,0.0,0.0,0.0,0.0,0.0,209,0,0,0,0.0,0.3463316087510941,0.99
seen,mixed,10,elastic_net,seen_test,median,0.15,2,1620,0.0,0.0,0.0,0.0,0.0,0.0,209,0,0,0,0.0,0.3463316087510941,0.99
seen,mixed,10,elastic_net,seen_test,median,0.15,3,1620,0.0,0.0,0.0,0.0,0.0,0.0,209,0,0,0,0.0,0.3463316087510941,0.99
seen,mixed,10,elastic_net,seen_test,median,0.2,1,1620,0.0,0.0,0.0,0.0,0.0,0.0,209,0,0,0,0.0,0.3463316087510941,0.99
seen,mixed,10,elastic_net,seen_test,median,0.2,2,1620,0.0,0.0,0.0,0.0,0.0,0.0,209,0,0,0,0.0,0.3463316087510941,0.99
seen,mixed,10,elastic_net,seen_test,median,0.2,3,1620,0.0,0.0,0.0,0.0,0.0,0.0,209,0,0,0,0.0,0.3463316087510941,0.99
seen,mixed,10,elastic_net,seen_test,conformal_upper_bound,0.05,1,1620,-0.00020454032177670114,0.0,-2.9580478512482247e-05,-0.36559548460282354,-1.2752390734145413e-05,109.08997580366737,134,4,481,1591,1.1368683772161603e-13,0.3463316087510941,0.99
seen,mixed,10,elastic_net,seen_test,conformal_upper_bound,0.05,2,1620,-0.000566761947126376,0.0,-6.788401027710685e-05,-0.5831664065868063,-3.3502064188106475e-05,135.481029607636,134,4,542,1530,1.1368683772161603e-13,0.3463316087510941,0.99
seen,mixed,10,elastic_net,seen_test,conformal_upper_bound,0.05,3,1620,-0.0008997508583333804,0.0,-0.00011918481811364373,-0.5831664065868081,-6.276971295207019e-05,169.75635875362258,134,4,624,1448,1.1368683772161603e-13,0.3463316087510941,0.99
seen,mixed,10,elastic_net,seen_test,conformal_upper_bound,0.1,1,1620,-0.0007162451089671983,0.0,-8.443020056292e-05,-0.5831664065868081,-4.5028014093978293e-05,133.52646703582258,134,4,455,1617,1.1368683772161603e-13,0.3463316087510941,0.99
seen,mixed,10,elastic_net,seen_test,conformal_upper_bound,0.1,2,1620,-0.0010326874206402848,0.0,-0.00011793495790087243,-0.5831664065868081,-6.428707635564024e-05,167.29765148844442,134,4,461,1611,1.1368683772161603e-13,0.3463316087510941,0.99
seen,mixed,10,elastic_net,seen_test,conformal_upper_bound,0.1,3,1620,-0.0024004667160606344,0.0,-0.00029812911769249573,-0.7191539436364263,-0.00016065716372556807,224.23199777791254,134,4,533,1539,1.1368683772161603e-13,0.3463316087510941,0.99
seen,mixed,10,elastic_net,seen_test,conformal_upper_bound,0.15,1,1620,-0.0008606914997290491,0.0,-9.773097319292466e-05,-0.5831664065868081,-5.283052437959421e-05,135.00641494402353,134,4,455,1617,1.1368683772161603e-13,0.3463316087510941,0.99
seen,mixed,10,elastic_net,seen_test,conformal_upper_bound,0.15,2,1620,-0.0010539876182692467,0.0,-0.00012034276411815546,-0.5831664065868081,-6.597458031766435e-05,172.28269388323528,134,4,449,1623,1.1368683772161603e-13,0.3463316087510941,0.99
seen,mixed,10,elastic_net,seen_test,conformal_upper_bound,0.15,3,1620,-0.0030989157455873183,0.0,-0.00038175158242373207,-0.728052823997988,-0.00021458759975290478,241.82432055794453,134,4,503,1569,1.1368683772161603e-13,0.3463316087510941,0.99
seen,mixed,10,elastic_net,seen_test,conformal_upper_bound,0.2,1,1620,-0.0008606914997290491,0.0,-9.773097319292466e-05,-0.5831664065868081,-5.283052437959421e-05,135.00641494402353,134,4,455,1617,1.1368683772161603e-13,0.3463316087510941,0.99
seen,mixed,10,elastic_net,seen_test,conformal_upper_bound,0.2,2,1620,-0.0010539876182692467,0.0,-0.00012034276411815546,-0.5831664065868081,-6.597458031766435e-05,172.34295499146194,134,4,449,1623,1.1368683772161603e-13,0.3463316087510941,0.99
seen,mixed,10,elastic_net,seen_test,conformal_upper_bound,0.2,3,1620,-0.003382103219794963,0.0,-0.0004148929912312475,-0.728052823997988,-0.00023539900773145723,243.8091397098806,134,4,501,1571,1.1368683772161603e-13,0.3463316087510941,0.99
seen,mixed,10,lightgbm,seen_test,reference_no_forecast,0.0,0,1620,0.0,0.0,0.0,0.0,0.0,0.0,209,0,0,0,0.0,0.3463316087510941,0.99
seen,mixed,10,lightgbm,seen_test,median,0.05,1,1620,0.0,0.0,0.0,0.0,0.0,0.0,209,0,0,0,0.0,0.3463316087510941,0.99
seen,mixed,10,lightgbm,seen_test,median,0.05,2,1620,0.0,0.0,0.0,0.0,0.0,0.0,209,0,0,0,0.0,0.3463316087510941,0.99
seen,mixed,10,lightgbm,seen_test,median,0.05,3,1620,0.0,0.0,0.0,0.0,0.0,0.0,209,0,0,0,0.0,0.3463316087510941,0.99
seen,mixed,10,lightgbm,seen_test,median,0.1,1,1620,0.0,0.0,0.0,0.0,0.0,0.0,209,0,0,0,0.0,0.3463316087510941,0.99
seen,mixed,10,lightgbm,seen_test,median,0.1,2,1620,0.0,0.0,0.0,0.0,0.0,0.0,209,0,0,0,0.0,0.3463316087510941,0.99
seen,mixed,10,lightgbm,seen_test,median,0.1,3,1620,0.0,0.0,0.0,0.0,0.0,0.0,209,0,0,0,0.0,0.3463316087510941,0.99
seen,mixed,10,lightgbm,seen_test,median,0.15,1,1620,0.0,0.0,0.0,0.0,0.0,0.0,209,0,0,0,0.0,0.3463316087510941,0.99
seen,mixed,10,lightgbm,seen_test,median,0.15,2,1620,0.0,0.0,0.0,0.0,0.0,0.0,209,0,0,0,0.0,0.3463316087510941,0.99
seen,mixed,10,lightgbm,seen_test,median,0.15,3,1620,0.0,0.0,0.0,0.0,0.0,0.0,209,0,0,0,0.0,0.3463316087510941,0.99
seen,mixed,10,lightgbm,seen_test,median,0.2,1,1620,0.0,0.0,0.0,0.0,0.0,0.0,209,0,0,0,0.0,0.3463316087510941,0.99
seen,mixed,10,lightgbm,seen_test,median,0.2,2,1620,0.0,0.0,0.0,0.0,0.0,0.0,209,0,0,0,0.0,0.3463316087510941,0.99
seen,mixed,10,lightgbm,seen_test,median,0.2,3,1620,0.0,0.0,0.0,0.0,0.0,0.0,209,0,0,0,0.0,0.3463316087510941,0.99
seen,mixed,10,lightgbm,seen_test,conformal_upper_bound,0.05,1,1620,-0.0010102227717875714,0.0,-0.00012864462715101073,-0.3521487236377041,-7.620711050877718e-05,76.02385972539477,147,16,326,467,1.1368683772161603e-13,0.3463316087510941,0.99
seen,mixed,10,lightgbm,seen_test,conformal_upper_bound,0.05,2,1620,8.753314297594452e-05,0.0,6.577301694298733e-06,-0.35503131843173996,9.613006124813362e-06,122.07717634224188,147,16,442,351,1.1368683772161603e-13,0.3463316087510941,0.99
seen,mixed,10,lightgbm,seen_test,conformal_upper_bound,0.05,3,1620,0.0006028130583530219,0.0,7.566225391809026e-05,-0.35731976503899965,5.5816964109672646e-05,175.27591113299738,147,16,547,246,1.1368683772161603e-13,0.3463316087510941,0.99
seen,mixed,10,lightgbm,seen_test,conformal_upper_bound,0.1,1,1620,-0.0013518059769009984,0.0,-0.0001641545060206966,-0.4178634230058851,-9.787192527366563e-05,92.75066085239249,147,16,302,491,1.1368683772161603e-13,0.3463316087510941,0.99
seen,mixed,10,lightgbm,seen_test,conformal_upper_bound,0.1,2,1620,-0.0004412357773415407,0.0,-5.801042878960201e-05,-0.46398005040925305,-2.7467080348705963e-05,171.5446782830018,147,16,372,421,1.1368683772161603e-13,0.3463316087510941,0.99
seen,mixed,10,lightgbm,seen_test,conformal_upper_bound,0.1,3,1620,-0.00037322647278983787,0.0,-4.9133489470190106e-05,-0.43588521157553917,-1.6773099449763346e-05,275.1292777078067,147,16,486,307,1.1368683772161603e-13,0.3463316087510941,0.99
seen,mixed,10,lightgbm,seen_test,conformal_upper_bound,0.15,1,1620,-0.0013959513300193618,0.0,-0.0001682194556632715,-0.4178634230058851,-0.00010029112301026543,95.24169368986216,147,16,302,491,1.1368683772161603e-13,0.3463316087510941,0.99
seen,mixed,10,lightgbm,seen_test,conformal_upper_bound,0.15,2,1620,-0.000686867672371452,0.0,-8.315068766044722e-05,-0.46398005040925305,-4.370351407361442e-05,191.26073156541986,147,16,364,429,1.1368683772161603e-13,0.3463316087510941,0.99
seen,mixed,10,lightgbm,seen_test,conformal_upper_bound,0.15,3,1620,-0.0012893809352120846,0.0,-0.00015222845676976046,-0.5521950631479715,-7.950981991400483e-05,327.32274306679096,147,16,458,335,1.1368683772161603e-13,0.3463316087510941,0.99
seen,mixed,10,lightgbm,seen_test,conformal_upper_bound,0.2,1,1620,-0.0013959513300193618,0.0,-0.0001682194556632715,-0.4178634230058851,-0.00010029112301026543,95.247034069236,147,16,302,491,1.1368683772161603e-13,0.3463316087510941,0.99
seen,mixed,10,lightgbm,seen_test,conformal_upper_bound,0.2,2,1620,-0.0007347763049337603,0.0,-8.846249794389401e-05,-0.46398005040925305,-4.7237667291500215e-05,196.079622835517,147,16,359,434,1.1368683772161603e-13,0.3463316087510941,0.99
seen,mixed,10,lightgbm,seen_test,conformal_upper_bound,0.2,3,1620,-0.00184892512556461,0.0,-0.00021609457064526193,-0.5521950631479715,-0.00012161602704168218,348.5510140584222,147,16,441,352,1.1368683772161603e-13,0.3463316087510941,0.99
unseen,ASHP,4,persistence,unseen_test,reference_no_forecast,0.0,0,1028,0.0,0.0,0.0,0.0,0.0,0.0,42,0,0,0,0.0,0.29562868267857434,0.99
unseen,ASHP,4,persistence,unseen_test,median,0.05,1,1028,0.0,0.0,0.0,0.0,0.0,0.0,42,0,0,0,0.0,0.29562868267857434,0.99
unseen,ASHP,4,persistence,unseen_test,median,0.05,2,1028,0.0,0.0,0.0,0.0,0.0,0.0,42,0,0,0,0.0,0.29562868267857434,0.99
unseen,ASHP,4,persistence,unseen_test,median,0.05,3,1028,0.0,0.0,0.0,0.0,0.0,0.0,42,0,0,0,0.0,0.29562868267857434,0.99
unseen,ASHP,4,persistence,unseen_test,median,0.1,1,1028,0.0,0.0,0.0,0.0,0.0,0.0,42,0,0,0,0.0,0.29562868267857434,0.99
unseen,ASHP,4,persistence,unseen_test,median,0.1,2,1028,0.0,0.0,0.0,0.0,0.0,0.0,42,0,0,0,0.0,0.29562868267857434,0.99
unseen,ASHP,4,persistence,unseen_test,median,0.1,3,1028,0.0,0.0,0.0,0.0,0.0,0.0,42,0,0,0,0.0,0.29562868267857434,0.99
unseen,ASHP,4,persistence,unseen_test,median,0.15,1,1028,0.0,0.0,0.0,0.0,0.0,0.0,42,0,0,0,0.0,0.29562868267857434,0.99
unseen,ASHP,4,persistence,unseen_test,median,0.15,2,1028,0.0,0.0,0.0,0.0,0.0,0.0,42,0,0,0,0.0,0.29562868267857434,0.99
unseen,ASHP,4,persistence,unseen_test,median,0.15,3,1028,0.0,0.0,0.0,0.0,0.0,0.0,42,0,0,0,0.0,0.29562868267857434,0.99
unseen,ASHP,4,persistence,unseen_test,median,0.2,1,1028,0.0,0.0,0.0,0.0,0.0,0.0,42,0,0,0,0.0,0.29562868267857434,0.99
unseen,ASHP,4,persistence,unseen_test,median,0.2,2,1028,0.0,0.0,0.0,0.0,0.0,0.0,42,0,0,0,0.0,0.29562868267857434,0.99
unseen,ASHP,4,persistence,unseen_test,median,0.2,3,1028,0.0,0.0,0.0,0.0,0.0,0.0,42,0,0,0,0.0,0.29562868267857434,0.99
unseen,ASHP,4,persistence,unseen_test,conformal_upper_bound,0.05,1,1028,0.0007769941634241258,0.0,0.0001570337049559173,-0.2056499999999999,9.704138763228278e-05,138.50470000000007,12,85,795,2493,5.684341886080802e-14,0.29562868267857434,0.99
unseen,ASHP,4,persistence,unseen_test,conformal_upper_bound,0.05,2,1028,8.13229571984424e-05,0.0,-7.021464687680618e-05,-0.2970000000000006,-1.0496167067651242e-05,159.09060000000005,12,85,834,2454,5.684341886080802e-14,0.29562868267857434,0.99
unseen,ASHP,4,persistence,unseen_test,conformal_upper_bound,0.05,3,1028,0.0008161964980544741,0.0,0.00016731558480956356,-0.2970000000000006,9.761723415952479e-05,137.07430000000005,12,85,736,2552,2.842170943040401e-14,0.29562868267857434,0.99
unseen,ASHP,4,persistence,unseen_test,conformal_upper_bound,0.1,1,1028,0.00037645914396887203,0.0,2.013813415428254e-05,-0.4113000000000002,4.510096726066222e-05,210.31570000000005,12,85,746,2542,5.684341886080802e-14,0.29562868267857434,0.99
unseen,ASHP,4,persistence,unseen_test,conformal_upper_bound,0.1,2,1028,-0.0011904669260700412,0.0,-0.000486717466312658,-0.4314999999999998,-0.00017691493531798446,242.8157999999999,12,85,742,2546,2.842170943040401e-14,0.29562868267857434,0.99
unseen,ASHP,4,persistence,unseen_test,conformal_upper_bound,0.1,3,1028,0.0009920233463035003,0.0,0.00015699286070599034,-0.30879999999999974,0.00011285825124296131,182.80770000000007,12,85,583,2705,2.842170943040401e-14,0.29562868267857434,0.99
unseen,ASHP,4,persistence,unseen_test,conformal_upper_bound,0.15,1,1028,-0.0005117217898832686,0.0,-0.0002386665949506135,-0.5520000000000005,-6.834684511330244e-05,248.12635000000017,12,85,746,2542,5.684341886080802e-14,0.29562868267857434,0.99
unseen,ASHP,4,persistence,unseen_test,conformal_upper_bound,0.15,2,1028,-0.0029425097276264607,0.0,-0.0010254979652422822,-0.6472499999999997,-0.0003941897861333772,294.9538500000001,12,85,684,2604,2.842170943040401e-14,0.29562868267857434,0.99
unseen,ASHP,4,persistence,unseen_test,conformal_upper_bound,0.15,3,1028,0.0006305933852140078,0.0,4.0167642245999354e-05,-0.5152000000000001,6.038752400476721e-05,200.66420000000016,12,85,519,2769,2.842170943040401e-14,0.29562868267857434,0.99
unseen,ASHP,4,persistence,unseen_test,conformal_upper_bound,0.2,1,1028,-0.0009933852140077833,0.0,-0.0003922616078053914,-0.5520000000000005,-0.0001394194933051059,257.1508000000002,12,85,746,2542,5.684341886080802e-14,0.29562868267857434,0.99
unseen,ASHP,4,persistence,unseen_test,conformal_upper_bound,0.2,2,1028,-0.004122178988326851,0.0,-0.0013847855378781326,-0.8609999999999998,-0.0005291441846194354,319.8394000000001,12,85,680,2608,2.842170943040401e-14,0.29562868267857434,0.99
unseen,ASHP,4,persistence,unseen_test,conformal_upper_bound,0.2,3,1028,-1.3618677042801784e-05,0.0,-0.0001401042816650013,-0.7216,-2.9320644521023446e-05,215.54520000000008,12,85,450,2838,2.842170943040401e-14,0.29562868267857434,0.99
unseen,ASHP,4,seasonal_daily,unseen_test,reference_no_forecast,0.0,0,1028,0.0,0.0,0.0,0.0,0.0,0.0,42,0,0,0,0.0,0.29562868267857434,0.99
unseen,ASHP,4,seasonal_daily,unseen_test,median,0.05,1,1028,0.0022301070038910514,0.0,0.0005892420356833217,-0.06380000000000008,0.0003042087157636327,28.99080000000001,19,54,133,0,2.842170943040401e-14,0.29562868267857434,0.99
unseen,ASHP,4,seasonal_daily,unseen_test,median,0.05,2,1028,0.00229216926070039,0.0,0.000607674544388204,0.0,0.000313217372921221,28.99080000000001,19,54,133,0,2.842170943040401e-14,0.29562868267857434,0.99
unseen,ASHP,4,seasonal_daily,unseen_test,median,0.05,3,1028,0.00229216926070039,0.0,0.000607674544388204,0.0,0.000313217372921221,28.99080000000001,19,54,133,0,2.842170943040401e-14,0.29562868267857434,0.99
unseen,ASHP,4,seasonal_daily,unseen_test,median,0.1,1,1028,0.0032294747081712057,0.0,0.0008575972287551551,-0.28659999999999997,0.0004666302165713688,57.857600000000026,19,54,133,0,2.842170943040401e-14,0.29562868267857434,0.99
unseen,ASHP,4,seasonal_daily,unseen_test,median,0.1,2,1028,0.003410505836575875,0.0,0.000885835549032782,-0.05069999999999997,0.000483287420083017,57.857600000000026,19,54,133,0,2.842170943040401e-14,0.29562868267857434,0.99
unseen,ASHP,4,seasonal_daily,unseen_test,median,0.1,3,1028,0.003296789883268481,0.0,0.0008763523399074768,-0.03069999999999995,0.0004773053058959457,57.857600000000026,19,54,133,0,2.842170943040401e-14,0.29562868267857434,0.99
unseen,ASHP,4,seasonal_daily,unseen_test,median,0.15,1,1028,0.0031101167315175076,0.0,0.0008207490237186944,-0.5094000000000003,0.0004697379872082636,86.43339999999993,19,54,133,0,5.684341886080802e-14,0.29562868267857434,0.99
unseen,ASHP,4,seasonal_daily,unseen_test,median,0.15,2,1028,0.0029817607003891026,0.0,0.0006590403492619479,-0.26505,0.00042167848909223897,86.43339999999993,19,54,133,0,2.842170943040401e-14,0.29562868267857434,0.99
unseen,ASHP,4,seasonal_daily,unseen_test,median,0.15,3,1028,0.002299610894941632,0.0,0.0005289729542774833,-0.6298500000000002,0.0003693916754714195,86.43339999999993,19,54,133,0,2.842170943040401e-14,0.29562868267857434,0.99
unseen,ASHP,4,seasonal_daily,unseen_test,median,0.2,1,1028,0.002610116731517509,0.0,0.0006776293726826393,-0.7321999999999997,0.0004128696830056269,112.46560000000005,19,54,133,0,2.842170943040401e-14,0.29562868267857434,0.99
unseen,ASHP,4,seasonal_daily,unseen_test,median,0.2,2,1028,0.0011466926070038883,0.0,5.4546509911988606e-05,-0.47940000000000005,0.00019591155985510583,115.00920000000004,19,54,133,0,2.842170943040401e-14,0.29562868267857434,0.99
unseen,ASHP,4,seasonal_daily,unseen_test,median,0.2,3,1028,-0.00018015564202334677,0.0,-0.00024201525110799518,-1.3159999999999998,8.483782452160248e-05,114.95640000000004,19,54,133,0,2.842170943040401e-14,0.29562868267857434,0.99
unseen,ASHP,4,seasonal_daily,unseen_test,conformal_upper_bound,0.05,1,1028,0.005986235408560311,0.0,0.0014068278107024273,-0.45699999999999985,0.0007108276161864688,334.4708000000001,1,207,1522,42,5.684341886080802e-14,0.29562868267857434,0.99
unseen,ASHP,4,seasonal_daily,unseen_test,conformal_upper_bound,0.05,2,1028,0.00956653696498054,0.0,0.0023990101653078933,-0.39935000000000054,0.0011404465442344783,347.01970000000006,1,207,1555,9,5.684341886080802e-14,0.29562868267857434,0.99
unseen,ASHP,4,seasonal_daily,unseen_test,conformal_upper_bound,0.05,3,1028,0.006223832684824897,0.0,0.0014223630575342966,-0.4192499999999999,0.0006900700283122851,345.31585000000007,1,207,1548,16,5.684341886080802e-14,0.29562868267857434,0.99
unseen,ASHP,4,seasonal_daily,unseen_test,conformal_upper_bound,0.1,1,1028,-0.004211673151750969,0.0,-0.0015602269281317059,-0.9139999999999997,-0.0004969581477822065,626.6526000000001,1,207,1474,90,5.684341886080802e-14,0.29562868267857434,0.99
unseen,ASHP,4,seasonal_daily,unseen_test,conformal_upper_bound,0.1,2,1028,-0.0002810311284046783,0.0,-0.0007961947946729516,-0.8447000000000005,-0.00013968154104033683,666.8874000000002,1,207,1526,38,5.684341886080802e-14,0.29562868267857434,0.99
unseen,ASHP,4,seasonal_daily,unseen_test,conformal_upper_bound,0.1,3,1028,-0.010292898832684824,0.0,-0.003764569926142114,-1.2289999999999996,-0.0013044460281365904,638.1457000000004,1,207,1470,94,5.684341886080802e-14,0.29562868267857434,0.99
unseen,ASHP,4,seasonal_daily,unseen_test,conformal_upper_bound,0.15,1,1028,-0.02089216926070038,0.0,-0.006316333650114042,-1.322000000000001,-0.002418858666368561,876.2178499999998,1,207,1432,132,5.684341886080802e-14,0.29562868267857434,0.99
unseen,ASHP,4,seasonal_daily,unseen_test,conformal_upper_bound,0.15,2,1028,-0.021899999999999996,0.0,-0.007293532353651168,-1.4388000000000005,-0.0026987311526189307,927.0823499999999,1,207,1468,96,5.684341886080802e-14,0.29562868267857434,0.99
unseen,ASHP,4,seasonal_daily,unseen_test,conformal_upper_bound,0.15,3,1028,-0.03190379377431907,0.0,-0.010668457569501417,-2.056000000000001,-0.00382692674667985,859.3578,1,207,1362,202,5.684341886080802e-14,0.29562868267857434,0.99
unseen,ASHP,4,seasonal_daily,unseen_test,conformal_upper_bound,0.2,1,1028,-0.03640894941634241,0.0,-0.01101348275373156,-1.7454,-0.004296255906290097,1075.9098000000006,1,207,1386,178,5.684341886080802e-14,0.29562868267857434,0.99
unseen,ASHP,4,seasonal_daily,unseen_test,conformal_upper_bound,0.2,2,1028,-0.045449221789883275,0.0,-0.014243235915232003,-2.056000000000002,-0.005343993088895676,1133.2140000000004,1,207,1395,169,5.684341886080802e-14,0.29562868267857434,0.99
unseen,ASHP,4,seasonal_daily,unseen_test,conformal_upper_bound,0.2,3,1028,-0.05604610894941635,0.0,-0.018311562096428258,-2.056000000000002,-0.006439835141475679,1040.7051999999999,1,207,1268,296,5.684341886080802e-14,0.29562868267857434,0.99
unseen,ASHP,4,seasonal_weekly,unseen_test,reference_no_forecast,0.0,0,1028,0.0,0.0,0.0,0.0,0.0,0.0,42,0,0,0,0.0,0.29562868267857434,0.99
unseen,ASHP,4,seasonal_weekly,unseen_test,median,0.05,1,1028,-0.00012101167315175017,0.0,-7.621740579198829e-05,-0.2056499999999999,-2.678846046929156e-05,17.59835000000001,25,30,82,0,5.684341886080802e-14,0.29562868267857434,0.99
unseen,ASHP,4,seasonal_weekly,unseen_test,median,0.05,2,1028,0.0005029669260700382,0.0,8.888248563971889e-05,-0.04515000000000047,4.988317262896735e-05,17.59835000000001,25,30,82,0,2.842170943040401e-14,0.29562868267857434,0.99
unseen,ASHP,4,seasonal_weekly,unseen_test,median,0.05,3,1028,0.0005029669260700382,0.0,8.888248563971889e-05,-0.04515000000000047,4.988317262896735e-05,17.59835000000001,25,30,82,0,2.842170943040401e-14,0.29562868267857434,0.99
unseen,ASHP,4,seasonal_weekly,unseen_test,median,0.1,1,1028,-0.0019706225680933844,0.0,-0.0006291364731597129,-0.4112999999999998,-0.0002444362735610794,34.58170000000002,25,30,82,0,5.684341886080802e-14,0.29562868267857434,0.99
unseen,ASHP,4,seasonal_weekly,unseen_test,median,0.1,2,1028,0.0003775291828793758,0.0,-1.5115101354380809e-05,-0.2783000000000002,3.32369287498773e-05,34.58170000000002,25,30,82,0,2.842170943040401e-14,0.29562868267857434,0.99
unseen,ASHP,4,seasonal_weekly,unseen_test,median,0.1,3,1028,0.0003775291828793758,0.0,-1.5115101354380809e-05,-0.2783000000000002,3.32369287498773e-05,34.58170000000002,25,30,82,0,2.842170943040401e-14,0.29562868267857434,0.99
unseen,ASHP,4,seasonal_weekly,unseen_test,median,0.15,1,1028,-0.004162889105058368,0.0,-0.0012774436269320654,-0.6169500000000001,-0.000468876561005676,51.565050000000035,25,30,82,0,5.684341886080802e-14,0.29562868267857434,0.99
unseen,ASHP,4,seasonal_weekly,unseen_test,median,0.15,2,1028,-0.0014296692607003905,0.0,-0.000548116959524955,-0.5129999999999999,-0.00019538351225410243,51.565050000000035,25,30,82,0,2.842170943040401e-14,0.29562868267857434,0.99
unseen,ASHP,4,seasonal_weekly,unseen_test,median,0.15,3,1028,-0.0013037937743190689,0.0,-0.0005196897945788571,-0.5129999999999999,-0.0001789851995665013,50.755800000000036,25,30,82,0,2.842170943040401e-14,0.29562868267857434,0.99
unseen,ASHP,4,seasonal_weekly,unseen_test,median,0.2,1,1028,-0.007704863813229578,0.0,-0.0022557319787372496,-0.8225999999999996,-0.0008258863141012527,68.14580000000004,25,30,82,0,5.684341886080802e-14,0.29562868267857434,0.99
unseen,ASHP,4,seasonal_weekly,unseen_test,median,0.2,2,1028,-0.004292023346303509,0.0,-0.0013467711896604226,-0.9440000000000008,-0.0005028816868979406,68.38280000000003,25,30,82,0,2.842170943040401e-14,0.29562868267857434,0.99
unseen,ASHP,4,seasonal_weekly,unseen_test,median,0.2,3,1028,-0.0037737354085603187,0.0,-0.0012327455892447501,-0.9440000000000008,-0.00043993268644936537,65.72540000000002,25,30,79,3,2.842170943040401e-14,0.29562868267857434,0.99
unseen,ASHP,4,seasonal_weekly,unseen_test,conformal_upper_bound,0.05,1,1028,-0.0033868190661478594,0.0,-0.0011670715802225616,-0.5539500000000004,-0.00046864758193732985,309.23819999999984,9,178,1415,63,5.684341886080802e-14,0.29562868267857434,0.99
unseen,ASHP,4,seasonal_weekly,unseen_test,conformal_upper_bound,0.05,2,1028,0.001425535019455254,0.0,0.0001950981374709546,-0.73515,7.237851492040187e-05,319.60669999999993,9,178,1435,43,5.684341886080802e-14,0.29562868267857434,0.99
unseen,ASHP,4,seasonal_weekly,unseen_test,conformal_upper_bound,0.05,3,1028,-0.002641050583657585,0.0,-0.0010384845422392835,-0.73515,-0.0005431539840450669,321.2419999999999,9,178,1443,35,5.684341886080802e-14,0.29562868267857434,0.99
unseen,ASHP,4,seasonal_weekly,unseen_test,conformal_upper_bound,0.1,1,1028,-0.01246040856031129,0.0,-0.0038136855896653333,-0.9510999999999994,-0.001517071412368,574.6834999999999,9,178,1370,108,5.684341886080802e-14,0.29562868267857434,0.99
unseen,ASHP,4,seasonal_weekly,unseen_test,conformal_upper_bound,0.1,2,1028,-0.011207490272373548,0.0,-0.0035871095845324548,-1.319,-0.001481351512014498,609.0363999999998,9,178,1401,77,5.684341886080802e-14,0.29562868267857434,0.99
unseen,ASHP,4,seasonal_weekly,unseen_test,conformal_upper_bound,0.1,3,1028,-0.02403375486381323,0.0,-0.007075650721797006,-1.3842999999999996,-0.0028677542964457023,598.1806999999998,9,178,1374,104,5.684341886080802e-14,0.29562868267857434,0.99
unseen,ASHP,4,seasonal_weekly,unseen_test,conformal_upper_bound,0.15,1,1028,-0.02358127431906615,0.0,-0.006999092901034996,-1.319,-0.002786330566679204,791.9645000000002,9,178,1328,150,5.684341886080802e-14,0.29562868267857434,0.99
unseen,ASHP,4,seasonal_weekly,unseen_test,conformal_upper_bound,0.15,2,1028,-0.028688667315175113,0.0,-0.00864990260619046,-1.4015999999999993,-0.0032941372543952214,831.5799000000003,9,178,1326,152,5.684341886080802e-14,0.29562868267857434,0.99
unseen,ASHP,4,seasonal_weekly,unseen_test,conformal_upper_bound,0.15,3,1028,-0.04256415369649807,0.0,-0.012699457929446257,-1.8068999999999997,-0.004497018011976764,800.9707999999999,9,178,1281,197,5.684341886080802e-14,0.29562868267857434,0.99
unseen,ASHP,4,seasonal_weekly,unseen_test,conformal_upper_bound,0.2,1,1028,-0.03307723735408563,0.0,-0.009854874543140138,-1.319,-0.003843089981746801,969.6839999999999,9,178,1284,194,5.684341886080802e-14,0.29562868267857434,0.99
unseen,ASHP,4,seasonal_weekly,unseen_test,conformal_upper_bound,0.2,2,1028,-0.04390466926070043,0.0,-0.0132208866193289,-1.7350000000000003,-0.004711895689969089,995.8335999999994,9,178,1259,219,5.684341886080802e-14,0.29562868267857434,0.99
unseen,ASHP,4,seasonal_weekly,unseen_test,conformal_upper_bound,0.2,3,1028,-0.0537227626459144,0.0,-0.016200321401735565,-1.9910000000000005,-0.005398264051920893,942.7693999999992,9,178,1186,292,5.684341886080802e-14,0.29562868267857434,0.99
unseen,ASHP,4,elastic_net,unseen_test,reference_no_forecast,0.0,0,1028,0.0,0.0,0.0,0.0,0.0,0.0,42,0,0,0,0.0,0.29562868267857434,0.99
unseen,ASHP,4,elastic_net,unseen_test,median,0.05,1,1028,0.0,0.0,0.0,0.0,0.0,0.0,42,0,0,0,0.0,0.29562868267857434,0.99
unseen,ASHP,4,elastic_net,unseen_test,median,0.05,2,1028,0.0,0.0,0.0,0.0,0.0,0.0,42,0,0,0,0.0,0.29562868267857434,0.99
unseen,ASHP,4,elastic_net,unseen_test,median,0.05,3,1028,0.0,0.0,0.0,0.0,0.0,0.0,42,0,0,0,0.0,0.29562868267857434,0.99
unseen,ASHP,4,elastic_net,unseen_test,median,0.1,1,1028,0.0,0.0,0.0,0.0,0.0,0.0,42,0,0,0,0.0,0.29562868267857434,0.99
unseen,ASHP,4,elastic_net,unseen_test,median,0.1,2,1028,0.0,0.0,0.0,0.0,0.0,0.0,42,0,0,0,0.0,0.29562868267857434,0.99
unseen,ASHP,4,elastic_net,unseen_test,median,0.1,3,1028,0.0,0.0,0.0,0.0,0.0,0.0,42,0,0,0,0.0,0.29562868267857434,0.99
unseen,ASHP,4,elastic_net,unseen_test,median,0.15,1,1028,0.0,0.0,0.0,0.0,0.0,0.0,42,0,0,0,0.0,0.29562868267857434,0.99
unseen,ASHP,4,elastic_net,unseen_test,median,0.15,2,1028,0.0,0.0,0.0,0.0,0.0,0.0,42,0,0,0,0.0,0.29562868267857434,0.99
unseen,ASHP,4,elastic_net,unseen_test,median,0.15,3,1028,0.0,0.0,0.0,0.0,0.0,0.0,42,0,0,0,0.0,0.29562868267857434,0.99
unseen,ASHP,4,elastic_net,unseen_test,median,0.2,1,1028,0.0,0.0,0.0,0.0,0.0,0.0,42,0,0,0,0.0,0.29562868267857434,0.99
unseen,ASHP,4,elastic_net,unseen_test,median,0.2,2,1028,0.0,0.0,0.0,0.0,0.0,0.0,42,0,0,0,0.0,0.29562868267857434,0.99
unseen,ASHP,4,elastic_net,unseen_test,median,0.2,3,1028,0.0,0.0,0.0,0.0,0.0,0.0,42,0,0,0,0.0,0.29562868267857434,0.99
unseen,ASHP,4,elastic_net,unseen_test,conformal_upper_bound,0.05,1,1028,0.00016926070038910543,0.0,3.8225090422110535e-05,0.0,2.3630003140489546e-05,3.1213525332937277,36,5,15,0,2.842170943040401e-14,0.29562868267857434,0.99
unseen,ASHP,4,elastic_net,unseen_test,conformal_upper_bound,0.05,2,1028,0.00016926070038910543,0.0,3.8225090422110535e-05,0.0,2.3630003140489546e-05,3.1213525332937277,36,5,15,0,2.842170943040401e-14,0.29562868267857434,0.99
unseen,ASHP,4,elastic_net,unseen_test,conformal_upper_bound,0.05,3,1028,-0.00019309706355960488,0.0,-5.067524420711181e-05,-0.18745424006176759,-2.9465847548696837e-05,3.1213525332937277,36,5,15,0,0.0,0.29562868267857434,0.99
unseen,ASHP,4,elastic_net,unseen_test,conformal_upper_bound,0.1,1,1028,0.00016926070038910543,0.0,3.8225090422110535e-05,0.0,2.3630003140489546e-05,6.183012002308339,36,5,15,0,2.842170943040401e-14,0.29562868267857434,0.99
unseen,ASHP,4,elastic_net,unseen_test,conformal_upper_bound,0.1,2,1028,0.00016926070038910543,0.0,3.8225090422110535e-05,0.0,2.3630003140489546e-05,5.9458036268619034,36,5,15,0,5.684341886080802e-14,0.29562868267857434,0.99
unseen,ASHP,4,elastic_net,unseen_test,conformal_upper_bound,0.1,3,1028,-0.0009990345940452798,0.0,-0.0002484028032075227,-0.6029084801235349,-0.00013239251245483904,5.78020312254381,36,5,14,1,2.842170943040401e-14,0.29562868267857434,0.99
unseen,ASHP,4,elastic_net,unseen_test,conformal_upper_bound,0.15,1,1028,0.00016926070038910543,0.0,3.8225090422110535e-05,0.0,2.3630003140489546e-05,8.895126992383627,36,5,15,0,2.842170943040401e-14,0.29562868267857434,0.99
unseen,ASHP,4,elastic_net,unseen_test,conformal_upper_bound,0.15,2,1028,0.00016926070038910543,0.0,3.8225090422110535e-05,0.0,2.3630003140489546e-05,7.81845413760752,36,5,15,0,2.842170943040401e-14,0.29562868267857434,0.99
unseen,ASHP,4,elastic_net,unseen_test,conformal_upper_bound,0.15,3,1028,-0.0013830118828974418,0.0,-0.00033819044853262504,-0.6289856690486584,-0.00018177965994523653,7.495487695793199,36,5,14,1,2.842170943040401e-14,0.29562868267857434,0.99
unseen,ASHP,4,elastic_net,unseen_test,conformal_upper_bound,0.2,1,1028,0.00016926070038910543,0.0,3.8225090422110535e-05,0.0,2.3630003140489546e-05,9.314617335510558,36,5,15,0,2.842170943040401e-14,0.29562868267857434,0.99
unseen,ASHP,4,elastic_net,unseen_test,conformal_upper_bound,0.2,2,1028,0.00016926070038910543,0.0,3.8225090422110535e-05,0.0,2.3630003140489546e-05,9.231004742161694,36,5,12,3,2.842170943040401e-14,0.29562868267857434,0.99
unseen,ASHP,4,elastic_net,unseen_test,conformal_upper_bound,0.2,3,1028,-0.0017923769427533576,0.0,-0.00043325897149033886,-0.6289856690486593,-0.00023080531126693564,9.162525460698209,36,5,13,2,2.842170943040401e-14,0.29562868267857434,0.99
unseen,ASHP,4,lightgbm,unseen_test,reference_no_forecast,0.0,0,1028,0.0,0.0,0.0,0.0,0.0,0.0,42,0,0,0,0.0,0.29562868267857434,0.99
unseen,ASHP,4,lightgbm,unseen_test,median,0.05,1,1028,0.0,0.0,0.0,0.0,0.0,0.0,42,0,0,0,0.0,0.29562868267857434,0.99
unseen,ASHP,4,lightgbm,unseen_test,median,0.05,2,1028,0.0,0.0,0.0,0.0,0.0,0.0,42,0,0,0,0.0,0.29562868267857434,0.99
unseen,ASHP,4,lightgbm,unseen_test,median,0.05,3,1028,0.0,0.0,0.0,0.0,0.0,0.0,42,0,0,0,0.0,0.29562868267857434,0.99
unseen,ASHP,4,lightgbm,unseen_test,median,0.1,1,1028,0.0,0.0,0.0,0.0,0.0,0.0,42,0,0,0,0.0,0.29562868267857434,0.99
unseen,ASHP,4,lightgbm,unseen_test,median,0.1,2,1028,0.0,0.0,0.0,0.0,0.0,0.0,42,0,0,0,0.0,0.29562868267857434,0.99
unseen,ASHP,4,lightgbm,unseen_test,median,0.1,3,1028,0.0,0.0,0.0,0.0,0.0,0.0,42,0,0,0,0.0,0.29562868267857434,0.99
unseen,ASHP,4,lightgbm,unseen_test,median,0.15,1,1028,0.0,0.0,0.0,0.0,0.0,0.0,42,0,0,0,0.0,0.29562868267857434,0.99
unseen,ASHP,4,lightgbm,unseen_test,median,0.15,2,1028,0.0,0.0,0.0,0.0,0.0,0.0,42,0,0,0,0.0,0.29562868267857434,0.99
unseen,ASHP,4,lightgbm,unseen_test,median,0.15,3,1028,0.0,0.0,0.0,0.0,0.0,0.0,42,0,0,0,0.0,0.29562868267857434,0.99
unseen,ASHP,4,lightgbm,unseen_test,median,0.2,1,1028,0.0,0.0,0.0,0.0,0.0,0.0,42,0,0,0,0.0,0.29562868267857434,0.99
unseen,ASHP,4,lightgbm,unseen_test,median,0.2,2,1028,0.0,0.0,0.0,0.0,0.0,0.0,42,0,0,0,0.0,0.29562868267857434,0.99
unseen,ASHP,4,lightgbm,unseen_test,median,0.2,3,1028,0.0,0.0,0.0,0.0,0.0,0.0,42,0,0,0,0.0,0.29562868267857434,0.99
unseen,ASHP,4,lightgbm,unseen_test,conformal_upper_bound,0.05,1,1028,-0.0004778494504405611,0.0,-0.00012120868713323448,-0.3152525981313632,-6.874641854682495e-05,53.42601755085516,24,27,265,0,2.842170943040401e-14,0.29562868267857434,0.99
unseen,ASHP,4,lightgbm,unseen_test,conformal_upper_bound,0.05,2,1028,-0.0005917616331970869,0.0,-0.00020259911217956547,-0.2089605569669808,-0.00010095527087640784,53.60100115851013,24,27,260,5,5.684341886080802e-14,0.29562868267857434,0.99
unseen,ASHP,4,lightgbm,unseen_test,conformal_upper_bound,0.05,3,1028,-0.0007830826511372716,0.0,-0.00019316258741958938,-0.40843308456545735,-0.0001076770250997253,51.67447202595086,24,27,254,11,2.842170943040401e-14,0.29562868267857434,0.99
unseen,ASHP,4,lightgbm,unseen_test,conformal_upper_bound,0.1,1,1028,-0.0006104247314006573,0.0,-0.00015381475959562907,-0.40154709605788685,-8.622550352598234e-05,92.50567189698621,24,27,262,3,2.842170943040401e-14,0.29562868267857434,0.99
unseen,ASHP,4,lightgbm,unseen_test,conformal_upper_bound,0.1,2,1028,-0.0013975310484953408,0.0,-0.0004564178811607492,-0.41792111393396114,-0.0002175574875287829,95.34967770935583,24,27,244,21,5.684341886080802e-14,0.29562868267857434,0.99
unseen,ASHP,4,lightgbm,unseen_test,conformal_upper_bound,0.1,3,1028,-0.00085752752537305,0.0,-0.00021110186265092676,-0.42596731640489605,-0.0001172893134743972,84.88049475218232,24,27,222,43,2.842170943040401e-14,0.29562868267857434,0.99
unseen,ASHP,4,lightgbm,unseen_test,conformal_upper_bound,0.15,1,1028,-0.000706584930900846,0.0,-0.00018237436740679294,-0.40154709605788685,-0.00010004248429361896,115.50331954576762,24,27,260,5,2.842170943040401e-14,0.29562868267857434,0.99
unseen,ASHP,4,lightgbm,unseen_test,conformal_upper_bound,0.15,2,1028,-0.0023190445553660536,0.0,-0.0007392202127538352,-0.6268816709009419,-0.00033884281924042756,125.71666517414236,24,27,226,39,2.842170943040401e-14,0.29562868267857434,0.99
unseen,ASHP,4,lightgbm,unseen_test,conformal_upper_bound,0.15,3,1028,-0.0008575275253730492,0.0,-0.00021110186265092655,-0.42596731640489605,-0.0001172893134743972,103.30387345545944,24,27,197,68,2.842170943040401e-14,0.29562868267857434,0.99
unseen,ASHP,4,lightgbm,unseen_test,conformal_upper_bound,0.2,1,1028,-0.000706584930900846,0.0,-0.00018237436740679294,-0.40154709605788685,-0.00010004248429361896,118.54492536158169,24,27,260,5,2.842170943040401e-14,0.29562868267857434,0.99
unseen,ASHP,4,lightgbm,unseen_test,conformal_upper_bound,0.2,2,1028,-0.0035201032148580906,0.0,-0.001083715536100887,-0.824798060702586,-0.000489524504921152,141.54024241189683,24,27,214,51,2.842170943040401e-14,0.29562868267857434,0.99
unseen,ASHP,4,lightgbm,unseen_test,conformal_upper_bound,0.2,3,1028,-0.0009757109667444335,0.0,-0.00024016812958928965,-0.42596731640489605,-0.00013287052121357772,114.18903224440403,24,27,173,92,5.684341886080802e-14,0.29562868267857434,0.99
unseen,GSHP,4,persistence,unseen_test,reference_no_forecast,0.0,0,360,0.0,0.0,0.0,0.0,0.0,0.0,160,0,0,0,0.0,0.26496513643952635,0.99
unseen,GSHP,4,persistence,unseen_test,median,0.05,1,360,0.0,0.0,0.0,0.0,0.0,0.0,160,0,0,0,0.0,0.26496513643952635,0.99
unseen,GSHP,4,persistence,unseen_test,median,0.05,2,360,0.0,0.0,0.0,0.0,0.0,0.0,160,0,0,0,0.0,0.26496513643952635,0.99
unseen,GSHP,4,persistence,unseen_test,median,0.05,3,360,0.0,0.0,0.0,0.0,0.0,0.0,160,0,0,0,0.0,0.26496513643952635,0.99
unseen,GSHP,4,persistence,unseen_test,median,0.1,1,360,0.0,0.0,0.0,0.0,0.0,0.0,160,0,0,0,0.0,0.26496513643952635,0.99
unseen,GSHP,4,persistence,unseen_test,median,0.1,2,360,0.0,0.0,0.0,0.0,0.0,0.0,160,0,0,0,0.0,0.26496513643952635,0.99
unseen,GSHP,4,persistence,unseen_test,median,0.1,3,360,0.0,0.0,0.0,0.0,0.0,0.0,160,0,0,0,0.0,0.26496513643952635,0.99
unseen,GSHP,4,persistence,unseen_test,median,0.15,1,360,0.0,0.0,0.0,0.0,0.0,0.0,160,0,0,0,0.0,0.26496513643952635,0.99
unseen,GSHP,4,persistence,unseen_test,median,0.15,2,360,0.0,0.0,0.0,0.0,0.0,0.0,160,0,0,0,0.0,0.26496513643952635,0.99
unseen,GSHP,4,persistence,unseen_test,median,0.15,3,360,0.0,0.0,0.0,0.0,0.0,0.0,160,0,0,0,0.0,0.26496513643952635,0.99
unseen,GSHP,4,persistence,unseen_test,median,0.2,1,360,0.0,0.0,0.0,0.0,0.0,0.0,160,0,0,0,0.0,0.26496513643952635,0.99
unseen,GSHP,4,persistence,unseen_test,median,0.2,2,360,0.0,0.0,0.0,0.0,0.0,0.0,160,0,0,0,0.0,0.26496513643952635,0.99
unseen,GSHP,4,persistence,unseen_test,median,0.2,3,360,0.0,0.0,0.0,0.0,0.0,0.0,160,0,0,0,0.0,0.26496513643952635,0.99
unseen,GSHP,4,persistence,unseen_test,conformal_upper_bound,0.05,1,360,0.007900555555555123,0.0,0.0013050291792579963,-0.03224999999999967,0.000700040157573688,105.32719999999746,80,20,780,520,0.0,0.26496513643952635,0.99
unseen,GSHP,4,persistence,unseen_test,conformal_upper_bound,0.05,2,360,0.001735555555556033,0.0,-0.0019807980773439413,-0.14445999999999137,-6.440347817312878e-05,146.8903999999972,80,20,1060,240,0.0,0.26496513643952635,0.99
unseen,GSHP,4,persistence,unseen_test,conformal_upper_bound,0.05,3,360,-0.016938888888888882,0.0,-0.00655047801867501,-0.17304999999999993,-0.0018213425188929556,153.21639999999798,80,20,1100,200,2.842170943040401e-14,0.26496513643952635,0.99
unseen,GSHP,4,persistence,unseen_test,conformal_upper_bound,0.1,1,360,0.0016666666666666928,0.0,-0.0019968187491786705,-0.14445999999999137,-7.13597335897573e-05,140.02999999999574,80,20,740,560,0.0,0.26496513643952635,0.99
unseen,GSHP,4,persistence,unseen_test,conformal_upper_bound,0.1,2,360,0.009000000000000086,0.0,-0.00029139239258951175,-0.14445999999999137,0.000693391128635707,197.96079999999608,80,20,940,360,5.684341886080802e-14,0.26496513643952635,0.99
unseen,GSHP,4,persistence,unseen_test,conformal_upper_bound,0.1,3,360,-0.02725333333333286,0.0,-0.009175971913494235,-0.34609999999999985,-0.0026918113855144395,201.74759999999802,80,20,840,460,0.0,0.26496513643952635,0.99
unseen,GSHP,4,persistence,unseen_test,conformal_upper_bound,0.15,1,360,0.0016666666666666928,0.0,-0.0019968187491786705,-0.14445999999999137,-7.13597335897573e-05,146.99139999999548,80,20,700,600,0.0,0.26496513643952635,0.99
unseen,GSHP,4,persistence,unseen_test,conformal_upper_bound,0.15,2,360,0.009000000000000086,0.0,-0.00029139239258951175,-0.14445999999999137,0.000693391128635707,216.0573999999946,80,20,860,440,2.842170943040401e-14,0.26496513643952635,0.99
unseen,GSHP,4,persistence,unseen_test,conformal_upper_bound,0.15,3,360,-0.03686722222222174,0.0,-0.01163854591167274,-0.5191499999999998,-0.0034339882253832284,229.18779999999674,80,20,700,600,0.0,0.26496513643952635,0.99
unseen,GSHP,4,persistence,unseen_test,conformal_upper_bound,0.2,1,360,0.0016666666666666928,0.0,-0.0019968187491786705,-0.14445999999999137,-7.13597335897573e-05,149.4975999999953,80,20,680,620,0.0,0.26496513643952635,0.99
unseen,GSHP,4,persistence,unseen_test,conformal_upper_bound,0.2,2,360,0.009000000000000086,0.0,-0.00029139239258951175,-0.14445999999999137,0.0006933911286357465,218.56359999999458,80,20,840,460,2.842170943040401e-14,0.26496513643952635,0.99
unseen,GSHP,4,persistence,unseen_test,conformal_upper_bound,0.2,3,360,-0.046481111111110626,0.0,-0.014101119909851252,-0.6921999999999997,-0.0041202781577457945,240.0355999999963,80,20,680,620,0.0,0.26496513643952635,0.99
unseen,GSHP,4,seasonal_daily,unseen_test,reference_no_forecast,0.0,0,360,0.0,0.0,0.0,0.0,0.0,0.0,160,0,0,0,0.0,0.26496513643952635,0.99
unseen,GSHP,4,seasonal_daily,unseen_test,median,0.05,1,360,0.041094444444444454,0.0,0.008931258588541333,0.0,0.0036339115266352607,230.40819999999894,0,0,1200,200,0.0,0.26496513643952635,0.99
unseen,GSHP,4,seasonal_daily,unseen_test,median,0.05,2,360,0.041094444444444454,0.0,0.008931258588541333,0.0,0.0036339115266352607,273.39319999999947,0,0,1400,0,2.842170943040401e-14,0.26496513643952635,0.99
unseen,GSHP,4,seasonal_daily,unseen_test,median,0.05,3,360,0.041094444444444454,0.0,0.008931258588541333,0.0,0.0036339115266352607,275.65999999999974,0,0,1400,0,2.842170943040401e-14,0.26496513643952635,0.99
unseen,GSHP,4,seasonal_daily,unseen_test,median,0.1,1,360,0.04295000000000014,0.0,0.008364692389482136,-0.35029999999999983,0.003810103545383233,414.61679999999797,0,0,1120,280,2.842170943040401e-14,0.26496513643952635,0.99
unseen,GSHP,4,seasonal_daily,unseen_test,median,0.1,2,360,0.051200000000000086,0.0,0.010903132280733271,0.0,0.004435650082600597,490.06999999999874,0,0,1300,100,0.0,0.26496513643952635,0.99
unseen,GSHP,4,seasonal_daily,unseen_test,median,0.1,3,360,0.05962777777777792,0.0,0.012615747151242881,0.0,0.005175753025884057,536.5791999999993,0,0,1380,20,2.842170943040401e-14,0.26496513643952635,0.99
unseen,GSHP,4,seasonal_daily,unseen_test,median,0.15,1,360,0.04275833333333343,0.0,0.007282842469752839,-0.7374499999999999,0.004259870120918821,546.4125999999972,0,0,1060,340,2.842170943040401e-14,0.26496513643952635,0.99
unseen,GSHP,4,seasonal_daily,unseen_test,median,0.15,2,360,0.006613888888888919,0.0,6.000059731928956e-05,-0.7146499999999998,0.0006985104967196459,668.1217999999986,0,0,1220,180,2.842170943040401e-14,0.26496513643952635,0.99
unseen,GSHP,4,seasonal_daily,unseen_test,median,0.15,3,360,-0.004344444444444435,0.0,-0.002887102787347581,-0.7146499999999998,-0.00013195923937053697,756.9149999999988,0,0,1320,80,2.842170943040401e-14,0.26496513643952635,0.99
unseen,GSHP,4,seasonal_daily,unseen_test,median,0.2,1,360,-0.019222222222222127,0.0,-0.008576217273154869,-1.1246,-0.0007516468279731391,631.5907999999971,0,0,1020,380,0.0,0.26496513643952635,0.99
unseen,GSHP,4,seasonal_daily,unseen_test,median,0.2,2,360,-0.011736666666666137,0.0,-0.004559156865762467,-0.943459999999992,-0.000539291990965375,778.288799999998,0,0,1180,220,2.842170943040401e-14,0.26496513643952635,0.99
unseen,GSHP,4,seasonal_daily,unseen_test,median,0.2,3,360,-0.03910222222222028,0.0,-0.011709410611131505,-0.943459999999992,-0.0026135699534095853,899.7847999999975,0,0,1300,100,0.0,0.26496513643952635,0.99
unseen,GSHP,4,seasonal_daily,unseen_test,conformal_upper_bound,0.05,1,360,0.015903333333332745,0.0,0.0036053139153802575,-0.6274599999999921,0.0014010692018301778,497.0499999999959,0,80,2560,1520,2.842170943040401e-14,0.26496513643952635,0.99
unseen,GSHP,4,seasonal_daily,unseen_test,conformal_upper_bound,0.05,2,360,0.03136444444444393,0.0,0.007473231858280754,-0.6116999999999999,0.0028835964322160537,649.8765999999972,0,80,3240,840,2.842170943040401e-14,0.26496513643952635,0.99
unseen,GSHP,4,seasonal_daily,unseen_test,conformal_upper_bound,0.05,3,360,0.03236888888888942,0.0,0.007676532313979426,-0.6274599999999912,0.0030048968358262662,720.1115999999987,0,80,3540,540,2.842170943040401e-14,0.26496513643952635,0.99
unseen,GSHP,4,seasonal_daily,unseen_test,conformal_upper_bound,0.1,1,360,0.030773333333332303,0.0,0.008262221693285927,-0.6274599999999912,0.0025864078238705523,839.0335999999957,0,80,2360,1720,2.842170943040401e-14,0.26496513643952635,0.99
unseen,GSHP,4,seasonal_daily,unseen_test,conformal_upper_bound,0.1,2,360,0.05375555555555551,0.0,0.013616055965321,-0.6274599999999912,0.0047572010177700085,1024.5679999999927,0,80,2740,1340,2.842170943040401e-14,0.26496513643952635,0.99
unseen,GSHP,4,seasonal_daily,unseen_test,conformal_upper_bound,0.1,3,360,0.02240222222222276,0.0,0.00728636293954486,-0.6274599999999912,0.0021612771718255808,1096.2107999999932,0,80,2840,1240,2.842170943040401e-14,0.26496513643952635,0.99
unseen,GSHP,4,seasonal_daily,unseen_test,conformal_upper_bound,0.15,1,360,0.039745555555554514,0.0,0.011590197295000392,-0.6274599999999912,0.003385740423270731,1118.6793999999916,0,80,2260,1820,2.842170943040401e-14,0.26496513643952635,0.99
unseen,GSHP,4,seasonal_daily,unseen_test,conformal_upper_bound,0.15,2,360,0.04298722222222132,0.0,0.013062979322715829,-0.6274599999999912,0.0038726279191241275,1278.9479999999944,0,80,2500,1580,2.842170943040401e-14,0.26496513643952635,0.99
unseen,GSHP,4,seasonal_daily,unseen_test,conformal_upper_bound,0.15,3,360,-0.0022627777777762936,0.0,0.003909334525619873,-0.6274599999999912,0.0005077052198847316,1275.4151999999942,0,80,2440,1640,2.842170943040401e-14,0.26496513643952635,0.99
unseen,GSHP,4,seasonal_daily,unseen_test,conformal_upper_bound,0.2,1,360,0.029995555555554533,0.0,0.007973728452270429,-0.6274599999999912,0.0025222708759034085,1303.225999999993,0,80,2200,1880,2.842170943040401e-14,0.26496513643952635,0.99
unseen,GSHP,4,seasonal_daily,unseen_test,conformal_upper_bound,0.2,2,360,0.014555555555555528,0.0,0.005771318644166363,-0.6274599999999912,0.0015273478763723918,1429.2171999999937,0,80,2260,1820,0.0,0.26496513643952635,0.99
unseen,GSHP,4,seasonal_daily,unseen_test,conformal_upper_bound,0.2,3,360,0.0161077777777784,0.0,0.007343803063168917,-0.6274599999999912,0.0016365971458499236,1373.8111999999942,0,80,2100,1980,2.842170943040401e-14,0.26496513643952635,0.99
unseen,GSHP,4,seasonal_weekly,unseen_test,reference_no_forecast,0.0,0,360,0.0,0.0,0.0,0.0,0.0,0.0,160,0,0,0,0.0,0.26496513643952635,0.99
unseen,GSHP,4,seasonal_weekly,unseen_test,median,0.05,1,360,0.01977777777777787,0.0,0.004599483204134385,0.0,0.00194772385032146,226.0851999999995,0,0,1160,160,2.842170943040401e-14,0.26496513643952635,0.99
unseen,GSHP,4,seasonal_weekly,unseen_test,median,0.05,2,360,-0.0024833333333332697,0.0,-0.0005775193798449466,-0.022349999999999426,-0.00023322385209129475,258.87620000000004,0,0,1320,0,0.0,0.26496513643952635,0.99
unseen,GSHP,4,seasonal_weekly,unseen_test,median,0.05,3,360,-0.0024833333333332697,0.0,-0.0005775193798449466,-0.022349999999999426,-0.00023322385209129475,258.87620000000004,0,0,1320,0,2.842170943040401e-14,0.26496513643952635,0.99
unseen,GSHP,4,seasonal_weekly,unseen_test,median,0.1,1,360,0.01977777777777787,0.0,0.004599483204134385,0.0,0.00194772385032146,394.94079999999934,0,0,1100,220,2.842170943040401e-14,0.26496513643952635,0.99
unseen,GSHP,4,seasonal_weekly,unseen_test,median,0.1,2,360,-0.05274444444444432,0.0,-0.012266149870801027,-0.47469999999999946,-0.004484236502915372,431.3507999999997,0,0,1200,120,0.0,0.26496513643952635,0.99
unseen,GSHP,4,seasonal_weekly,unseen_test,median,0.1,3,360,-0.05274444444444432,0.0,-0.012266149870801027,-0.47469999999999946,-0.004484236502915372,492.64319999999975,0,0,1320,0,2.842170943040401e-14,0.26496513643952635,0.99
unseen,GSHP,4,seasonal_weekly,unseen_test,median,0.15,1,360,0.01977777777777787,0.0,0.004599483204134385,0.0,0.00194772385032146,544.3399999999993,0,0,1040,280,2.842170943040401e-14,0.26496513643952635,0.99
unseen,GSHP,4,seasonal_weekly,unseen_test,median,0.15,2,360,-0.1030055555555556,0.0,-0.02395478036175707,-0.9270499999999995,-0.007999482106322415,598.9549999999994,0,0,1140,180,2.842170943040401e-14,0.26496513643952635,0.99
unseen,GSHP,4,seasonal_weekly,unseen_test,median,0.15,3,360,-0.1030055555555556,0.0,-0.02395478036175707,-0.9270499999999995,-0.007999482106322415,726.0373999999995,0,0,1320,0,0.0,0.26496513643952635,0.99
unseen,GSHP,4,seasonal_weekly,unseen_test,median,0.2,1,360,-0.013722222222222167,0.0,-0.0031912144702842234,-0.4249999999999998,-0.001007513703664742,681.5059999999985,0,0,1040,280,0.0,0.26496513643952635,0.99
unseen,GSHP,4,seasonal_weekly,unseen_test,median,0.2,2,360,-0.14166666666666658,0.0,-0.03294573643410853,-1.2750000000000004,-0.010315271911681299,754.3259999999988,0,0,1140,180,2.842170943040401e-14,0.26496513643952635,0.99
unseen,GSHP,4,seasonal_weekly,unseen_test,median,0.2,3,360,-0.14166666666666658,0.0,-0.03294573643410853,-1.2750000000000004,-0.010315271911681299,906.4351999999989,0,0,1320,0,2.842170943040401e-14,0.26496513643952635,0.99
unseen,GSHP,4,seasonal_weekly,unseen_test,conformal_upper_bound,0.05,1,360,0.02705111111111013,0.0,0.006546507921379025,0.0,0.0026291371063031873,470.73399999999816,0,40,2440,720,2.842170943040401e-14,0.26496513643952635,0.99
unseen,GSHP,4,seasonal_weekly,unseen_test,conformal_upper_bound,0.05,2,360,-0.0660555555555556,0.0,-0.015106205256915318,-0.6933500000000006,-0.00521546978315794,571.6503999999984,0,40,2840,320,2.842170943040401e-14,0.26496513643952635,0.99
unseen,GSHP,4,seasonal_weekly,unseen_test,conformal_upper_bound,0.05,3,360,-0.10630277777777783,0.0,-0.02446602437836233,-1.0587000000000009,-0.007843534646950366,630.7419999999989,0,40,3040,120,2.842170943040401e-14,0.26496513643952635,0.99
unseen,GSHP,4,seasonal_weekly,unseen_test,conformal_upper_bound,0.1,1,360,0.01898333333333335,0.0,0.0046702805311983776,0.0,0.0018193644505075607,833.393999999996,0,40,2360,800,2.842170943040401e-14,0.26496513643952635,0.99
unseen,GSHP,4,seasonal_weekly,unseen_test,conformal_upper_bound,0.1,2,360,-0.25319555555555456,0.0,-0.06066709450586671,-1.5994599999999917,-0.01859902898737068,1056.3155999999974,0,40,2780,380,2.842170943040401e-14,0.26496513643952635,0.99
unseen,GSHP,4,seasonal_weekly,unseen_test,conformal_upper_bound,0.1,3,360,-0.25319555555555456,0.0,-0.06066709450586671,-1.5994599999999917,-0.01859902898737068,1022.4483999999962,0,40,2680,480,2.842170943040401e-14,0.26496513643952635,0.99
unseen,GSHP,4,seasonal_weekly,unseen_test,conformal_upper_bound,0.15,1,360,-0.01602222222222215,0.0,-0.0038289086658618026,-0.10624999999999929,-0.0014833810271185478,1067.325599999993,0,40,2280,880,2.842170943040401e-14,0.26496513643952635,0.99
unseen,GSHP,4,seasonal_weekly,unseen_test,conformal_upper_bound,0.15,2,360,-0.38661222222222125,0.0,-0.0949532331511837,-1.565059999999992,-0.027126973180921134,1355.3527999999958,0,40,2640,520,2.842170943040401e-14,0.26496513643952635,0.99
unseen,GSHP,4,seasonal_weekly,unseen_test,conformal_upper_bound,0.15,3,360,-0.38661222222222125,0.0,-0.0949532331511837,-1.565059999999992,-0.027126973180921134,1213.8925999999954,0,40,2300,860,2.842170943040401e-14,0.26496513643952635,0.99
unseen,GSHP,4,seasonal_weekly,unseen_test,conformal_upper_bound,0.2,1,360,-0.06889999999999996,0.0,-0.016906023637056792,-0.28499999999999925,-0.006119380058463067,1195.3947999999923,0,40,2080,1080,2.842170943040401e-14,0.26496513643952635,0.99
unseen,GSHP,4,seasonal_weekly,unseen_test,conformal_upper_bound,0.2,2,360,-0.3657166666666641,0.0,-0.09039650606811477,-1.4024599999999925,-0.025983151614778106,1459.717999999992,0,40,2300,860,2.842170943040401e-14,0.26496513643952635,0.99
unseen,GSHP,4,seasonal_weekly,unseen_test,conformal_upper_bound,0.2,3,360,-0.3657166666666641,0.0,-0.09039650606811477,-1.4024599999999925,-0.025983151614778106,1258.3991999999926,0,40,1920,1240,5.684341886080802e-14,0.26496513643952635,0.99
unseen,GSHP,4,elastic_net,unseen_test,reference_no_forecast,0.0,0,360,0.0,0.0,0.0,0.0,0.0,0.0,160,0,0,0,0.0,0.26496513643952635,0.99
unseen,GSHP,4,elastic_net,unseen_test,median,0.05,1,360,0.0,0.0,0.0,0.0,0.0,0.0,160,0,0,0,0.0,0.26496513643952635,0.99
unseen,GSHP,4,elastic_net,unseen_test,median,0.05,2,360,0.0,0.0,0.0,0.0,0.0,0.0,160,0,0,0,0.0,0.26496513643952635,0.99
unseen,GSHP,4,elastic_net,unseen_test,median,0.05,3,360,0.0,0.0,0.0,0.0,0.0,0.0,160,0,0,0,0.0,0.26496513643952635,0.99
unseen,GSHP,4,elastic_net,unseen_test,median,0.1,1,360,0.0,0.0,0.0,0.0,0.0,0.0,160,0,0,0,0.0,0.26496513643952635,0.99
unseen,GSHP,4,elastic_net,unseen_test,median,0.1,2,360,0.0,0.0,0.0,0.0,0.0,0.0,160,0,0,0,0.0,0.26496513643952635,0.99
unseen,GSHP,4,elastic_net,unseen_test,median,0.1,3,360,0.0,0.0,0.0,0.0,0.0,0.0,160,0,0,0,0.0,0.26496513643952635,0.99
unseen,GSHP,4,elastic_net,unseen_test,median,0.15,1,360,0.0,0.0,0.0,0.0,0.0,0.0,160,0,0,0,0.0,0.26496513643952635,0.99
unseen,GSHP,4,elastic_net,unseen_test,median,0.15,2,360,0.0,0.0,0.0,0.0,0.0,0.0,160,0,0,0,0.0,0.26496513643952635,0.99
unseen,GSHP,4,elastic_net,unseen_test,median,0.15,3,360,0.0,0.0,0.0,0.0,0.0,0.0,160,0,0,0,0.0,0.26496513643952635,0.99
unseen,GSHP,4,elastic_net,unseen_test,median,0.2,1,360,0.0,0.0,0.0,0.0,0.0,0.0,160,0,0,0,0.0,0.26496513643952635,0.99
unseen,GSHP,4,elastic_net,unseen_test,median,0.2,2,360,0.0,0.0,0.0,0.0,0.0,0.0,160,0,0,0,0.0,0.26496513643952635,0.99
unseen,GSHP,4,elastic_net,unseen_test,median,0.2,3,360,0.0,0.0,0.0,0.0,0.0,0.0,160,0,0,0,0.0,0.26496513643952635,0.99
unseen,GSHP,4,elastic_net,unseen_test,conformal_upper_bound,0.05,1,360,0.0,0.0,0.0,0.0,0.0,37.656591942793355,100,0,220,20,0.0,0.26496513643952635,0.99
unseen,GSHP,4,elastic_net,unseen_test,conformal_upper_bound,0.05,2,360,0.0,0.0,0.0,0.0,0.0,34.610525791316896,100,0,200,40,0.0,0.26496513643952635,0.99
unseen,GSHP,4,elastic_net,unseen_test,conformal_upper_bound,0.05,3,360,0.0,0.0,0.0,0.0,0.0,40.657612678447215,100,0,240,0,0.0,0.26496513643952635,0.99
unseen,GSHP,4,elastic_net,unseen_test,conformal_upper_bound,0.1,1,360,0.0,0.0,0.0,0.0,0.0,45.01843816222691,100,0,140,100,0.0,0.26496513643952635,0.99
unseen,GSHP,4,elastic_net,unseen_test,conformal_upper_bound,0.1,2,360,0.0,0.0,0.0,0.0,0.0,46.35612350848753,100,0,160,80,0.0,0.26496513643952635,0.99
unseen,GSHP,4,elastic_net,unseen_test,conformal_upper_bound,0.1,3,360,0.0,0.0,0.0,0.0,0.0,68.4471095731824,100,0,220,20,0.0,0.26496513643952635,0.99
unseen,GSHP,4,elastic_net,unseen_test,conformal_upper_bound,0.15,1,360,0.0,0.0,0.0,0.0,0.0,45.634511115028715,100,0,140,100,0.0,0.26496513643952635,0.99
unseen,GSHP,4,elastic_net,unseen_test,conformal_upper_bound,0.15,2,360,0.0,0.0,0.0,0.0,0.0,51.268748754991705,100,0,140,100,0.0,0.26496513643952635,0.99
unseen,GSHP,4,elastic_net,unseen_test,conformal_upper_bound,0.15,3,360,0.0,0.0,0.0,0.0,0.0,83.2481418358148,100,0,180,60,0.0,0.26496513643952635,0.99
unseen,GSHP,4,elastic_net,unseen_test,conformal_upper_bound,0.2,1,360,0.0,0.0,0.0,0.0,0.0,45.634511115028715,100,0,140,100,0.0,0.26496513643952635,0.99
unseen,GSHP,4,elastic_net,unseen_test,conformal_upper_bound,0.2,2,360,0.0,0.0,0.0,0.0,0.0,51.26874875499171,100,0,120,120,0.0,0.26496513643952635,0.99
unseen,GSHP,4,elastic_net,unseen_test,conformal_upper_bound,0.2,3,360,0.0,0.0,0.0,0.0,0.0,88.64585270250288,100,0,180,60,0.0,0.26496513643952635,0.99
unseen,GSHP,4,lightgbm,unseen_test,reference_no_forecast,0.0,0,360,0.0,0.0,0.0,0.0,0.0,0.0,160,0,0,0,0.0,0.26496513643952635,0.99
unseen,GSHP,4,lightgbm,unseen_test,median,0.05,1,360,0.0,0.0,0.0,0.0,0.0,0.0,160,0,0,0,0.0,0.26496513643952635,0.99
unseen,GSHP,4,lightgbm,unseen_test,median,0.05,2,360,0.0,0.0,0.0,0.0,0.0,0.0,160,0,0,0,0.0,0.26496513643952635,0.99
unseen,GSHP,4,lightgbm,unseen_test,median,0.05,3,360,0.0,0.0,0.0,0.0,0.0,0.0,160,0,0,0,0.0,0.26496513643952635,0.99
unseen,GSHP,4,lightgbm,unseen_test,median,0.1,1,360,0.0,0.0,0.0,0.0,0.0,0.0,160,0,0,0,0.0,0.26496513643952635,0.99
unseen,GSHP,4,lightgbm,unseen_test,median,0.1,2,360,0.0,0.0,0.0,0.0,0.0,0.0,160,0,0,0,0.0,0.26496513643952635,0.99
unseen,GSHP,4,lightgbm,unseen_test,median,0.1,3,360,0.0,0.0,0.0,0.0,0.0,0.0,160,0,0,0,0.0,0.26496513643952635,0.99
unseen,GSHP,4,lightgbm,unseen_test,median,0.15,1,360,0.0,0.0,0.0,0.0,0.0,0.0,160,0,0,0,0.0,0.26496513643952635,0.99
unseen,GSHP,4,lightgbm,unseen_test,median,0.15,2,360,0.0,0.0,0.0,0.0,0.0,0.0,160,0,0,0,0.0,0.26496513643952635,0.99
unseen,GSHP,4,lightgbm,unseen_test,median,0.15,3,360,0.0,0.0,0.0,0.0,0.0,0.0,160,0,0,0,0.0,0.26496513643952635,0.99
unseen,GSHP,4,lightgbm,unseen_test,median,0.2,1,360,0.0,0.0,0.0,0.0,0.0,0.0,160,0,0,0,0.0,0.26496513643952635,0.99
unseen,GSHP,4,lightgbm,unseen_test,median,0.2,2,360,0.0,0.0,0.0,0.0,0.0,0.0,160,0,0,0,0.0,0.26496513643952635,0.99
unseen,GSHP,4,lightgbm,unseen_test,median,0.2,3,360,0.0,0.0,0.0,0.0,0.0,0.0,160,0,0,0,0.0,0.26496513643952635,0.99
unseen,GSHP,4,lightgbm,unseen_test,conformal_upper_bound,0.05,1,360,0.0,0.0,0.0,0.0,0.0,63.238826544408795,80,0,420,240,2.842170943040401e-14,0.26496513643952635,0.99
unseen,GSHP,4,lightgbm,unseen_test,conformal_upper_bound,0.05,2,360,0.0,0.0,0.0,0.0,0.0,84.0188471929207,80,0,540,120,0.0,0.26496513643952635,0.99
unseen,GSHP,4,lightgbm,unseen_test,conformal_upper_bound,0.05,3,360,0.0,0.0,0.0,0.0,0.0,103.20545089956534,80,0,620,40,2.842170943040401e-14,0.26496513643952635,0.99
unseen,GSHP,4,lightgbm,unseen_test,conformal_upper_bound,0.1,1,360,0.0,0.0,0.0,0.0,0.0,91.54244568314505,80,0,380,280,0.0,0.26496513643952635,0.99
unseen,GSHP,4,lightgbm,unseen_test,conformal_upper_bound,0.1,2,360,0.0,0.0,0.0,0.0,0.0,125.56489806609767,80,0,460,200,0.0,0.26496513643952635,0.99
unseen,GSHP,4,lightgbm,unseen_test,conformal_upper_bound,0.1,3,360,0.0,0.0,0.0,0.0,0.0,168.82339378779466,80,0,540,120,0.0,0.26496513643952635,0.99
unseen,GSHP,4,lightgbm,unseen_test,conformal_upper_bound,0.15,1,360,0.0,0.0,0.0,0.0,0.0,96.66659507298152,80,0,360,300,2.842170943040401e-14,0.26496513643952635,0.99
unseen,GSHP,4,lightgbm,unseen_test,conformal_upper_bound,0.15,2,360,0.0,0.0,0.0,0.0,0.0,139.43806646292467,80,0,440,220,0.0,0.26496513643952635,0.99
unseen,GSHP,4,lightgbm,unseen_test,conformal_upper_bound,0.15,3,360,0.0,0.0,0.0,0.0,0.0,202.63754719798735,80,0,500,160,2.842170943040401e-14,0.26496513643952635,0.99
unseen,GSHP,4,lightgbm,unseen_test,conformal_upper_bound,0.2,1,360,0.0,0.0,0.0,0.0,0.0,96.66659507298152,80,0,360,300,2.842170943040401e-14,0.26496513643952635,0.99
unseen,GSHP,4,lightgbm,unseen_test,conformal_upper_bound,0.2,2,360,0.0,0.0,0.0,0.0,0.0,141.46170465755858,80,0,420,240,0.0,0.26496513643952635,0.99
unseen,GSHP,4,lightgbm,unseen_test,conformal_upper_bound,0.2,3,360,0.0,0.0,0.0,0.0,0.0,222.1420482947815,80,0,460,200,0.0,0.26496513643952635,0.99
unseen,mixed,4,persistence,unseen_test,reference_no_forecast,0.0,0,1290,0.0,0.0,0.0,0.0,0.0,0.0,416,0,0,0,0.0,0.279813349536171,0.99
unseen,mixed,4,persistence,unseen_test,median,0.05,1,1290,0.0,0.0,0.0,0.0,0.0,0.0,388,0,0,2660,0.0,0.279813349536171,0.99
unseen,mixed,4,persistence,unseen_test,median,0.05,2,1290,0.0,0.0,0.0,0.0,0.0,0.0,388,0,0,2660,0.0,0.279813349536171,0.99
unseen,mixed,4,persistence,unseen_test,median,0.05,3,1290,0.0,0.0,0.0,0.0,0.0,0.0,388,0,0,2660,0.0,0.279813349536171,0.99
unseen,mixed,4,persistence,unseen_test,median,0.1,1,1290,0.0,0.0,0.0,0.0,0.0,0.0,388,0,0,2660,0.0,0.279813349536171,0.99
unseen,mixed,4,persistence,unseen_test,median,0.1,2,1290,0.0,0.0,0.0,0.0,0.0,0.0,388,0,0,2660,0.0,0.279813349536171,0.99
unseen,mixed,4,persistence,unseen_test,median,0.1,3,1290,0.0,0.0,0.0,0.0,0.0,0.0,388,0,0,2660,0.0,0.279813349536171,0.99
unseen,mixed,4,persistence,unseen_test,median,0.15,1,1290,0.0,0.0,0.0,0.0,0.0,0.0,388,0,0,2660,0.0,0.279813349536171,0.99
unseen,mixed,4,persistence,unseen_test,median,0.15,2,1290,0.0,0.0,0.0,0.0,0.0,0.0,388,0,0,2660,0.0,0.279813349536171,0.99
unseen,mixed,4,persistence,unseen_test,median,0.15,3,1290,0.0,0.0,0.0,0.0,0.0,0.0,388,0,0,2660,0.0,0.279813349536171,0.99
unseen,mixed,4,persistence,unseen_test,median,0.2,1,1290,0.0,0.0,0.0,0.0,0.0,0.0,388,0,0,2660,0.0,0.279813349536171,0.99
unseen,mixed,4,persistence,unseen_test,median,0.2,2,1290,0.0,0.0,0.0,0.0,0.0,0.0,388,0,0,2660,0.0,0.279813349536171,0.99
unseen,mixed,4,persistence,unseen_test,median,0.2,3,1290,0.0,0.0,0.0,0.0,0.0,0.0,388,0,0,2660,0.0,0.279813349536171,0.99
unseen,mixed,4,persistence,unseen_test,conformal_upper_bound,0.05,1,1290,-0.0029619767441860455,0.0,-0.000857371583089699,-0.2990000000000004,-0.00030143179105878923,204.45775,243,55,1706,9003,5.684341886080802e-14,0.279813349536171,0.99
unseen,mixed,4,persistence,unseen_test,conformal_upper_bound,0.05,2,1290,-0.0022115503875968973,0.0,-0.0006862628074936149,-0.3260000000000005,-0.0002736776039091902,234.4824,243,55,1805,8904,5.684341886080802e-14,0.279813349536171,0.99
unseen,mixed,4,persistence,unseen_test,conformal_upper_bound,0.05,3,1290,-0.0017856589147286826,0.0,-0.0005114425466025629,-0.3260000000000005,-0.00020825234669673555,290.83595000000014,243,55,2072,8637,5.684341886080802e-14,0.279813349536171,0.99
unseen,mixed,4,persistence,unseen_test,conformal_upper_bound,0.1,1,1290,-0.004284728682170544,0.0,-0.0012366071035950926,-0.3514999999999997,-0.00046382264823934693,252.93539999999996,243,55,1524,9185,5.684341886080802e-14,0.279813349536171,0.99
unseen,mixed,4,persistence,unseen_test,conformal_upper_bound,0.1,2,1290,-0.0028585271317829453,0.0,-0.0008854135739578435,-0.3260000000000005,-0.0003518166735553438,276.25180000000006,243,55,1487,9222,5.684341886080802e-14,0.279813349536171,0.99
unseen,mixed,4,persistence,unseen_test,conformal_upper_bound,0.1,3,1290,-0.003998837209302328,0.0,-0.0012455623047334724,-0.3792,-0.00045269014314273535,386.6812,243,55,1757,8952,5.684341886080802e-14,0.279813349536171,0.99
unseen,mixed,4,persistence,unseen_test,conformal_upper_bound,0.15,1,1290,-0.004537209302325582,0.0,-0.0012978102363022834,-0.44099999999999984,-0.0004895101456443102,261.0339999999999,243,55,1511,9198,5.684341886080802e-14,0.279813349536171,0.99
unseen,mixed,4,persistence,unseen_test,conformal_upper_bound,0.15,2,1290,-0.0031560465116279054,0.0,-0.0009684432493677378,-0.3260000000000005,-0.00038052207930179923,290.3699999999999,243,55,1399,9310,5.684341886080802e-14,0.279813349536171,0.99
unseen,mixed,4,persistence,unseen_test,conformal_upper_bound,0.15,3,1290,-0.004848100775193799,0.0,-0.0015310475263453952,-0.49900000000000055,-0.0005480811599444106,422.95865,243,55,1680,9029,5.684341886080802e-14,0.279813349536171,0.99
unseen,mixed,4,persistence,unseen_test,conformal_upper_bound,0.2,1,1290,-0.004537209302325582,0.0,-0.0012978102363022834,-0.44099999999999984,-0.0004895101456443102,261.0339999999999,243,55,1511,9198,5.684341886080802e-14,0.279813349536171,0.99
unseen,mixed,4,persistence,unseen_test,conformal_upper_bound,0.2,2,1290,-0.0031790697674418593,0.0,-0.0009762108795343886,-0.3260000000000005,-0.00038399391028042196,290.5789999999999,243,55,1399,9310,5.684341886080802e-14,0.279813349536171,0.99
unseen,mixed,4,persistence,unseen_test,conformal_upper_bound,0.2,3,1290,-0.004965891472868219,0.0,-0.0015621186679107921,-0.49900000000000055,-0.0005644017777343791,426.90599999999966,243,55,1661,9048,5.684341886080802e-14,0.279813349536171,0.99
unseen,mixed,4,seasonal_daily,unseen_test,reference_no_forecast,0.0,0,1290,0.0,0.0,0.0,0.0,0.0,0.0,416,0,0,0,0.0,0.279813349536171,0.99
unseen,mixed,4,seasonal_daily,unseen_test,median,0.05,1,1290,0.001964069767441858,0.0,0.0002456302240431048,-0.5017,0.00017959090243825214,470.39565000000044,63,72,2427,238,5.684341886080802e-14,0.279813349536171,0.99
unseen,mixed,4,seasonal_daily,unseen_test,median,0.05,2,1290,-0.0023005038759689885,0.0,-0.0007044651780579934,-0.6004999999999994,-0.00017990592928085366,508.3008000000005,63,72,2587,78,5.684341886080802e-14,0.279813349536171,0.99
unseen,mixed,4,seasonal_daily,unseen_test,median,0.05,3,1290,0.001448217054263572,0.0,0.0002890945074858826,-0.67265,0.0001489987031756434,514.8605500000004,63,72,2615,50,5.684341886080802e-14,0.279813349536171,0.99
unseen,mixed,4,seasonal_daily,unseen_test,median,0.1,1,1290,-0.007573333333333345,0.0,-0.002339057789556992,-0.6609999999999996,-0.0007660013454957882,871.5257000000003,63,72,2364,301,5.684341886080802e-14,0.279813349536171,0.99
unseen,mixed,4,seasonal_daily,unseen_test,median,0.1,2,1290,-0.02299093023255818,0.0,-0.005725559312070249,-1.2010000000000005,-0.0018978926821589962,944.6955000000007,63,72,2464,201,5.684341886080802e-14,0.279813349536171,0.99
unseen,mixed,4,seasonal_daily,unseen_test,median,0.1,3,1290,-0.02314186046511629,0.0,-0.00494623732015762,-1.3883,-0.0018537544700576792,952.3759000000009,63,72,2477,188,5.684341886080802e-14,0.279813349536171,0.99
unseen,mixed,4,seasonal_daily,unseen_test,median,0.15,1,1290,-0.01902879844961243,0.0,-0.005383257272554883,-0.9919000000000002,-0.0018394045918522042,1199.0909,63,72,2267,398,5.684341886080802e-14,0.279813349536171,0.99
unseen,mixed,4,seasonal_daily,unseen_test,median,0.15,2,1290,-0.05459465116279074,0.0,-0.013246489067448896,-1.8015000000000008,-0.004658156159624678,1316.3248500000013,63,72,2361,304,5.684341886080802e-14,0.279813349536171,0.99
unseen,mixed,4,seasonal_daily,unseen_test,median,0.15,3,1290,-0.0494353488372093,0.0,-0.011041536978151214,-2.160449999999999,-0.0040075227509444285,1309.1247500000002,63,72,2320,345,5.684341886080802e-14,0.279813349536171,0.99
unseen,mixed,4,seasonal_daily,unseen_test,median,0.2,1,1290,-0.03585813953488376,0.0,-0.009527147168915793,-1.261000000000001,-0.003423268471458405,1468.630399999999,63,72,2192,473,5.684341886080802e-14,0.279813349536171,0.99
unseen,mixed,4,seasonal_daily,unseen_test,median,0.2,2,1290,-0.083077519379845,0.0,-0.020101739967823877,-2.099,-0.007079589400448256,1611.5706,63,72,2260,405,5.684341886080802e-14,0.279813349536171,0.99
unseen,mixed,4,seasonal_daily,unseen_test,median,0.2,3,1290,-0.07314868217054264,0.0,-0.017056994304278778,-2.899000000000001,-0.006096887141140582,1596.0918000000008,63,72,2211,454,5.684341886080802e-14,0.279813349536171,0.99
unseen,mixed,4,seasonal_daily,unseen_test,conformal_upper_bound,0.05,1,1290,0.004105,0.0,0.0008745254779777969,-0.5251000000000001,0.00022390380269826863,1544.2585000000001,3,334,8008,2578,5.684341886080802e-14,0.279813349536171,0.99
unseen,mixed,4,seasonal_daily,unseen_test,conformal_upper_bound,0.05,2,1290,-0.01964158914728682,0.0,-0.0049707439926303535,-1.1894500000000003,-0.001976806378946873,1828.2116000000024,3,334,9180,1406,1.1368683772161603e-13,0.279813349536171,0.99
unseen,mixed,4,seasonal_daily,unseen_test,conformal_upper_bound,0.05,3,1290,-0.020737248062015497,0.0,-0.005093499166342092,-1.2272499999999988,-0.002226568706659326,1917.2430500000023,3,334,9555,1031,5.684341886080802e-14,0.279813349536171,0.99
unseen,mixed,4,seasonal_daily,unseen_test,conformal_upper_bound,0.1,1,1290,-0.017615736434108548,0.0,-0.0048959619933249664,-1.0027,-0.0020748197134937457,2718.2282999999993,3,334,7574,3012,5.684341886080802e-14,0.279813349536171,0.99
unseen,mixed,4,seasonal_daily,unseen_test,conformal_upper_bound,0.1,2,1290,-0.07991992248062016,0.0,-0.020746411093024136,-2.35,-0.00756056835418548,3166.306499999998,3,334,8424,2162,5.684341886080802e-14,0.279813349536171,0.99
unseen,mixed,4,seasonal_daily,unseen_test,conformal_upper_bound,0.1,3,1290,-0.08092325581395349,0.0,-0.021401510940083746,-2.35,-0.007714145511469464,3247.374200000001,3,334,8484,2102,5.684341886080802e-14,0.279813349536171,0.99
unseen,mixed,4,seasonal_daily,unseen_test,conformal_upper_bound,0.15,1,1290,-0.04678201550387598,0.0,-0.01275411744440712,-1.385699999999999,-0.004960663758062576,3611.5435499999994,3,334,7233,3353,5.684341886080802e-14,0.279813349536171,0.99
unseen,mixed,4,seasonal_daily,unseen_test,conformal_upper_bound,0.15,2,1290,-0.11937817829457366,0.0,-0.031828407891412794,-2.459999999999999,-0.011030326569947851,4086.6389499999973,3,334,7678,2908,5.684341886080802e-14,0.279813349536171,0.99
unseen,mixed,4,seasonal_daily,unseen_test,conformal_upper_bound,0.15,3,1290,-0.1234752325581395,0.0,-0.03343959002651598,-2.5,-0.011364260561005049,4113.316799999998,3,334,7550,3036,5.684341886080802e-14,0.279813349536171,0.99
unseen,mixed,4,seasonal_daily,unseen_test,conformal_upper_bound,0.2,1,1290,-0.07433395348837218,0.0,-0.02078545791040514,-1.8419999999999996,-0.007560626796602662,4272.252799999997,3,334,6905,3681,5.684341886080802e-14,0.279813349536171,0.99
unseen,mixed,4,seasonal_daily,unseen_test,conformal_upper_bound,0.2,2,1290,-0.14843875968992265,0.0,-0.04043401329025888,-2.46,-0.01360074831743805,4748.553600000004,3,334,7064,3522,5.684341886080802e-14,0.279813349536171,0.99
unseen,mixed,4,seasonal_daily,unseen_test,conformal_upper_bound,0.2,3,1290,-0.15438294573643407,0.0,-0.04283882923836303,-2.5,-0.014018302685048133,4715.979600000002,3,334,6816,3770,5.684341886080802e-14,0.279813349536171,0.99
unseen,mixed,4,seasonal_weekly,unseen_test,reference_no_forecast,0.0,0,1290,0.0,0.0,0.0,0.0,0.0,0.0,416,0,0,0,0.0,0.279813349536171,0.99
unseen,mixed,4,seasonal_weekly,unseen_test,median,0.05,1,1290,-0.0027250387596899216,0.0,-0.000795708148317789,-0.4183499999999998,-0.0004014304089561526,517.1550999999997,76,59,2668,371,5.684341886080802e-14,0.279813349536171,0.99
unseen,mixed,4,seasonal_weekly,unseen_test,median,0.05,2,1290,-0.0070451162790697705,0.0,-0.0014864969731558457,-0.9872499999999995,-0.000638396232411228,570.5060499999996,76,59,2885,154,5.684341886080802e-14,0.279813349536171,0.99
unseen,mixed,4,seasonal_weekly,unseen_test,median,0.05,3,1290,-0.008863372093023264,0.0,-0.001971813044059133,-0.9872499999999995,-0.0008285057060577789,583.4029999999998,76,59,2942,97,5.684341886080802e-14,0.279813349536171,0.99
unseen,mixed,4,seasonal_weekly,unseen_test,median,0.1,1,1290,-0.02119581395348839,0.0,-0.005460652649106934,-0.8750000000000009,-0.0022194393738168613,956.6367000000001,76,59,2566,473,5.684341886080802e-14,0.279813349536171,0.99
unseen,mixed,4,seasonal_weekly,unseen_test,median,0.1,2,1290,-0.0336413953488372,0.0,-0.007667398635728921,-1.9745,-0.002880049886381278,1038.024799999999,76,59,2718,321,5.684341886080802e-14,0.279813349536171,0.99
unseen,mixed,4,seasonal_weekly,unseen_test,median,0.1,3,1290,-0.04371116279069768,0.0,-0.009916607147050123,-1.9745,-0.00369669665750234,1034.9196999999992,76,59,2697,342,5.684341886080802e-14,0.279813349536171,0.99
unseen,mixed,4,seasonal_weekly,unseen_test,median,0.15,1,1290,-0.04470375968992247,0.0,-0.011305824843315578,-1.1133000000000006,-0.004356339508126042,1303.0541000000003,76,59,2461,578,5.684341886080802e-14,0.279813349536171,0.99
unseen,mixed,4,seasonal_weekly,unseen_test,median,0.15,2,1290,-0.07017023255813956,0.0,-0.01592402351776226,-2.9617500000000003,-0.005734369945210438,1407.7130000000009,76,59,2539,500,5.684341886080802e-14,0.279813349536171,0.99
unseen,mixed,4,seasonal_weekly,unseen_test,median,0.15,3,1290,-0.0820823255813953,0.0,-0.018931842680723003,-2.9617500000000003,-0.006576171986451339,1390.5257000000013,76,59,2491,548,5.684341886080802e-14,0.279813349536171,0.99
unseen,mixed,4,seasonal_weekly,unseen_test,median,0.2,1,1290,-0.0682866666666667,0.0,-0.017183085405898735,-1.4543999999999992,-0.006466320473777637,1570.2016,76,59,2353,686,5.684341886080802e-14,0.279813349536171,0.99
unseen,mixed,4,seasonal_weekly,unseen_test,median,0.2,2,1290,-0.10467395348837204,0.0,-0.024048958074375376,-3.020999999999999,-0.008573368911877802,1692.6239999999993,76,59,2385,654,5.684341886080802e-14,0.279813349536171,0.99
unseen,mixed,4,seasonal_weekly,unseen_test,median,0.2,3,1290,-0.11838666666666654,0.0,-0.027684009590135766,-3.020999999999999,-0.00932030408021193,1664.1224,76,59,2316,723,5.684341886080802e-14,0.279813349536171,0.99
unseen,mixed,4,seasonal_weekly,unseen_test,conformal_upper_bound,0.05,1,1290,-0.013849224806201545,0.0,-0.0035637706295055093,-0.7036499999999997,-0.0016367074286121398,1576.873150000001,4,263,8205,3737,5.684341886080802e-14,0.279813349536171,0.99
unseen,mixed,4,seasonal_weekly,unseen_test,conformal_upper_bound,0.05,2,1290,-0.021620813953488378,0.0,-0.00539453792990631,-1.6747999999999994,-0.0024163212656159528,1902.9580499999997,4,263,9549,2393,5.684341886080802e-14,0.279813349536171,0.99
unseen,mixed,4,seasonal_weekly,unseen_test,conformal_upper_bound,0.05,3,1290,-0.03466093023255816,0.0,-0.008320427571674631,-2.4346499999999995,-0.0034215958105282738,2008.5251499999997,4,263,9924,2018,5.684341886080802e-14,0.279813349536171,0.99
unseen,mixed,4,seasonal_weekly,unseen_test,conformal_upper_bound,0.1,1,1290,-0.055800000000000044,0.0,-0.014743463198993032,-1.4073000000000002,-0.005726543087495766,2717.447899999999,4,263,7628,4314,5.684341886080802e-14,0.279813349536171,0.99
unseen,mixed,4,seasonal_weekly,unseen_test,conformal_upper_bound,0.1,2,1290,-0.0928247286821705,0.0,-0.02490450591702449,-2.4479999999999986,-0.009268061096018049,3220.336400000001,4,263,8585,3357,5.684341886080802e-14,0.279813349536171,0.99
unseen,mixed,4,seasonal_weekly,unseen_test,conformal_upper_bound,0.1,3,1290,-0.09446410852713173,0.0,-0.025218932185118705,-2.4479999999999986,-0.009247429743497383,3300.112999999999,4,263,8617,3325,5.684341886080802e-14,0.279813349536171,0.99
unseen,mixed,4,seasonal_weekly,unseen_test,conformal_upper_bound,0.15,1,1290,-0.10523825581395349,0.0,-0.02814179253769559,-2.1109500000000008,-0.010399215595581364,3580.9478,4,263,7238,4704,5.684341886080802e-14,0.279813349536171,0.99
unseen,mixed,4,seasonal_weekly,unseen_test,conformal_upper_bound,0.15,2,1290,-0.14343333333333347,0.0,-0.03913368392186383,-2.4480000000000004,-0.013730457547056277,4096.6398999999965,4,263,7804,4138,5.684341886080802e-14,0.279813349536171,0.99
unseen,mixed,4,seasonal_weekly,unseen_test,conformal_upper_bound,0.15,3,1290,-0.13613565891472876,0.0,-0.03704957808021587,-2.4480000000000004,-0.013033032104765592,4094.113499999998,4,263,7572,4370,1.1368683772161603e-13,0.279813349536171,0.99
unseen,mixed,4,seasonal_weekly,unseen_test,conformal_upper_bound,0.2,1,1290,-0.13905751937984498,0.0,-0.03766206652586694,-2.4479999999999986,-0.013599153004959275,4181.6134,4,263,6920,5022,5.684341886080802e-14,0.279813349536171,0.99
unseen,mixed,4,seasonal_weekly,unseen_test,conformal_upper_bound,0.2,2,1290,-0.17191410852713185,0.0,-0.047437453921687765,-2.4480000000000004,-0.016169882467590834,4657.968799999998,4,263,7144,4798,5.684341886080802e-14,0.279813349536171,0.99
unseen,mixed,4,seasonal_weekly,unseen_test,conformal_upper_bound,0.2,3,1290,-0.16058589147286825,0.0,-0.044091837060761606,-2.4480000000000004,-0.01514146789149071,4602.255400000003,4,263,6804,5138,5.684341886080802e-14,0.279813349536171,0.99
unseen,mixed,4,elastic_net,unseen_test,reference_no_forecast,0.0,0,1290,0.0,0.0,0.0,0.0,0.0,0.0,416,0,0,0,0.0,0.279813349536171,0.99
unseen,mixed,4,elastic_net,unseen_test,median,0.05,1,1290,0.0,0.0,0.0,0.0,0.0,0.0,416,0,0,0,0.0,0.279813349536171,0.99
unseen,mixed,4,elastic_net,unseen_test,median,0.05,2,1290,0.0,0.0,0.0,0.0,0.0,0.0,416,0,0,0,0.0,0.279813349536171,0.99
unseen,mixed,4,elastic_net,unseen_test,median,0.05,3,1290,0.0,0.0,0.0,0.0,0.0,0.0,416,0,0,0,0.0,0.279813349536171,0.99
unseen,mixed,4,elastic_net,unseen_test,median,0.1,1,1290,0.0,0.0,0.0,0.0,0.0,0.0,416,0,0,0,0.0,0.279813349536171,0.99
unseen,mixed,4,elastic_net,unseen_test,median,0.1,2,1290,0.0,0.0,0.0,0.0,0.0,0.0,416,0,0,0,0.0,0.279813349536171,0.99
unseen,mixed,4,elastic_net,unseen_test,median,0.1,3,1290,0.0,0.0,0.0,0.0,0.0,0.0,416,0,0,0,0.0,0.279813349536171,0.99
unseen,mixed,4,elastic_net,unseen_test,median,0.15,1,1290,0.0,0.0,0.0,0.0,0.0,0.0,416,0,0,0,0.0,0.279813349536171,0.99
unseen,mixed,4,elastic_net,unseen_test,median,0.15,2,1290,0.0,0.0,0.0,0.0,0.0,0.0,416,0,0,0,0.0,0.279813349536171,0.99
unseen,mixed,4,elastic_net,unseen_test,median,0.15,3,1290,0.0,0.0,0.0,0.0,0.0,0.0,416,0,0,0,0.0,0.279813349536171,0.99
unseen,mixed,4,elastic_net,unseen_test,median,0.2,1,1290,0.0,0.0,0.0,0.0,0.0,0.0,416,0,0,0,0.0,0.279813349536171,0.99
unseen,mixed,4,elastic_net,unseen_test,median,0.2,2,1290,0.0,0.0,0.0,0.0,0.0,0.0,416,0,0,0,0.0,0.279813349536171,0.99
unseen,mixed,4,elastic_net,unseen_test,median,0.2,3,1290,0.0,0.0,0.0,0.0,0.0,0.0,416,0,0,0,0.0,0.279813349536171,0.99
unseen,mixed,4,elastic_net,unseen_test,conformal_upper_bound,0.05,1,1290,0.00035419543300485064,0.0,6.982739572377084e-05,-0.17725046373811892,4.779271450499521e-05,77.93609841501551,326,2,573,617,5.684341886080802e-14,0.279813349536171,0.99
unseen,mixed,4,elastic_net,unseen_test,conformal_upper_bound,0.05,2,1290,0.0005308916573802223,0.0,8.987595119046323e-05,-0.18122640833564407,4.786393405618745e-05,96.47810346307786,326,2,663,527,5.684341886080802e-14,0.279813349536171,0.99
unseen,mixed,4,elastic_net,unseen_test,conformal_upper_bound,0.05,3,1290,0.0007015589667444648,0.0,0.00010914748586323101,-0.17587821181753727,5.6730561284976905e-05,122.67255742101668,326,2,772,418,5.684341886080802e-14,0.279813349536171,0.99
unseen,mixed,4,elastic_net,unseen_test,conformal_upper_bound,0.1,1,1290,-9.180673715455571e-05,0.0,-3.305851234562051e-05,-0.27362731256023665,-3.275180183540525e-06,102.03740171067457,326,2,504,686,5.684341886080802e-14,0.279813349536171,0.99
unseen,mixed,4,elastic_net,unseen_test,conformal_upper_bound,0.1,2,1290,0.0005273557793727846,0.0,6.759985448097792e-05,-0.3624528166712886,4.2915743068408486e-05,127.94250980157955,326,2,544,646,5.684341886080802e-14,0.279813349536171,0.99
unseen,mixed,4,elastic_net,unseen_test,conformal_upper_bound,0.1,3,1290,0.00031364196615435934,0.0,-4.231833348721893e-05,-0.37171205596512724,-2.9254780319446186e-05,180.93769662987452,326,2,671,519,5.684341886080802e-14,0.279813349536171,0.99
unseen,mixed,4,elastic_net,unseen_test,conformal_upper_bound,0.15,1,1290,-0.00028121411519744794,0.0,-8.240871395124716e-05,-0.3582424206125938,-2.9235278581445317e-05,108.00227558156142,326,2,499,691,5.684341886080802e-14,0.279813349536171,0.99
unseen,mixed,4,elastic_net,unseen_test,conformal_upper_bound,0.15,2,1290,0.00027378884797267983,0.0,-1.660354955030681e-06,-0.5036506118707762,6.708965610046072e-06,138.62699404153204,326,2,520,670,5.684341886080802e-14,0.279813349536171,0.99
unseen,mixed,4,elastic_net,unseen_test,conformal_upper_bound,0.15,3,1290,-0.000814074916051183,0.0,-0.00035110081477939724,-0.5036506118707762,-0.00019957355935437858,208.50473744649554,326,2,626,564,5.684341886080802e-14,0.279813349536171,0.99
unseen,mixed,4,elastic_net,unseen_test,conformal_upper_bound,0.2,1,1290,-0.00028121411519744794,0.0,-8.240871395124716e-05,-0.3582424206125938,-2.9235278581445317e-05,108.00227558156142,326,2,499,691,5.684341886080802e-14,0.279813349536171,0.99
unseen,mixed,4,elastic_net,unseen_test,conformal_upper_bound,0.2,2,1290,0.0002096795052504204,0.0,-2.011971076334032e-05,-0.5036506118707762,-3.3833942374938543e-06,139.60798082592302,326,2,520,670,5.684341886080802e-14,0.279813349536171,0.99
unseen,mixed,4,elastic_net,unseen_test,conformal_upper_bound,0.2,3,1290,-0.001331275664350967,0.0,-0.0004899819246597919,-0.5036506118707762,-0.0002715003805904825,216.46487473688515,326,2,613,577,5.684341886080802e-14,0.279813349536171,0.99
unseen,mixed,4,lightgbm,unseen_test,reference_no_forecast,0.0,0,1290,0.0,0.0,0.0,0.0,0.0,0.0,416,0,0,0,0.0,0.279813349536171,0.99
unseen,mixed,4,lightgbm,unseen_test,median,0.05,1,1290,0.0,0.0,0.0,0.0,0.0,0.0,416,0,0,0,0.0,0.279813349536171,0.99
unseen,mixed,4,lightgbm,unseen_test,median,0.05,2,1290,0.0,0.0,0.0,0.0,0.0,0.0,416,0,0,0,0.0,0.279813349536171,0.99
unseen,mixed,4,lightgbm,unseen_test,median,0.05,3,1290,0.0,0.0,0.0,0.0,0.0,0.0,416,0,0,0,0.0,0.279813349536171,0.99
unseen,mixed,4,lightgbm,unseen_test,median,0.1,1,1290,0.0,0.0,0.0,0.0,0.0,0.0,416,0,0,0,0.0,0.279813349536171,0.99
unseen,mixed,4,lightgbm,unseen_test,median,0.1,2,1290,0.0,0.0,0.0,0.0,0.0,0.0,416,0,0,0,0.0,0.279813349536171,0.99
unseen,mixed,4,lightgbm,unseen_test,median,0.1,3,1290,0.0,0.0,0.0,0.0,0.0,0.0,416,0,0,0,0.0,0.279813349536171,0.99
unseen,mixed,4,lightgbm,unseen_test,median,0.15,1,1290,0.0,0.0,0.0,0.0,0.0,0.0,416,0,0,0,0.0,0.279813349536171,0.99
unseen,mixed,4,lightgbm,unseen_test,median,0.15,2,1290,0.0,0.0,0.0,0.0,0.0,0.0,416,0,0,0,0.0,0.279813349536171,0.99
unseen,mixed,4,lightgbm,unseen_test,median,0.15,3,1290,0.0,0.0,0.0,0.0,0.0,0.0,416,0,0,0,0.0,0.279813349536171,0.99
unseen,mixed,4,lightgbm,unseen_test,median,0.2,1,1290,0.0,0.0,0.0,0.0,0.0,0.0,416,0,0,0,0.0,0.279813349536171,0.99
unseen,mixed,4,lightgbm,unseen_test,median,0.2,2,1290,0.0,0.0,0.0,0.0,0.0,0.0,416,0,0,0,0.0,0.279813349536171,0.99
unseen,mixed,4,lightgbm,unseen_test,median,0.2,3,1290,0.0,0.0,0.0,0.0,0.0,0.0,416,0,0,0,0.0,0.279813349536171,0.99
unseen,mixed,4,lightgbm,unseen_test,conformal_upper_bound,0.05,1,1290,5.623544482884456e-05,0.0,-5.1771063199801596e-05,-0.18050508406331378,-1.7404490659042186e-05,124.06075558108357,278,17,950,1212,5.684341886080802e-14,0.279813349536171,0.99
unseen,mixed,4,lightgbm,unseen_test,conformal_upper_bound,0.05,2,1290,0.000546820784452839,0.0,3.788573985879091e-05,-0.19175068476104462,2.1620601253659493e-05,165.6268466468326,278,17,1133,1029,5.684341886080802e-14,0.279813349536171,0.99
unseen,mixed,4,lightgbm,unseen_test,conformal_upper_bound,0.05,3,1290,0.0006263905201419818,0.0,5.068795143622037e-05,-0.2547502230170866,2.5065797280142078e-05,211.1214974690014,278,17,1325,837,5.684341886080802e-14,0.279813349536171,0.99
unseen,mixed,4,lightgbm,unseen_test,conformal_upper_bound,0.1,1,1290,-0.0004648488661711966,0.0,-0.0002046454204389773,-0.36101016812662756,-8.93287951859127e-05,166.9679934751691,278,17,871,1291,5.684341886080802e-14,0.279813349536171,0.99
unseen,mixed,4,lightgbm,unseen_test,conformal_upper_bound,0.1,2,1290,-0.00011488947898094278,0.0,-0.0001621581270926532,-0.3835013695220888,-7.89435726677195e-05,224.22394664943454,278,17,951,1211,5.684341886080802e-14,0.279813349536171,0.99
unseen,mixed,4,lightgbm,unseen_test,conformal_upper_bound,0.1,3,1290,-3.5439130406836734e-05,0.0,-0.0001519552462407853,-0.37104238140589585,-7.719011670979155e-05,313.64771297145296,278,17,1150,1012,5.684341886080802e-14,0.279813349536171,0.99
unseen,mixed,4,lightgbm,unseen_test,conformal_upper_bound,0.15,1,1290,-0.0008995196766716977,0.0,-0.0003218045550122614,-0.4031807659167872,-0.00014949919761082043,179.58224423050757,278,17,863,1299,5.684341886080802e-14,0.279813349536171,0.99
unseen,mixed,4,lightgbm,unseen_test,conformal_upper_bound,0.15,2,1290,-0.0008621681162729348,0.0,-0.0003642610573114485,-0.5524192853285856,-0.00017200454655780006,253.79141029381987,278,17,899,1263,5.684341886080802e-14,0.279813349536171,0.99
unseen,mixed,4,lightgbm,unseen_test,conformal_upper_bound,0.15,3,1290,-0.0008513383602126375,0.0,-0.0003772378111613542,-0.5390635592665389,-0.00018763470809085624,370.81572987425835,278,17,1070,1092,5.684341886080802e-14,0.279813349536171,0.99
unseen,mixed,4,lightgbm,unseen_test,conformal_upper_bound,0.2,1,1290,-0.0008995196766716977,0.0,-0.0003218045550122614,-0.4031807659167872,-0.00014949919761082043,180.9339514870255,278,17,863,1299,5.684341886080802e-14,0.279813349536171,0.99
unseen,mixed,4,lightgbm,unseen_test,conformal_upper_bound,0.2,2,1290,-0.0014297892416539365,0.0,-0.0005082660055587974,-0.5971080713968475,-0.000233294398025316,262.1842149614899,278,17,884,1278,5.684341886080802e-14,0.279813349536171,0.99
unseen,mixed,4,lightgbm,unseen_test,conformal_upper_bound,0.2,3,1290,-0.001123222885165107,0.0,-0.00044313095538539186,-0.5653835058294061,-0.0002153254297773193,388.9145090559995,278,17,1042,1120,5.684341886080802e-14,0.279813349536171,0.99
unseen,mixed,5,persistence,unseen_test,reference_no_forecast,0.0,0,578,0.0,0.0,0.0,0.0,0.0,0.0,74,0,0,0,0.0,0.28641329423382655,0.99
unseen,mixed,5,persistence,unseen_test,median,0.05,1,578,0.0,0.0,0.0,0.0,0.0,0.0,72,0,0,190,0.0,0.28641329423382655,0.99
unseen,mixed,5,persistence,unseen_test,median,0.05,2,578,0.0,0.0,0.0,0.0,0.0,0.0,72,0,0,190,0.0,0.28641329423382655,0.99
unseen,mixed,5,persistence,unseen_test,median,0.05,3,578,0.0,0.0,0.0,0.0,0.0,0.0,72,0,0,190,0.0,0.28641329423382655,0.99
unseen,mixed,5,persistence,unseen_test,median,0.1,1,578,0.0,0.0,0.0,0.0,0.0,0.0,72,0,0,190,0.0,0.28641329423382655,0.99
unseen,mixed,5,persistence,unseen_test,median,0.1,2,578,0.0,0.0,0.0,0.0,0.0,0.0,72,0,0,190,0.0,0.28641329423382655,0.99
unseen,mixed,5,persistence,unseen_test,median,0.1,3,578,0.0,0.0,0.0,0.0,0.0,0.0,72,0,0,190,0.0,0.28641329423382655,0.99
unseen,mixed,5,persistence,unseen_test,median,0.15,1,578,0.0,0.0,0.0,0.0,0.0,0.0,72,0,0,190,0.0,0.28641329423382655,0.99
unseen,mixed,5,persistence,unseen_test,median,0.15,2,578,0.0,0.0,0.0,0.0,0.0,0.0,72,0,0,190,0.0,0.28641329423382655,0.99
unseen,mixed,5,persistence,unseen_test,median,0.15,3,578,0.0,0.0,0.0,0.0,0.0,0.0,72,0,0,190,0.0,0.28641329423382655,0.99
unseen,mixed,5,persistence,unseen_test,median,0.2,1,578,0.0,0.0,0.0,0.0,0.0,0.0,72,0,0,190,0.0,0.28641329423382655,0.99
unseen,mixed,5,persistence,unseen_test,median,0.2,2,578,0.0,0.0,0.0,0.0,0.0,0.0,72,0,0,190,0.0,0.28641329423382655,0.99
unseen,mixed,5,persistence,unseen_test,median,0.2,3,578,0.0,0.0,0.0,0.0,0.0,0.0,72,0,0,190,0.0,0.28641329423382655,0.99
unseen,mixed,5,persistence,unseen_test,conformal_upper_bound,0.05,1,578,-0.0007456747404844307,0.0,-0.00016324607443729796,-0.2450000000000001,-6.26218803601776e-05,29.593650000000064,56,22,206,1388,5.684341886080802e-14,0.28641329423382655,0.99
unseen,mixed,5,persistence,unseen_test,conformal_upper_bound,0.05,2,578,-0.0012241349480968848,0.0,-0.00022402459533903937,-0.2535499999999997,-0.0001026435707296359,35.29870000000006,56,22,221,1373,5.684341886080802e-14,0.28641329423382655,0.99
unseen,mixed,5,persistence,unseen_test,conformal_upper_bound,0.05,3,578,0.00010207612456747433,0.0,2.1399606827562754e-05,0.0,7.593128022278371e-06,41.43330000000007,56,22,235,1359,5.684341886080802e-14,0.28641329423382655,0.99
unseen,mixed,5,persistence,unseen_test,conformal_upper_bound,0.1,1,578,-0.0007456747404844307,0.0,-0.00016324607443729796,-0.2450000000000001,-6.26218803601776e-05,34.78860000000009,56,22,194,1400,2.842170943040401e-14,0.28641329423382655,0.99
unseen,mixed,5,persistence,unseen_test,conformal_upper_bound,0.1,2,578,-0.001956747404844294,0.0,-0.0003589605202698145,-0.4400000000000004,-0.00016027653633674717,42.01200000000007,56,22,191,1403,2.842170943040401e-14,0.28641329423382655,0.99
unseen,mixed,5,persistence,unseen_test,conformal_upper_bound,0.1,3,578,0.00010207612456747433,0.0,2.1399606827562754e-05,0.0,7.593128022278371e-06,51.62260000000007,56,22,198,1396,2.842170943040401e-14,0.28641329423382655,0.99
unseen,mixed,5,persistence,unseen_test,conformal_upper_bound,0.15,1,578,-0.0007456747404844307,0.0,-0.00016324607443729796,-0.2450000000000001,-6.26218803601776e-05,34.84100000000009,56,22,194,1400,2.842170943040401e-14,0.28641329423382655,0.99
unseen,mixed,5,persistence,unseen_test,conformal_upper_bound,0.15,2,578,-0.001956747404844294,0.0,-0.0003589605202698145,-0.4400000000000004,-0.00016027653633674717,42.33000000000007,56,22,188,1406,2.842170943040401e-14,0.28641329423382655,0.99
unseen,mixed,5,persistence,unseen_test,conformal_upper_bound,0.15,3,578,0.00010207612456747433,0.0,2.1399606827562754e-05,0.0,7.593128022278371e-06,53.92055000000008,56,22,191,1403,5.684341886080802e-14,0.28641329423382655,0.99
unseen,mixed,5,persistence,unseen_test,conformal_upper_bound,0.2,1,578,-0.0007456747404844307,0.0,-0.00016324607443729796,-0.2450000000000001,-6.26218803601776e-05,34.84100000000009,56,22,194,1400,2.842170943040401e-14,0.28641329423382655,0.99
unseen,mixed,5,persistence,unseen_test,conformal_upper_bound,0.2,2,578,-0.001956747404844294,0.0,-0.0003589605202698145,-0.4400000000000004,-0.00016027653633674717,42.33000000000007,56,22,188,1406,2.842170943040401e-14,0.28641329423382655,0.99
unseen,mixed,5,persistence,unseen_test,conformal_upper_bound,0.2,3,578,0.00010207612456747433,0.0,2.1399606827562754e-05,0.0,7.593128022278371e-06,53.96900000000008,56,22,191,1403,5.684341886080802e-14,0.28641329423382655,0.99
unseen,mixed,5,seasonal_daily,unseen_test,reference_no_forecast,0.0,0,578,0.0,0.0,0.0,0.0,0.0,0.0,74,0,0,0,0.0,0.28641329423382655,0.99
unseen,mixed,5,seasonal_daily,unseen_test,median,0.05,1,578,0.00719766435986159,0.0,0.001332507110485239,-0.43565000000000076,0.0005981871143353817,98.86110000000002,15,24,386,19,5.684341886080802e-14,0.28641329423382655,0.99
unseen,mixed,5,seasonal_daily,unseen_test,median,0.05,2,578,0.004883217993079579,0.0,0.0008526889044157947,-0.5943500000000013,0.0003893817202164519,105.86650000000003,15,24,405,0,5.684341886080802e-14,0.28641329423382655,0.99
unseen,mixed,5,seasonal_daily,unseen_test,median,0.05,3,578,0.003905622837370236,0.0,0.0006502392706123145,-0.5975999999999999,0.0003060260105554546,106.11070000000002,15,24,405,0,5.684341886080802e-14,0.28641329423382655,0.99
unseen,mixed,5,seasonal_daily,unseen_test,median,0.1,1,578,0.006663321799307952,0.0,0.001109239602741168,-0.9283000000000001,0.0005024607670172076,188.39160000000004,15,24,376,29,5.684341886080802e-14,0.28641329423382655,0.99
unseen,mixed,5,seasonal_daily,unseen_test,median,0.1,2,578,-0.0028679930795847794,0.0,-0.0008124388480065285,-1.4277000000000015,-0.00019722934123323816,205.3851,15,24,401,4,5.684341886080802e-14,0.28641329423382655,0.99
unseen,mixed,5,seasonal_daily,unseen_test,median,0.1,3,578,-0.005807958477508652,0.0,-0.0013640049827569375,-1.5940000000000003,-0.0003844143763318388,206.1664,15,24,400,5,5.684341886080802e-14,0.28641329423382655,0.99
unseen,mixed,5,seasonal_daily,unseen_test,median,0.15,1,578,0.0006833044982698903,0.0,-0.0001168472965999431,-1.4209500000000004,1.877710650860874e-05,264.4872499999999,15,24,366,39,5.684341886080802e-14,0.28641329423382655,0.99
unseen,mixed,5,seasonal_daily,unseen_test,median,0.15,2,578,-0.010430536332179942,0.0,-0.0023821341945382277,-1.6790000000000012,-0.0007300838707776281,288.39844999999997,15,24,389,16,5.684341886080802e-14,0.28641329423382655,0.99
unseen,mixed,5,seasonal_daily,unseen_test,median,0.15,3,578,-0.010005276816609001,0.0,-0.0022976871688413394,-1.6790000000000012,-0.0006819150324402591,289.8547999999999,15,24,387,18,5.684341886080802e-14,0.28641329423382655,0.99
unseen,mixed,5,seasonal_daily,unseen_test,median,0.2,1,578,-0.009000000000000011,0.0,-0.0020569249417247476,-1.9136000000000006,-0.0007925659944018931,327.7350000000001,15,24,351,54,5.684341886080802e-14,0.28641329423382655,0.99
unseen,mixed,5,seasonal_daily,unseen_test,median,0.2,2,578,-0.016856055363321805,0.0,-0.0037854517237438275,-1.9136000000000006,-0.0012344029147131502,349.95720000000006,15,24,367,38,5.684341886080802e-14,0.28641329423382655,0.99
unseen,mixed,5,seasonal_daily,unseen_test,median,0.2,3,578,-0.014661245674740496,0.0,-0.0033053177834326776,-1.9136000000000006,-0.0009810950999388566,356.47420000000005,15,24,364,41,5.684341886080802e-14,0.28641329423382655,0.99
unseen,mixed,5,seasonal_daily,unseen_test,conformal_upper_bound,0.05,1,578,0.012371972318339074,0.0,0.0022543288744753705,-0.6980000000000008,0.0010585926652508847,490.8272500000001,0,135,1919,435,1.1368683772161603e-13,0.28641329423382655,0.99
unseen,mixed,5,seasonal_daily,unseen_test,conformal_upper_bound,0.05,2,578,0.0008527681660899556,0.0,-3.592312674027543e-05,-1.274,0.0004012629907860056,565.0140499999999,0,135,2127,227,5.684341886080802e-14,0.28641329423382655,0.99
unseen,mixed,5,seasonal_daily,unseen_test,conformal_upper_bound,0.05,3,578,-0.0010672145328719806,0.0,-0.00029693319544914107,-1.743500000000001,0.00027057902563711386,580.36815,0,135,2160,194,5.684341886080802e-14,0.28641329423382655,0.99
unseen,mixed,5,seasonal_daily,unseen_test,conformal_upper_bound,0.1,1,578,-0.008696539792387563,0.0,-0.002325060305891312,-1.1355000000000004,-0.0008934572955327815,852.1992000000007,0,135,1784,570,5.684341886080802e-14,0.28641329423382655,0.99
unseen,mixed,5,seasonal_daily,unseen_test,conformal_upper_bound,0.1,2,578,-0.03901782006920417,0.0,-0.008857949183447138,-2.2597999999999994,-0.0027052147704367995,974.1770000000006,0,135,1922,432,1.1368683772161603e-13,0.28641329423382655,0.99
unseen,mixed,5,seasonal_daily,unseen_test,conformal_upper_bound,0.1,3,578,-0.04059550173010383,0.0,-0.009013035818287905,-2.2540000000000004,-0.0029672349653390305,985.7266000000003,0,135,1915,439,1.1368683772161603e-13,0.28641329423382655,0.99
unseen,mixed,5,seasonal_daily,unseen_test,conformal_upper_bound,0.15,1,578,-0.036414965397923875,0.0,-0.008403365240971742,-1.6880000000000006,-0.0032192583626272507,1129.1314499999999,0,135,1677,677,1.1368683772161603e-13,0.28641329423382655,0.99
unseen,mixed,5,seasonal_daily,unseen_test,conformal_upper_bound,0.15,2,578,-0.07893278546712805,0.0,-0.017727198731357956,-3.0230000000000015,-0.0058297838143455,1271.1054999999997,0,135,1761,593,5.684341886080802e-14,0.28641329423382655,0.99
unseen,mixed,5,seasonal_daily,unseen_test,conformal_upper_bound,0.15,3,578,-0.0857577854671281,0.0,-0.018904637967193688,-2.2540000000000004,-0.006603981882490468,1260.943,0,135,1712,642,5.684341886080802e-14,0.28641329423382655,0.99
unseen,mixed,5,seasonal_daily,unseen_test,conformal_upper_bound,0.2,1,578,-0.06223252595155714,0.0,-0.014183361650084549,-1.6879999999999997,-0.0052968082809304535,1344.5432000000003,0,135,1601,753,5.684341886080802e-14,0.28641329423382655,0.99
unseen,mixed,5,seasonal_daily,unseen_test,conformal_upper_bound,0.2,2,578,-0.1061532871972319,0.0,-0.023839304599060886,-2.7596000000000007,-0.008179114292846153,1496.1244000000002,0,135,1620,734,5.684341886080802e-14,0.28641329423382655,0.99
unseen,mixed,5,seasonal_daily,unseen_test,conformal_upper_bound,0.2,3,578,-0.1293134948096886,0.0,-0.028254685753629667,-2.5394000000000005,-0.009821198814346462,1465.1494000000002,0,135,1545,809,5.684341886080802e-14,0.28641329423382655,0.99
unseen,mixed,5,seasonal_weekly,unseen_test,reference_no_forecast,0.0,0,578,0.0,0.0,0.0,0.0,0.0,0.0,74,0,0,0,0.0,0.28641329423382655,0.99
unseen,mixed,5,seasonal_weekly,unseen_test,median,0.05,1,578,-0.0009238754325259497,0.0,-0.00021599731707987147,-0.23354999999999926,-8.463071167388053e-05,59.635300000000015,46,33,230,4,5.684341886080802e-14,0.28641329423382655,0.99
unseen,mixed,5,seasonal_weekly,unseen_test,median,0.05,2,578,-0.00028546712802767865,0.0,-0.0001189895212284399,-0.23354999999999926,-3.384922429407223e-05,61.44430000000001,46,33,233,1,5.684341886080802e-14,0.28641329423382655,0.99
unseen,mixed,5,seasonal_weekly,unseen_test,median,0.05,3,578,0.0009267301038062276,0.0,0.0001844390724721624,0.0,8.390596300729429e-05,61.87400000000001,46,33,233,1,5.684341886080802e-14,0.28641329423382655,0.99
unseen,mixed,5,seasonal_weekly,unseen_test,median,0.1,1,578,-0.0024790657439446315,0.0,-0.0006166033048264067,-0.5000999999999998,-0.00022609194343179266,110.99500000000003,46,33,221,13,5.684341886080802e-14,0.28641329423382655,0.99
unseen,mixed,5,seasonal_weekly,unseen_test,median,0.1,2,578,-0.005535467128027682,0.0,-0.001138241329616233,-0.5000999999999998,-0.00037651565030615014,116.64310000000003,46,33,225,9,5.684341886080802e-14,0.28641329423382655,0.99
unseen,mixed,5,seasonal_weekly,unseen_test,median,0.1,3,578,-0.003617301038062286,0.0,-0.0005947634824306696,-0.44099999999999984,-0.00019839166054527954,119.47920000000002,46,33,228,6,5.684341886080802e-14,0.28641329423382655,0.99
unseen,mixed,5,seasonal_weekly,unseen_test,median,0.15,1,578,-0.00876038062283737,0.0,-0.0019576896892351445,-0.7666499999999994,-0.0007658952435691267,153.42645000000002,46,33,218,16,2.842170943040401e-14,0.28641329423382655,0.99
unseen,mixed,5,seasonal_weekly,unseen_test,median,0.15,2,578,-0.011479671280276816,0.0,-0.002321432261801171,-0.8650000000000002,-0.0008493075094512497,162.24800000000002,46,33,215,19,5.684341886080802e-14,0.28641329423382655,0.99
unseen,mixed,5,seasonal_weekly,unseen_test,median,0.15,3,578,-0.010972837370242215,0.0,-0.0018664176002395035,-0.9915999999999991,-0.0007592242370544214,164.57570000000004,46,33,217,17,5.684341886080802e-14,0.28641329423382655,0.99
unseen,mixed,5,seasonal_weekly,unseen_test,median,0.2,1,578,-0.02250865051903115,0.0,-0.004817529248652939,-1.0332,-0.0019085119886001634,191.11700000000008,46,33,207,27,5.684341886080802e-14,0.28641329423382655,0.99
unseen,mixed,5,seasonal_weekly,unseen_test,median,0.2,2,578,-0.023277854671280292,0.0,-0.0046852779067849655,-1.2768000000000006,-0.0018296756572197107,201.32380000000012,46,33,206,28,5.684341886080802e-14,0.28641329423382655,0.99
unseen,mixed,5,seasonal_weekly,unseen_test,median,0.2,3,578,-0.023412110726643613,0.0,-0.004195670070650712,-1.769800000000001,-0.0017125205186326916,205.95440000000008,46,33,209,25,5.684341886080802e-14,0.28641329423382655,0.99
unseen,mixed,5,seasonal_weekly,unseen_test,conformal_upper_bound,0.05,1,578,-0.005161678200692038,0.0,-0.0018921826670066626,-0.5885999999999996,-0.0006667062482703564,403.4582000000001,2,104,1539,324,5.684341886080802e-14,0.28641329423382655,0.99
unseen,mixed,5,seasonal_weekly,unseen_test,conformal_upper_bound,0.05,2,578,-0.01188676470588236,0.0,-0.0027125758406630475,-1.068999999999999,-0.0010208692233037988,448.48245000000014,2,104,1680,183,5.684341886080802e-14,0.28641329423382655,0.99
unseen,mixed,5,seasonal_weekly,unseen_test,conformal_upper_bound,0.05,3,578,-0.010242560553633219,0.0,-0.002015231614852378,-1.431350000000001,-0.000777370395294401,446.9530500000002,2,104,1659,204,5.684341886080802e-14,0.28641329423382655,0.99
unseen,mixed,5,seasonal_weekly,unseen_test,conformal_upper_bound,0.1,1,578,-0.03384083044982703,0.0,-0.008277619106835549,-1.1239999999999997,-0.003023513273041355,714.9024,2,104,1458,405,5.684341886080802e-14,0.28641329423382655,0.99
unseen,mixed,5,seasonal_weekly,unseen_test,conformal_upper_bound,0.1,2,578,-0.046259861591695525,0.0,-0.009790946109173438,-2.261799999999999,-0.0035162347766709854,775.9708,2,104,1524,339,5.684341886080802e-14,0.28641329423382655,0.99
unseen,mixed,5,seasonal_weekly,unseen_test,conformal_upper_bound,0.1,3,578,-0.05647439446366785,0.0,-0.011683102411926305,-2.577,-0.004167904644050931,772.0177000000002,2,104,1499,364,5.684341886080802e-14,0.28641329423382655,0.99
unseen,mixed,5,seasonal_weekly,unseen_test,conformal_upper_bound,0.15,1,578,-0.06322742214532874,0.0,-0.014634340820270382,-1.952,-0.005196543349710909,944.7895500000003,2,104,1364,499,5.684341886080802e-14,0.28641329423382655,0.99
unseen,mixed,5,seasonal_weekly,unseen_test,conformal_upper_bound,0.15,2,578,-0.0931000865051904,0.0,-0.020454299460669484,-2.577,-0.007045646030473221,1016.670950000001,2,104,1395,468,5.684341886080802e-14,0.28641329423382655,0.99
unseen,mixed,5,seasonal_weekly,unseen_test,conformal_upper_bound,0.15,3,578,-0.09614766435986168,0.0,-0.020752535123395154,-2.577,-0.007130515455176391,1004.6321500000004,2,104,1351,512,1.1368683772161603e-13,0.28641329423382655,0.99
unseen,mixed,5,seasonal_weekly,unseen_test,conformal_upper_bound,0.2,1,578,-0.08970761245674742,0.0,-0.02012307219716294,-2.577,-0.007088723548953403,1122.0941999999998,2,104,1307,556,1.1368683772161603e-13,0.28641329423382655,0.99
unseen,mixed,5,seasonal_weekly,unseen_test,conformal_upper_bound,0.2,2,578,-0.1203422145328721,0.0,-0.026463870495353734,-2.577,-0.008936064021548607,1180.4904000000001,2,104,1286,577,1.1368683772161603e-13,0.28641329423382655,0.99
unseen,mixed,5,seasonal_weekly,unseen_test,conformal_upper_bound,0.2,3,578,-0.12388996539792395,0.0,-0.026916666904782515,-2.577,-0.009023098334643471,1173.8605999999997,2,104,1241,622,1.1368683772161603e-13,0.28641329423382655,0.99
unseen,mixed,5,elastic_net,unseen_test,reference_no_forecast,0.0,0,578,0.0,0.0,0.0,0.0,0.0,0.0,74,0,0,0,0.0,0.28641329423382655,0.99
unseen,mixed,5,elastic_net,unseen_test,median,0.05,1,578,0.0,0.0,0.0,0.0,0.0,0.0,74,0,0,0,0.0,0.28641329423382655,0.99
unseen,mixed,5,elastic_net,unseen_test,median,0.05,2,578,0.0,0.0,0.0,0.0,0.0,0.0,74,0,0,0,0.0,0.28641329423382655,0.99
unseen,mixed,5,elastic_net,unseen_test,median,0.05,3,578,0.0,0.0,0.0,0.0,0.0,0.0,74,0,0,0,0.0,0.28641329423382655,0.99
unseen,mixed,5,elastic_net,unseen_test,median,0.1,1,578,0.0,0.0,0.0,0.0,0.0,0.0,74,0,0,0,0.0,0.28641329423382655,0.99
unseen,mixed,5,elastic_net,unseen_test,median,0.1,2,578,0.0,0.0,0.0,0.0,0.0,0.0,74,0,0,0,0.0,0.28641329423382655,0.99
unseen,mixed,5,elastic_net,unseen_test,median,0.1,3,578,0.0,0.0,0.0,0.0,0.0,0.0,74,0,0,0,0.0,0.28641329423382655,0.99
unseen,mixed,5,elastic_net,unseen_test,median,0.15,1,578,0.0,0.0,0.0,0.0,0.0,0.0,74,0,0,0,0.0,0.28641329423382655,0.99
unseen,mixed,5,elastic_net,unseen_test,median,0.15,2,578,0.0,0.0,0.0,0.0,0.0,0.0,74,0,0,0,0.0,0.28641329423382655,0.99
unseen,mixed,5,elastic_net,unseen_test,median,0.15,3,578,0.0,0.0,0.0,0.0,0.0,0.0,74,0,0,0,0.0,0.28641329423382655,0.99
unseen,mixed,5,elastic_net,unseen_test,median,0.2,1,578,0.0,0.0,0.0,0.0,0.0,0.0,74,0,0,0,0.0,0.28641329423382655,0.99
unseen,mixed,5,elastic_net,unseen_test,median,0.2,2,578,0.0,0.0,0.0,0.0,0.0,0.0,74,0,0,0,0.0,0.28641329423382655,0.99
unseen,mixed,5,elastic_net,unseen_test,median,0.2,3,578,0.0,0.0,0.0,0.0,0.0,0.0,74,0,0,0,0.0,0.28641329423382655,0.99
unseen,mixed,5,elastic_net,unseen_test,conformal_upper_bound,0.05,1,578,0.0,0.0,0.0,0.0,0.0,0.9693593930011422,72,0,4,0,5.684341886080802e-14,0.28641329423382655,0.99
unseen,mixed,5,elastic_net,unseen_test,conformal_upper_bound,0.05,2,578,0.0,0.0,0.0,0.0,0.0,0.8648871855142454,72,0,4,0,0.0,0.28641329423382655,0.99
unseen,mixed,5,elastic_net,unseen_test,conformal_upper_bound,0.05,3,578,0.0,0.0,0.0,0.0,0.0,0.9693593930011422,72,0,4,0,5.684341886080802e-14,0.28641329423382655,0.99
unseen,mixed,5,elastic_net,unseen_test,conformal_upper_bound,0.1,1,578,0.0,0.0,0.0,0.0,0.0,1.6365727663227707,72,0,4,0,0.0,0.28641329423382655,0.99
unseen,mixed,5,elastic_net,unseen_test,conformal_upper_bound,0.1,2,578,0.0,0.0,0.0,0.0,0.0,0.8648871855142453,72,0,2,2,0.0,0.28641329423382655,0.99
unseen,mixed,5,elastic_net,unseen_test,conformal_upper_bound,0.1,3,578,0.0,0.0,0.0,0.0,0.0,1.9387187860022843,72,0,4,0,5.684341886080802e-14,0.28641329423382655,0.99
unseen,mixed,5,elastic_net,unseen_test,conformal_upper_bound,0.15,1,578,0.0,0.0,0.0,0.0,0.0,1.6365727663227707,72,0,4,0,0.0,0.28641329423382655,0.99
unseen,mixed,5,elastic_net,unseen_test,conformal_upper_bound,0.15,2,578,0.0,0.0,0.0,0.0,0.0,0.8648871855142453,72,0,2,2,0.0,0.28641329423382655,0.99
unseen,mixed,5,elastic_net,unseen_test,conformal_upper_bound,0.15,3,578,0.0,0.0,0.0,0.0,0.0,2.590995591751482,72,0,4,0,5.684341886080802e-14,0.28641329423382655,0.99
unseen,mixed,5,elastic_net,unseen_test,conformal_upper_bound,0.2,1,578,0.0,0.0,0.0,0.0,0.0,1.6365727663227707,72,0,4,0,0.0,0.28641329423382655,0.99
unseen,mixed,5,elastic_net,unseen_test,conformal_upper_bound,0.2,2,578,0.0,0.0,0.0,0.0,0.0,0.8648871855142453,72,0,2,2,0.0,0.28641329423382655,0.99
unseen,mixed,5,elastic_net,unseen_test,conformal_upper_bound,0.2,3,578,0.0,0.0,0.0,0.0,0.0,2.5959546634550064,72,0,4,0,5.684341886080802e-14,0.28641329423382655,0.99
unseen,mixed,5,lightgbm,unseen_test,reference_no_forecast,0.0,0,578,0.0,0.0,0.0,0.0,0.0,0.0,74,0,0,0,0.0,0.28641329423382655,0.99
unseen,mixed,5,lightgbm,unseen_test,median,0.05,1,578,0.0,0.0,0.0,0.0,0.0,0.0,74,0,0,0,0.0,0.28641329423382655,0.99
unseen,mixed,5,lightgbm,unseen_test,median,0.05,2,578,0.0,0.0,0.0,0.0,0.0,0.0,74,0,0,0,0.0,0.28641329423382655,0.99
unseen,mixed,5,lightgbm,unseen_test,median,0.05,3,578,0.0,0.0,0.0,0.0,0.0,0.0,74,0,0,0,0.0,0.28641329423382655,0.99
unseen,mixed,5,lightgbm,unseen_test,median,0.1,1,578,0.0,0.0,0.0,0.0,0.0,0.0,74,0,0,0,0.0,0.28641329423382655,0.99
unseen,mixed,5,lightgbm,unseen_test,median,0.1,2,578,0.0,0.0,0.0,0.0,0.0,0.0,74,0,0,0,0.0,0.28641329423382655,0.99
unseen,mixed,5,lightgbm,unseen_test,median,0.1,3,578,0.0,0.0,0.0,0.0,0.0,0.0,74,0,0,0,0.0,0.28641329423382655,0.99
unseen,mixed,5,lightgbm,unseen_test,median,0.15,1,578,0.0,0.0,0.0,0.0,0.0,0.0,74,0,0,0,0.0,0.28641329423382655,0.99
unseen,mixed,5,lightgbm,unseen_test,median,0.15,2,578,0.0,0.0,0.0,0.0,0.0,0.0,74,0,0,0,0.0,0.28641329423382655,0.99
unseen,mixed,5,lightgbm,unseen_test,median,0.15,3,578,0.0,0.0,0.0,0.0,0.0,0.0,74,0,0,0,0.0,0.28641329423382655,0.99
unseen,mixed,5,lightgbm,unseen_test,median,0.2,1,578,0.0,0.0,0.0,0.0,0.0,0.0,74,0,0,0,0.0,0.28641329423382655,0.99
unseen,mixed,5,lightgbm,unseen_test,median,0.2,2,578,0.0,0.0,0.0,0.0,0.0,0.0,74,0,0,0,0.0,0.28641329423382655,0.99
unseen,mixed,5,lightgbm,unseen_test,median,0.2,3,578,0.0,0.0,0.0,0.0,0.0,0.0,74,0,0,0,0.0,0.28641329423382655,0.99
unseen,mixed,5,lightgbm,unseen_test,conformal_upper_bound,0.05,1,578,0.0,0.0,0.0,0.0,0.0,10.220673057777958,54,6,51,13,5.684341886080802e-14,0.28641329423382655,0.99
unseen,mixed,5,lightgbm,unseen_test,conformal_upper_bound,0.05,2,578,0.0,0.0,0.0,0.0,0.0,11.229356119054982,54,6,52,12,5.684341886080802e-14,0.28641329423382655,0.99
unseen,mixed,5,lightgbm,unseen_test,conformal_upper_bound,0.05,3,578,0.0,0.0,0.0,0.0,0.0,15.311792378413672,54,6,64,0,2.842170943040401e-14,0.28641329423382655,0.99
unseen,mixed,5,lightgbm,unseen_test,conformal_upper_bound,0.1,1,578,0.0,0.0,0.0,0.0,0.0,11.817623660328945,54,6,42,22,2.842170943040401e-14,0.28641329423382655,0.99
unseen,mixed,5,lightgbm,unseen_test,conformal_upper_bound,0.1,2,578,0.0,0.0,0.0,0.0,0.0,12.29144867871475,54,6,38,26,5.684341886080802e-14,0.28641329423382655,0.99
unseen,mixed,5,lightgbm,unseen_test,conformal_upper_bound,0.1,3,578,0.0,0.0,0.0,0.0,0.0,26.083192487811434,54,6,58,6,2.842170943040401e-14,0.28641329423382655,0.99
unseen,mixed,5,lightgbm,unseen_test,conformal_upper_bound,0.15,1,578,0.0,0.0,0.0,0.0,0.0,11.817623660328945,54,6,42,22,2.842170943040401e-14,0.28641329423382655,0.99
unseen,mixed,5,lightgbm,unseen_test,conformal_upper_bound,0.15,2,578,0.0,0.0,0.0,0.0,0.0,12.584872043717024,54,6,30,34,5.684341886080802e-14,0.28641329423382655,0.99
unseen,mixed,5,lightgbm,unseen_test,conformal_upper_bound,0.15,3,578,0.0,0.0,0.0,0.0,0.0,31.15470098652317,54,6,56,8,5.684341886080802e-14,0.28641329423382655,0.99
unseen,mixed,5,lightgbm,unseen_test,conformal_upper_bound,0.2,1,578,0.0,0.0,0.0,0.0,0.0,11.817623660328945,54,6,42,22,2.842170943040401e-14,0.28641329423382655,0.99
unseen,mixed,5,lightgbm,unseen_test,conformal_upper_bound,0.2,2,578,0.0,0.0,0.0,0.0,0.0,12.584872043717024,54,6,30,34,5.684341886080802e-14,0.28641329423382655,0.99
unseen,mixed,5,lightgbm,unseen_test,conformal_upper_bound,0.2,3,578,0.0,0.0,0.0,0.0,0.0,31.45402888501495,54,6,56,8,5.684341886080802e-14,0.28641329423382655,0.99
seen,ASHP,4,perfect_foresight,seen_test,perfect_foresight,0.05,1,2312,0.04435291955017298,0.0,0.008698814420461713,0.0,0.0028275209845767427,370.6000000000004,0,0,1612,254,5.684341886080802e-14,0.25485450897454653,0.99
seen,ASHP,4,perfect_foresight,seen_test,perfect_foresight,0.05,2,2312,0.0450603373702422,0.0,0.008803307306225059,0.0,0.002884175568761507,398.4652000000003,0,0,1709,157,5.684341886080802e-14,0.25485450897454653,0.99
seen,ASHP,4,perfect_foresight,seen_test,perfect_foresight,0.05,3,2312,0.0450603373702422,0.0,0.008803307306225059,0.0,0.002884175568761507,408.96055000000035,0,0,1744,122,5.684341886080802e-14,0.25485450897454653,0.99
seen,ASHP,4,perfect_foresight,seen_test,perfect_foresight,0.1,1,2312,0.0840412629757785,0.0,0.016427299793231695,0.0,0.005500622997608501,683.2965000000011,0,0,1538,328,5.684341886080802e-14,0.25485450897454653,0.99
seen,ASHP,4,perfect_foresight,seen_test,perfect_foresight,0.1,2,2312,0.08727828719723182,0.0,0.01693762514916422,0.0,0.005796159872014299,735.661600000001,0,0,1597,269,5.684341886080802e-14,0.25485450897454653,0.99
seen,ASHP,4,perfect_foresight,seen_test,perfect_foresight,0.1,3,2312,0.08727828719723182,0.0,0.01693762514916422,0.0,0.005796159872014299,745.744400000001,0,0,1607,259,1.1368683772161603e-13,0.25485450897454653,0.99
seen,ASHP,4,perfect_foresight,seen_test,perfect_foresight,0.15,1,2312,0.11710036764705925,0.0,0.022800503975230098,0.0,0.007756050181435962,948.9904000000002,0,0,1479,387,1.1368683772161603e-13,0.25485450897454653,0.99
seen,ASHP,4,perfect_foresight,seen_test,perfect_foresight,0.15,2,2312,0.1246484212802772,0.0,0.024054056315712516,0.0,0.008505632184142048,1028.143400000001,0,0,1519,347,1.1368683772161603e-13,0.25485450897454653,0.99
seen,ASHP,4,perfect_foresight,seen_test,perfect_foresight,0.15,3,2312,0.1250695285467132,0.0,0.02411199021301746,0.0,0.008540524784203413,1040.9468500000007,0,0,1516,350,1.1368683772161603e-13,0.25485450897454653,0.99
seen,ASHP,4,perfect_foresight,seen_test,perfect_foresight,0.2,1,2312,0.1433792387543254,0.0,0.027787184611730187,0.0,0.009527513372744652,1181.3442000000014,0,0,1435,431,5.684341886080802e-14,0.25485450897454653,0.99
seen,ASHP,4,perfect_foresight,seen_test,perfect_foresight,0.2,2,2312,0.15416790657439478,0.0,0.029599193229589617,0.0,0.010573120303262311,1268.6884000000011,0,0,1455,411,5.684341886080802e-14,0.25485450897454653,0.99
seen,ASHP,4,perfect_foresight,seen_test,perfect_foresight,0.2,3,2312,0.1552467128027683,0.0,0.029781265129615594,0.0,0.010714827085888787,1276.2642000000017,0,0,1449,417,5.684341886080802e-14,0.25485450897454653,0.99
seen,ASHP,10,perfect_foresight,seen_test,perfect_foresight,0.05,1,2400,0.06683906666666678,0.0,0.007251807923167685,0.0,0.004057983001465099,1226.832099999999,0,0,3009,925,2.2737367544323206e-13,0.35804533222723206,0.99
seen,ASHP,10,perfect_foresight,seen_test,perfect_foresight,0.05,2,2400,0.07269063750000011,0.0,0.00779773929296251,0.0,0.004382826907015556,1356.4801899999993,0,0,3229,705,2.2737367544323206e-13,0.35804533222723206,0.99
seen,ASHP,10,perfect_foresight,seen_test,perfect_foresight,0.05,3,2400,0.07379234583333341,0.0,0.007900831079698654,0.0,0.004457656325958605,1404.7372699999987,0,0,3310,624,2.2737367544323206e-13,0.35804533222723206,0.99
seen,ASHP,10,perfect_foresight,seen_test,perfect_foresight,0.1,1,2400,0.11482646249999995,0.0,0.012446458911168069,0.0,0.00714634249847786,2091.80529,0,0,2778,1156,2.2737367544323206e-13,0.35804533222723206,0.99
seen,ASHP,10,perfect_foresight,seen_test,perfect_foresight,0.1,2,2400,0.13045371666666664,0.0,0.013955169393170496,0.0,0.008118155551527905,2267.8687,0,0,2847,1087,1.1368683772161603e-13,0.35804533222723206,0.99
seen,ASHP,10,perfect_foresight,seen_test,perfect_foresight,0.1,3,2400,0.13405475416666676,0.0,0.014295611993214068,0.0,0.008373650315837295,2316.060660000001,0,0,2853,1081,2.2737367544323206e-13,0.35804533222723206,0.99
seen,ASHP,10,perfect_foresight,seen_test,perfect_foresight,0.15,1,2400,0.13792377916666648,0.0,0.014917875093129588,0.0,0.008671038050565632,2767.521959999995,0,0,2620,1314,2.2737367544323206e-13,0.35804533222723206,0.99
seen,ASHP,10,perfect_foresight,seen_test,perfect_foresight,0.15,2,2400,0.1605347666666665,0.0,0.01711492025100635,0.0,0.010127421034442155,2948.8381499999973,0,0,2606,1328,2.2737367544323206e-13,0.35804533222723206,0.99
seen,ASHP,10,perfect_foresight,seen_test,perfect_foresight,0.15,3,2400,0.16689541249999987,0.0,0.017742441520491783,0.0,0.0106012265852074,2986.590099999997,0,0,2566,1368,2.2737367544323206e-13,0.35804533222723206,0.99
seen,ASHP,10,perfect_foresight,seen_test,perfect_foresight,0.2,1,2400,0.1434027374999998,0.0,0.015442805564680402,0.0,0.009009506501817744,3278.769009999996,0,0,2515,1419,2.2737367544323206e-13,0.35804533222723206,0.99
seen,ASHP,10,perfect_foresight,seen_test,perfect_foresight,0.2,2,2400,0.16718048749999984,0.0,0.01776396519921464,0.0,0.010502308346780799,3454.0161899999985,0,0,2394,1540,2.2737367544323206e-13,0.35804533222723206,0.99
seen,ASHP,10,perfect_foresight,seen_test,perfect_foresight,0.2,3,2400,0.17641353749999994,0.0,0.01869358775507593,0.0,0.011189441609298854,3502.571349999997,0,0,2359,1575,2.2737367544323206e-13,0.35804533222723206,0.99
seen,GSHP,4,perfect_foresight,seen_test,perfect_foresight,0.05,1,1150,0.023812095652173917,0.0,0.006403329578143428,0.0,0.0028971062741577893,82.80237000000002,0,0,455,3,2.842170943040401e-14,0.26255564077566856,0.99
seen,GSHP,4,perfect_foresight,seen_test,perfect_foresight,0.05,2,1150,0.02382413043478262,0.0,0.0064064425586423165,0.0,0.0028987630554811105,82.85326000000003,0,0,455,3,2.842170943040401e-14,0.26255564077566856,0.99
seen,GSHP,4,perfect_foresight,seen_test,perfect_foresight,0.05,3,1150,0.02382413043478262,0.0,0.0064064425586423165,0.0,0.0028987630554811105,82.85326000000003,0,0,455,3,2.842170943040401e-14,0.26255564077566856,0.99
seen,GSHP,4,perfect_foresight,seen_test,perfect_foresight,0.1,1,1150,0.04249579130434782,0.0,0.011363353587346331,0.0,0.005330945477524527,163.42830000000004,0,0,455,3,2.842170943040401e-14,0.26255564077566856,0.99
seen,GSHP,4,perfect_foresight,seen_test,perfect_foresight,0.1,2,1150,0.0423769391304348,0.0,0.011325871362854992,0.0,0.005297177984206299,164.56686000000005,0,0,455,3,2.842170943040401e-14,0.26255564077566856,0.99
seen,GSHP,4,perfect_foresight,seen_test,perfect_foresight,0.1,3,1150,0.0423769391304348,0.0,0.011325871362854992,0.0,0.005297177984206299,164.56686000000005,0,0,455,3,2.842170943040401e-14,0.26255564077566856,0.99
seen,GSHP,4,perfect_foresight,seen_test,perfect_foresight,0.15,1,1150,0.05138725217391316,0.0,0.013686898060486195,0.0,0.006408948405970556,238.9398699999998,0,0,449,9,2.842170943040401e-14,0.26255564077566856,0.99
seen,GSHP,4,perfect_foresight,seen_test,perfect_foresight,0.15,2,1150,0.05272635652173915,0.0,0.014024720017683885,0.0,0.006614850952424386,242.28058999999996,0,0,450,8,2.842170943040401e-14,0.26255564077566856,0.99
seen,GSHP,4,perfect_foresight,seen_test,perfect_foresight,0.15,3,1150,0.05272635652173915,0.0,0.014024720017683885,0.0,0.006614850952424386,243.14256999999998,0,0,450,8,2.842170943040401e-14,0.26255564077566856,0.99
seen,GSHP,4,perfect_foresight,seen_test,perfect_foresight,0.2,1,1150,0.053974260869565374,0.0,0.014359781357851088,0.0,0.006647198528261588,307.42801999999983,0,0,449,9,2.842170943040401e-14,0.26255564077566856,0.99
seen,GSHP,4,perfect_foresight,seen_test,perfect_foresight,0.2,2,1150,0.05469533913043492,0.0,0.014543112016974476,0.0,0.006692201582316744,313.82608,0,0,443,15,2.842170943040401e-14,0.26255564077566856,0.99
seen,GSHP,4,perfect_foresight,seen_test,perfect_foresight,0.2,3,1150,0.05522866086956532,0.0,0.014679480237309044,0.0,0.0067821226803274565,316.23224,0,0,445,13,2.842170943040401e-14,0.26255564077566856,0.99
seen,GSHP,5,perfect_foresight,seen_test,perfect_foresight,0.05,1,284,0.04223292253521125,0.0,0.011130257976284806,0.0,0.0036495421284526252,25.465050000000005,0,0,136,1,2.842170943040401e-14,0.22193947902327368,0.99
seen,GSHP,5,perfect_foresight,seen_test,perfect_foresight,0.05,2,284,0.04223292253521125,0.0,0.011130257976284806,0.0,0.0036495421284526252,25.465050000000005,0,0,136,1,2.842170943040401e-14,0.22193947902327368,0.99
seen,GSHP,5,perfect_foresight,seen_test,perfect_foresight,0.05,3,284,0.04223292253521125,0.0,0.011130257976284806,0.0,0.0036495421284526252,25.465050000000005,0,0,136,1,2.842170943040401e-14,0.22193947902327368,0.99
seen,GSHP,5,perfect_foresight,seen_test,perfect_foresight,0.1,1,284,0.06924330985915496,0.0,0.01811459439983511,0.0,0.006881634804434586,50.353100000000005,0,0,135,2,2.842170943040401e-14,0.22193947902327368,0.99
seen,GSHP,5,perfect_foresight,seen_test,perfect_foresight,0.1,2,284,0.06977500000000002,0.0,0.01823710364887775,0.0,0.0069581055739244705,50.416500000000006,0,0,135,2,2.842170943040401e-14,0.22193947902327368,0.99
seen,GSHP,5,perfect_foresight,seen_test,perfect_foresight,0.1,3,284,0.06977500000000002,0.0,0.01823710364887775,0.0,0.0069581055739244705,50.416500000000006,0,0,135,2,2.842170943040401e-14,0.22193947902327368,0.99
seen,GSHP,5,perfect_foresight,seen_test,perfect_foresight,0.15,1,284,0.08625739436619721,0.0,0.022474228405408612,0.0,0.00903876880655219,73.93849999999999,0,0,135,2,2.842170943040401e-14,0.22193947902327368,0.99
seen,GSHP,5,perfect_foresight,seen_test,perfect_foresight,0.15,2,284,0.08674330985915496,0.0,0.022586190500560165,0.0,0.009108424171967736,74.207,0,0,135,2,2.842170943040401e-14,0.22193947902327368,0.99
seen,GSHP,5,perfect_foresight,seen_test,perfect_foresight,0.15,3,284,0.08697042253521128,0.0,0.02264354218643298,0.0,0.009152412102576534,74.4626,0,0,135,2,2.842170943040401e-14,0.22193947902327368,0.99
seen,GSHP,5,perfect_foresight,seen_test,perfect_foresight,0.2,1,284,0.08786056338028173,0.0,0.022951168475903002,0.0,0.008960808545520293,93.78620000000001,0,0,134,3,2.842170943040401e-14,0.22193947902327368,0.99
seen,GSHP,5,perfect_foresight,seen_test,perfect_foresight,0.2,2,284,0.09268450704225355,0.0,0.02410906066238234,0.0,0.009735477856480506,95.90540000000001,0,0,133,4,2.842170943040401e-14,0.22193947902327368,0.99
seen,GSHP,5,perfect_foresight,seen_test,perfect_foresight,0.2,3,284,0.08959154929577469,0.0,0.023373239330774686,0.0,0.009239465185923043,94.4012,0,0,133,4,2.842170943040401e-14,0.22193947902327368,0.99
seen,mixed,4,perfect_foresight,seen_test,perfect_foresight,0.05,1,1288,0.024697864906832304,0.0,0.006242888150681009,0.0,0.0024775382697572804,80.35575000000003,0,0,424,18,5.684341886080802e-14,0.26130325287621625,0.99
seen,mixed,4,perfect_foresight,seen_test,perfect_foresight,0.05,2,1288,0.024697864906832304,0.0,0.006242888150681009,0.0,0.0024775382697572804,82.70155,0,0,434,8,5.684341886080802e-14,0.26130325287621625,0.99
seen,mixed,4,perfect_foresight,seen_test,perfect_foresight,0.05,3,1288,0.024697864906832304,0.0,0.006242888150681009,0.0,0.0024775382697572804,82.8478,0,0,434,8,5.684341886080802e-14,0.26130325287621625,0.99
seen,mixed,4,perfect_foresight,seen_test,perfect_foresight,0.1,1,1288,0.045448524844720485,0.0,0.01140930708491324,0.0,0.004642276754152883,155.33190000000005,0,0,421,21,5.684341886080802e-14,0.26130325287621625,0.99
seen,mixed,4,perfect_foresight,seen_test,perfect_foresight,0.1,2,1288,0.04567336956521738,0.0,0.01146277922073411,0.0,0.004683815674313984,160.13910000000004,0,0,423,19,5.684341886080802e-14,0.26130325287621625,0.99
seen,mixed,4,perfect_foresight,seen_test,perfect_foresight,0.1,3,1288,0.045714518633540355,0.0,0.011472706619605757,0.0,0.004692115512806772,161.95530000000002,0,0,426,16,5.684341886080802e-14,0.26130325287621625,0.99
seen,mixed,4,perfect_foresight,seen_test,perfect_foresight,0.15,1,1288,0.062389285714285765,0.0,0.015561214057430668,0.0,0.0064960692722419305,227.7132499999999,0,0,411,31,5.684341886080802e-14,0.26130325287621625,0.99
seen,mixed,4,perfect_foresight,seen_test,perfect_foresight,0.15,2,1288,0.06259658385093173,0.0,0.015610455596281313,0.0,0.006534145084892624,233.83954999999986,0,0,413,29,5.684341886080802e-14,0.26130325287621625,0.99
seen,mixed,4,perfect_foresight,seen_test,perfect_foresight,0.15,3,1288,0.0627130434782609,0.0,0.015638119382152465,0.0,0.0065563248834024715,236.1924499999999,0,0,418,24,5.684341886080802e-14,0.26130325287621625,0.99
seen,mixed,4,perfect_foresight,seen_test,perfect_foresight,0.2,1,1288,0.0731883540372671,0.0,0.018110453540029176,0.0,0.007686766644046125,295.78400000000005,0,0,409,33,5.684341886080802e-14,0.26130325287621625,0.99
seen,mixed,4,perfect_foresight,seen_test,perfect_foresight,0.2,2,1288,0.07465900621118013,0.0,0.018508718755289272,0.0,0.007916034134686762,305.0068,0,0,408,34,5.684341886080802e-14,0.26130325287621625,0.99
seen,mixed,4,perfect_foresight,seen_test,perfect_foresight,0.2,3,1288,0.07499922360248448,0.0,0.018584565592687424,0.0,0.007979513575633626,306.3106,0,0,413,29,5.684341886080802e-14,0.26130325287621625,0.99
seen,mixed,5,perfect_foresight,seen_test,perfect_foresight,0.05,1,1234,0.024838411669367906,0.0,0.004414663485305073,0.0,0.0023613950251563224,207.6283500000001,0,0,808,85,1.1368683772161603e-13,0.2969708251748879,0.99
seen,mixed,5,perfect_foresight,seen_test,perfect_foresight,0.05,2,1234,0.02569623176661265,0.0,0.004551221220549474,0.0,0.0024258179197273674,226.13720000000006,0,0,863,30,1.1368683772161603e-13,0.2969708251748879,0.99
seen,mixed,5,perfect_foresight,seen_test,perfect_foresight,0.05,3,1234,0.026085210696920588,0.0,0.0046042879231835716,0.0,0.0024519411168828584,225.43025000000011,0,0,861,32,1.1368683772161603e-13,0.2969708251748879,0.99
seen,mixed,5,perfect_foresight,seen_test,perfect_foresight,0.1,1,1234,0.04544132901134523,0.0,0.008058175186344722,0.0,0.004448888937329369,373.5022000000001,0,0,757,136,5.684341886080802e-14,0.2969708251748879,0.99
seen,mixed,5,perfect_foresight,seen_test,perfect_foresight,0.1,2,1234,0.04830478119935172,0.0,0.008557788511123736,0.0,0.004789229733078871,402.4767000000001,0,0,798,95,1.1368683772161603e-13,0.2969708251748879,0.99
seen,mixed,5,perfect_foresight,seen_test,perfect_foresight,0.1,3,1234,0.049662641815235026,0.0,0.008732820490052426,0.0,0.004852895561583453,391.8214,0,0,769,124,1.1368683772161603e-13,0.2969708251748879,0.99
seen,mixed,5,perfect_foresight,seen_test,perfect_foresight,0.15,1,1234,0.05678399513776337,0.0,0.010004337955568822,0.0,0.0056209917425377905,498.6763000000002,0,0,720,173,5.684341886080802e-14,0.2969708251748879,0.99
seen,mixed,5,perfect_foresight,seen_test,perfect_foresight,0.15,2,1234,0.062162925445705064,0.0,0.010939633435103737,0.0,0.006218853379809012,534.6146000000001,0,0,736,157,5.684341886080802e-14,0.2969708251748879,0.99
seen,mixed,5,perfect_foresight,seen_test,perfect_foresight,0.15,3,1234,0.06386081847649921,0.0,0.011147539776588531,0.0,0.006310109247421988,519.83795,0,0,699,194,5.684341886080802e-14,0.2969708251748879,0.99
seen,mixed,5,perfect_foresight,seen_test,perfect_foresight,0.2,1,1234,0.059803241491085894,0.0,0.010462634207128261,0.0,0.00594096669649105,590.4361999999998,0,0,677,216,5.684341886080802e-14,0.2969708251748879,0.99
seen,mixed,5,perfect_foresight,seen_test,perfect_foresight,0.2,2,1234,0.06760502431118315,0.0,0.011804390171938154,0.0,0.006770720288889402,629.4766000000001,0,0,686,207,5.684341886080802e-14,0.2969708251748879,0.99
seen,mixed,5,perfect_foresight,seen_test,perfect_foresight,0.2,3,1234,0.06883435980551054,0.0,0.011958013979569245,0.0,0.0068480178296493575,616.2932000000001,0,0,657,236,1.1368683772161603e-13,0.2969708251748879,0.99
seen,mixed,10,perfect_foresight,seen_test,perfect_foresight,0.05,1,1620,0.044689777777777856,0.0,0.005603487900463921,0.0,0.003148381603239369,517.0317900000001,0,0,1433,249,1.1368683772161603e-13,0.3463316087510941,0.99
seen,mixed,10,perfect_foresight,seen_test,perfect_foresight,0.05,2,1620,0.04890687037037042,0.0,0.006040989106093926,0.0,0.0034253878632855336,571.5784799999998,0,0,1545,137,2.2737367544323206e-13,0.3463316087510941,0.99
seen,mixed,10,perfect_foresight,seen_test,perfect_foresight,0.05,3,1620,0.049952759259259315,0.0,0.00615845829098081,0.0,0.003506281617986085,578.8637599999996,0,0,1560,122,1.1368683772161603e-13,0.3463316087510941,0.99
seen,mixed,10,perfect_foresight,seen_test,perfect_foresight,0.1,1,1620,0.07545411111111112,0.0,0.009481713064663588,0.0,0.005492765633364398,888.0195900000003,0,0,1320,362,2.2737367544323206e-13,0.3463316087510941,0.99
seen,mixed,10,perfect_foresight,seen_test,perfect_foresight,0.1,2,1620,0.0871181851851852,0.0,0.010739897151498009,0.0,0.0063190337836629955,968.3071499999998,0,0,1382,300,2.2737367544323206e-13,0.3463316087510941,0.99
seen,mixed,10,perfect_foresight,seen_test,perfect_foresight,0.1,3,1620,0.09101727777777785,0.0,0.011188844137247335,0.0,0.0066310135264452,964.2362299999999,0,0,1354,328,1.1368683772161603e-13,0.3463316087510941,0.99
seen,mixed,10,perfect_foresight,seen_test,perfect_foresight,0.15,1,1620,0.0895916790123456,0.0,0.011274653303071659,0.0,0.006588875823223853,1175.94857,0,0,1243,439,2.2737367544323206e-13,0.3463316087510941,0.99
seen,mixed,10,perfect_foresight,seen_test,perfect_foresight,0.15,2,1620,0.10825426543209876,0.0,0.01335509824591055,0.0,0.00800839588891104,1270.9867199999999,0,0,1256,426,1.1368683772161603e-13,0.3463316087510941,0.99
seen,mixed,10,perfect_foresight,seen_test,perfect_foresight,0.15,3,1620,0.11308044444444448,0.0,0.013901855533563066,0.0,0.00839006257188242,1261.23457,0,0,1215,467,1.1368683772161603e-13,0.3463316087510941,0.99
seen,mixed,10,perfect_foresight,seen_test,perfect_foresight,0.2,1,1620,0.09354365432098756,0.0,0.011741206349401494,0.0,0.006875900439042779,1400.3292500000005,0,0,1188,494,1.1368683772161603e-13,0.3463316087510941,0.99
seen,mixed,10,perfect_foresight,seen_test,perfect_foresight,0.2,2,1620,0.11398205555555553,0.0,0.01404794083671614,0.0,0.008452158987721616,1521.9925400000002,0,0,1181,501,1.1368683772161603e-13,0.3463316087510941,0.99
seen,mixed,10,perfect_foresight,seen_test,perfect_foresight,0.2,3,1620,0.1184591481481482,0.0,0.01454595227453017,0.0,0.00879511350504002,1498.9951200000005,0,0,1131,551,1.1368683772161603e-13,0.3463316087510941,0.99
unseen,ASHP,4,perfect_foresight,unseen_test,perfect_foresight,0.05,1,1028,0.00814941634241245,0.0,0.0018482490272373542,0.0,0.0009388299972860427,15.076349999999998,0,0,69,0,5.684341886080802e-14,0.29562868267857434,0.99
unseen,ASHP,4,perfect_foresight,unseen_test,perfect_foresight,0.05,2,1028,0.00814941634241245,0.0,0.0018482490272373542,0.0,0.0009388299972860427,15.076349999999998,0,0,69,0,5.684341886080802e-14,0.29562868267857434,0.99
unseen,ASHP,4,perfect_foresight,unseen_test,perfect_foresight,0.05,3,1028,0.00814941634241245,0.0,0.0018482490272373542,0.0,0.0009388299972860427,15.076349999999998,0,0,69,0,2.842170943040401e-14,0.29562868267857434,0.99
unseen,ASHP,4,perfect_foresight,unseen_test,perfect_foresight,0.1,1,1028,0.015360700389105062,0.0,0.003480093449054382,0.0,0.001843096891091751,30.152699999999996,0,0,69,0,5.684341886080802e-14,0.29562868267857434,0.99
unseen,ASHP,4,perfect_foresight,unseen_test,perfect_foresight,0.1,2,1028,0.015360700389105062,0.0,0.003480093449054382,0.0,0.001843096891091751,30.152699999999996,0,0,69,0,2.842170943040401e-14,0.29562868267857434,0.99
unseen,ASHP,4,perfect_foresight,unseen_test,perfect_foresight,0.1,3,1028,0.015360700389105062,0.0,0.003480093449054382,0.0,0.001843096891091751,30.152699999999996,0,0,69,0,2.842170943040401e-14,0.29562868267857434,0.99
unseen,ASHP,4,perfect_foresight,unseen_test,perfect_foresight,0.15,1,1028,0.020343725680933854,0.0,0.004602288275714543,0.0,0.0025085367442728157,45.229049999999994,0,0,69,0,2.842170943040401e-14,0.29562868267857434,0.99
unseen,ASHP,4,perfect_foresight,unseen_test,perfect_foresight,0.15,2,1028,0.020343725680933854,0.0,0.004602288275714543,0.0,0.0025085367442728157,45.229049999999994,0,0,69,0,2.842170943040401e-14,0.29562868267857434,0.99
unseen,ASHP,4,perfect_foresight,unseen_test,perfect_foresight,0.15,3,1028,0.019978939688715953,0.0,0.00452142239404354,0.0,0.00245451550519072,44.419799999999995,0,0,69,0,2.842170943040401e-14,0.29562868267857434,0.99
unseen,ASHP,4,perfect_foresight,unseen_test,perfect_foresight,0.2,1,1028,0.022007198443579762,0.0,0.004981228198361258,0.0,0.0027392196771553376,59.90279999999999,0,0,69,0,5.684341886080802e-14,0.29562868267857434,0.99
unseen,ASHP,4,perfect_foresight,unseen_test,perfect_foresight,0.2,2,1028,0.022007198443579762,0.0,0.004981228198361258,0.0,0.0027392196771553376,60.139799999999994,0,0,69,0,2.842170943040401e-14,0.29562868267857434,0.99
unseen,ASHP,4,perfect_foresight,unseen_test,perfect_foresight,0.2,3,1028,0.021067509727626454,0.0,0.004772917687176752,0.0,0.0026141056580340173,57.48239999999999,0,0,66,3,2.842170943040401e-14,0.29562868267857434,0.99
unseen,GSHP,4,perfect_foresight,unseen_test,perfect_foresight,0.05,1,360,0.09274166666666675,0.0,0.021744186046511595,0.0,0.008641340977265778,152.8573999999997,0,0,800,200,2.842170943040401e-14,0.26496513643952635,0.99
unseen,GSHP,4,perfect_foresight,unseen_test,perfect_foresight,0.05,2,360,0.09274166666666675,0.0,0.021744186046511595,0.0,0.008641340977265778,190.14599999999982,0,0,980,20,2.842170943040401e-14,0.26496513643952635,0.99
unseen,GSHP,4,perfect_foresight,unseen_test,perfect_foresight,0.05,3,360,0.09274166666666675,0.0,0.021744186046511595,0.0,0.008641340977265778,190.14599999999982,0,0,980,20,2.842170943040401e-14,0.26496513643952635,0.99
unseen,GSHP,4,perfect_foresight,unseen_test,perfect_foresight,0.1,1,360,0.16868888888888892,0.0,0.039450509283919605,0.0,0.01638246272086062,289.9215999999995,0,0,760,240,2.842170943040401e-14,0.26496513643952635,0.99
unseen,GSHP,4,perfect_foresight,unseen_test,perfect_foresight,0.1,2,360,0.17559444444444458,0.0,0.04118863049095599,0.0,0.01714378242773671,309.5847999999995,0,0,840,160,0.0,0.26496513643952635,0.99
unseen,GSHP,4,perfect_foresight,unseen_test,perfect_foresight,0.1,3,360,0.17559444444444458,0.0,0.04118863049095599,0.0,0.01714378242773671,380.29199999999963,0,0,980,20,2.842170943040401e-14,0.26496513643952635,0.99
unseen,GSHP,4,perfect_foresight,unseen_test,perfect_foresight,0.15,1,360,0.22590555555555542,0.0,0.05237742185222573,0.0,0.022699347881539704,417.57399999999933,0,0,740,260,2.842170943040401e-14,0.26496513643952635,0.99
unseen,GSHP,4,perfect_foresight,unseen_test,perfect_foresight,0.15,2,360,0.22586444444444384,0.0,0.052582663759648526,0.0,0.022591577401938817,396.1361999999989,0,0,740,260,0.0,0.26496513643952635,0.99
unseen,GSHP,4,perfect_foresight,unseen_test,perfect_foresight,0.15,3,360,0.23712777777777785,0.0,0.05520204360460987,0.0,0.023964050978004064,533.7519999999986,0,0,960,40,2.842170943040401e-14,0.26496513643952635,0.99
unseen,GSHP,4,perfect_foresight,unseen_test,perfect_foresight,0.2,1,360,0.25178444444444364,0.0,0.057851504082733714,0.0,0.0257081454666564,510.1639999999988,0,0,740,260,2.842170943040401e-14,0.26496513643952635,0.99
unseen,GSHP,4,perfect_foresight,unseen_test,perfect_foresight,0.2,2,360,0.24702222222222261,0.0,0.056646519267531,0.0,0.024934377156412228,475.4031999999995,0,0,660,340,0.0,0.26496513643952635,0.99
unseen,GSHP,4,perfect_foresight,unseen_test,perfect_foresight,0.2,3,360,0.2700222222222227,0.0,0.0619953564768333,0.0,0.027812813947919166,640.8655999999986,0,0,880,120,2.842170943040401e-14,0.26496513643952635,0.99
unseen,mixed,4,perfect_foresight,unseen_test,perfect_foresight,0.05,1,1290,0.06212465116279062,0.0,0.014501865092549176,0.0,0.006111729980231851,505.2333000000002,0,0,2580,330,5.684341886080802e-14,0.279813349536171,0.99
unseen,mixed,4,perfect_foresight,unseen_test,perfect_foresight,0.05,2,1290,0.06489341085271307,0.0,0.015082239604949602,0.0,0.006375208225537874,549.016,0,0,2756,154,5.684341886080802e-14,0.279813349536171,0.99
unseen,mixed,4,perfect_foresight,unseen_test,perfect_foresight,0.05,3,1290,0.06571131782945723,0.0,0.015233664337643263,0.0,0.006456689140125141,554.3991999999998,0,0,2779,131,5.684341886080802e-14,0.279813349536171,0.99
unseen,mixed,4,perfect_foresight,unseen_test,perfect_foresight,0.1,1,1290,0.109694031007752,0.0,0.02550683641345357,0.0,0.011095289600335533,942.6352999999998,0,0,2486,424,5.684341886080802e-14,0.279813349536171,0.99
unseen,mixed,4,perfect_foresight,unseen_test,perfect_foresight,0.1,2,1290,0.12119930232558133,0.0,0.027947047152471805,0.0,0.012275660382567822,1013.2492000000003,0,0,2604,306,5.684341886080802e-14,0.279813349536171,0.99
unseen,mixed,4,perfect_foresight,unseen_test,perfect_foresight,0.1,3,1290,0.12286496124030999,0.0,0.028270245095984133,0.0,0.01246473194868818,1014.7413000000005,0,0,2585,325,5.684341886080802e-14,0.279813349536171,0.99
unseen,mixed,4,perfect_foresight,unseen_test,perfect_foresight,0.15,1,1290,0.13959961240310065,0.0,0.03241292038884256,0.0,0.014370587236345765,1296.976499999999,0,0,2381,529,5.684341886080802e-14,0.279813349536171,0.99
unseen,mixed,4,perfect_foresight,unseen_test,perfect_foresight,0.15,2,1290,0.1613563953488372,0.0,0.03699398985645132,0.0,0.016737196867088307,1384.547,0,0,2431,479,5.684341886080802e-14,0.279813349536171,0.99
unseen,mixed,4,perfect_foresight,unseen_test,perfect_foresight,0.15,3,1290,0.16438135658914727,0.0,0.037650324769839344,0.0,0.017077655074105358,1408.6460499999991,0,0,2434,476,5.684341886080802e-14,0.279813349536171,0.99
unseen,mixed,4,perfect_foresight,unseen_test,perfect_foresight,0.2,1,1290,0.1533916279069769,0.0,0.035572011590707386,0.0,0.015997817315872482,1581.647600000001,0,0,2274,636,5.684341886080802e-14,0.279813349536171,0.99
unseen,mixed,4,perfect_foresight,unseen_test,perfect_foresight,0.2,2,1290,0.18441720930232566,0.0,0.04216342380763274,0.0,0.01947798764542763,1695.6343999999997,0,0,2287,623,5.684341886080802e-14,0.279813349536171,0.99
unseen,mixed,4,perfect_foresight,unseen_test,perfect_foresight,0.2,3,1290,0.18932775193798454,0.0,0.043237562991261996,0.0,0.020038144864031174,1728.5810000000001,0,0,2297,613,5.684341886080802e-14,0.279813349536171,0.99
unseen,mixed,5,perfect_foresight,unseen_test,perfect_foresight,0.05,1,578,0.034558391003460184,0.0,0.006177237644373816,0.0,0.0028779610887766853,70.42050000000003,0,0,265,4,5.684341886080802e-14,0.28641329423382655,0.99
unseen,mixed,5,perfect_foresight,unseen_test,perfect_foresight,0.05,2,578,0.034558391003460184,0.0,0.006177237644373816,0.0,0.0028779610887766853,71.45180000000003,0,0,268,1,5.684341886080802e-14,0.28641329423382655,0.99
unseen,mixed,5,perfect_foresight,unseen_test,perfect_foresight,0.05,3,578,0.034558391003460184,0.0,0.006177237644373816,0.0,0.0028779610887766853,71.60070000000005,0,0,268,1,5.684341886080802e-14,0.28641329423382655,0.99
unseen,mixed,5,perfect_foresight,unseen_test,perfect_foresight,0.1,1,578,0.0649463667820069,0.0,0.011535689801586452,0.0,0.005615360472516976,135.7302000000001,0,0,260,9,5.684341886080802e-14,0.28641329423382655,0.99
unseen,mixed,5,perfect_foresight,unseen_test,perfect_foresight,0.1,2,578,0.06545155709342558,0.0,0.011616210634719352,0.0,0.00566732585671955,140.0981000000001,0,0,264,5,5.684341886080802e-14,0.28641329423382655,0.99
unseen,mixed,5,perfect_foresight,unseen_test,perfect_foresight,0.1,3,578,0.06545155709342558,0.0,0.011616210634719352,0.0,0.00566732585671955,139.71560000000008,0,0,263,6,5.684341886080802e-14,0.28641329423382655,0.99
unseen,mixed,5,perfect_foresight,unseen_test,perfect_foresight,0.15,1,578,0.0889847750865052,0.0,0.0157304157270471,0.0,0.007951059508966078,190.7775000000001,0,0,257,12,5.684341886080802e-14,0.28641329423382655,0.99
unseen,mixed,5,perfect_foresight,unseen_test,perfect_foresight,0.15,2,578,0.09058754325259513,0.0,0.015992114244855322,0.0,0.008125641706555511,197.6899500000001,0,0,256,13,5.684341886080802e-14,0.28641329423382655,0.99
unseen,mixed,5,perfect_foresight,unseen_test,perfect_foresight,0.15,3,578,0.09135640138408302,0.0,0.016123858270127408,0.0,0.00820369318375516,195.1969000000001,0,0,252,17,5.684341886080802e-14,0.28641329423382655,0.99
unseen,mixed,5,perfect_foresight,unseen_test,perfect_foresight,0.2,1,578,0.104080276816609,0.0,0.018343731871101953,0.0,0.009530535476427515,240.6632000000002,0,0,246,23,1.1368683772161603e-13,0.28641329423382655,0.99
unseen,mixed,5,perfect_foresight,unseen_test,perfect_foresight,0.2,2,578,0.1061515570934256,0.0,0.018684209244077585,0.0,0.009771822694873604,248.6902000000002,0,0,245,24,5.684341886080802e-14,0.28641329423382655,0.99
unseen,mixed,5,perfect_foresight,unseen_test,perfect_foresight,0.2,3,578,0.10645743944636678,0.0,0.018734142308933423,0.0,0.009802442786862282,246.08160000000024,0,0,241,28,5.684341886080802e-14,0.28641329423382655,0.99
